name,essround,edition,proddate,idno,cntry,dweight,pspwght,pweight,anweight,ppltrst,pplfair,pplhlp,polintr,trstprl,trstplt,prtclgfr,happy,gndr,agea,eduyrs,hinctnta,prob,stratum,psu
ESS11e04_2,11,4.2,02.07.2026,50014,FR,1.0100054740905762,1.0533183813095093,3.184376906,3.354162728107303,5,5,2,2,7,5,66,6,1,48,17,8,1.209000838571228e-4,642,9591
ESS11e04_2,11,4.2,02.07.2026,50047,FR,0.9914074540138244,3.267432689666748,3.184376906,10.404737198884256,6,6,5,1,5,4,5,8,2,54,12,6,1.231680653290823e-4,642,9575
ESS11e04_2,11,4.2,02.07.2026,50131,FR,1.004305720329285,0.6781510710716248,3.184376906,2.1594886094996464,4,5,2,3,4,3,66,8,2,38,15,8,1.2158622121205552e-4,645,9399
ESS11e04_2,11,4.2,02.07.2026,50152,FR,1.0043915510177612,1.4738510847091677,3.184376906,4.693297357030922,0,6,4,4,0,0,66,7,2,1980,5,5,1.215758384205401e-4,660,9552
ESS11e04_2,11,4.2,02.07.2026,50160,FR,1.0017681121826172,0.6644619703292847,3.184376906,2.1158973532318313,5,6,6,3,88,3,66,9,1,37,15,8,1.2189422704977916e-4,653,9449
ESS11e04_2,11,4.2,02.07.2026,50190,FR,1.0102577209472656,0.7849147915840149,3.184376906,2.49946453549794,5,9,6,3,3,6,66,10,2,51,17,7,1.2086990318493918e-4,658,9387
ESS11e04_2,11,4.2,02.07.2026,50211,FR,0.9919002056121826,1.0865983963012695,3.184376906,3.4601388392783985,4,5,5,4,77,88,66,9,2,18,12,88,1.2310688907746226e-4,653,9453
ESS11e04_2,11,4.2,02.07.2026,50213,FR,1.0015629529953003,0.7202839255332947,3.184376906,2.293655498231247,5,6,6,4,0,0,9,8,2,71,18,9,1.2191920541226864e-4,652,9470
ESS11e04_2,11,4.2,02.07.2026,50214,FR,1.0028046369552612,1.1772866249084473,3.184376906,3.7489243401011434,7,8,7,3,4,5,66,8,1,-5,14,3,1.2176822201581672e-4,658,9569
ESS11e04_2,11,4.2,02.07.2026,50225,FR,1.0043915510177612,0.8987417817115784,3.184376906,2.8619325741396433,5,7,3,1,7,7,3,6,1,61,10,8,1.215758384205401e-4,660,9552
ESS11e04_2,11,4.2,02.07.2026,50236,FR,1.0117672681808472,0.8986819982528687,3.184376906,2.861742201074367,0,10,0,1,6,6,2,6,1,20,14,1,1.2068956129951404e-4,651,9371
ESS11e04_2,11,4.2,02.07.2026,50248,FR,1.0106914043426514,1.1810983419418335,3.184376906,3.7610622837944656,3,6,2,3,3,-1,66,6,2,78,9,2,1.2081803288310766e-4,649,9550
ESS11e04_2,11,4.2,02.07.2026,50252,FR,1.0074642896652222,0.7575218677520752,3.184376906,2.412235141459694,5,5,4,1,5,4,6,7,1,66,12,8,1.2120503379264846e-4,656,9424
ESS11e04_2,11,4.2,02.07.2026,50270,FR,0.9916536211967468,1.1494300365447998,3.184376906,3.660218463435996,3,4,1,2,5,3,9,8,1,83,12,5,1.231374917551875e-4,663,9379
ESS11e04_2,11,4.2,02.07.2026,50273,FR,0.996062397956848,1.192981839179993,3.184376906,3.7989038179621746,2,3,3,3,3,3,66,10,2,38,14,3,1.2259246432222426e-4,663,9562
ESS11e04_2,11,4.2,02.07.2026,50308,FR,0.9965704083442688,1.1448074579238892,3.184376906,3.645498430829399,7,8,4,3,7,5,66,9,1,1980,18,10,1.2252997839823365e-4,642,9582
ESS11e04_2,11,4.2,02.07.2026,50310,FR,0.989917814731598,0.8857904076576233,3.184376906,2.820690517701261,5,3,7,3,0,0,9,7,1,1980,10,7,1.2335341307334602e-4,659,9502
ESS11e04_2,11,4.2,02.07.2026,50367,FR,1.0037598609924316,1.1729981899261477,3.184376906,3.7352683467806256,4,7,7,4,5,5,66,5,2,90,5,4,1.2165234511485325e-4,649,9483
ESS11e04_2,11,4.2,02.07.2026,50391,FR,1.003911375999451,0.7548503875732422,3.184376906,2.4037281416733816,10,10,10,2,7,0,1,10,1,69,12,3,1.2163399514975026e-4,656,9418
ESS11e04_2,11,4.2,02.07.2026,50404,FR,0.998822033405304,1.6356302499771118,3.184376906,5.208463194782121,5,7,5,3,88,5,66,8,1,67,9,4,1.222537539433688e-4,642,9538
ESS11e04_2,11,4.2,02.07.2026,50408,FR,0.964946985244751,1.0129231214523315,3.184376906,3.2255289955062376,1,9,8,2,3,2,66,8,2,53,15,3,1.2654555030167103e-4,629,9318
ESS11e04_2,11,4.2,02.07.2026,50433,FR,0.9904276132583618,0.922405242919922,3.184376906,2.937285953527519,5,10,10,1,5,5,5,9,2,82,13,88,1.2328992306720463e-4,660,9375
ESS11e04_2,11,4.2,02.07.2026,50443,FR,1.005337476730347,0.7456384301185608,3.184376906,2.3743937970956397,8,8,8,1,5,6,3,9,2,70,12,5,1.2146145309088752e-4,648,9488
ESS11e04_2,11,4.2,02.07.2026,50445,FR,1.0037598609924316,1.198050856590271,3.184376906,3.815045479939577,6,7,5,1,60,4,5,7,1,56,12,8,1.2165234511485325e-4,649,9483
ESS11e04_2,11,4.2,02.07.2026,50446,FR,0.9916536211967468,1.1494300365447998,3.184376906,3.660218463435996,4,7,3,1,2,0,66,7,1,999,9,4,1.231374917551875e-4,663,9379
ESS11e04_2,11,4.2,02.07.2026,50465,FR,1.0046193599700928,0.8440397381782532,3.184376906,2.687740650001116,7,7,5,3,5,4,66,9,1,25,17,77,1.2154826254118234e-4,662,9270
ESS11e04_2,11,4.2,02.07.2026,50468,FR,1.0078994035720823,0.7207012176513672,3.184376906,2.294984313615093,5,7,6,3,2,6,66,8,1,66,9,7,1.2115270510548726e-4,662,9271
ESS11e04_2,11,4.2,02.07.2026,50530,FR,0.9981845021247864,1.1144200563430786,3.184376906,3.548733491002118,5,7,5,4,3,3,66,8,1,31,12,8,1.223318395204842e-4,662,9526
ESS11e04_2,11,4.2,02.07.2026,50547,FR,1.0047086477279663,0.8924131989479065,3.184376906,2.8417799813392968,5,5,2,4,6,3,66,7,1,23,15,4,1.215374722960405e-4,626,9310
ESS11e04_2,11,4.2,02.07.2026,50568,FR,0.9994892477989196,0.7146873474121094,3.184376906,2.27583388410952,2,8,6,3,5,5,66,7,1,58,8,4,1.221721468027681e-4,662,9529
ESS11e04_2,11,4.2,02.07.2026,50602,FR,0.98800528049469,0.5512250661849976,3.184376906,1.7553083707678276,7,3,3,2,5,2,66,7,1,65,20,9,1.235921954503283e-4,644,9473
ESS11e04_2,11,4.2,02.07.2026,50610,FR,0.9967845678329468,0.7800713777542114,3.184376906,2.484041280352113,5,8,6,1,77,7,5,7,2,63,12,7,1.225036394316703e-4,657,9570
ESS11e04_2,11,4.2,02.07.2026,50638,FR,0.992700219154358,1.3149733543395996,3.184376906,4.1873707815643755,6,6,4,2,4,4,2,6,2,21,-2,1,1.2300767411943525e-4,658,9566
ESS11e04_2,11,4.2,02.07.2026,50693,FR,0.9881000518798828,1.7019052505493164,3.184376906,5.419507776049387,4,8,5,2,5,4,66,7,2,20,15,88,1.235803501913324e-4,642,9593
ESS11e04_2,11,4.2,02.07.2026,50714,FR,0.9791849851608276,1.1168828010559082,3.184376906,3.5565757983910262,4,6,6,2,6,-1,3,8,2,28,18,10,1.247054897248745e-4,638,9343
ESS11e04_2,11,4.2,02.07.2026,50771,FR,0.9914478659629822,1.1833539009094238,3.184376906,3.7682448336809817,5,10,6,Not at all,0,3,9,8,1,76,9,7,1.2316305947024375e-4,648,9490
ESS11e04_2,11,4.2,02.07.2026,50789,FR,1.007404923439026,1.0506051778793335,3.184376906,3.3455228657629714,7,7,5,3,5,5,8,7,1,52,17,10,1.212121787830256e-4,642,9548
ESS11e04_2,11,4.2,02.07.2026,50811,FR,0.996065080165863,1.408393144607544,3.184376906,4.484854604256981,4,6,8,4,88,2,66,9,1,16,10,10,1.2259214418008924e-4,650,9510
ESS11e04_2,11,4.2,02.07.2026,50812,FR,0.989611029624939,1.7696226835250854,3.184376906,5.6351456057510285,1,1,2,4,0,2,66,4,2,28,7,6,1.2339165550656617e-4,647,9536
ESS11e04_2,11,4.2,02.07.2026,50826,FR,0.9971387982368468,1.3931171894073486,3.184376906,4.436210205300388,6,8,6,1,4,2,9,8,1,18,12,5,1.224601292051375e-4,659,9426
ESS11e04_2,11,4.2,02.07.2026,50827,FR,1.0051755905151367,0.9175834059715272,3.184376906,2.921931407304553,6,8,5,3,4,5,66,9,2,41,13,6,1.2148101086495444e-4,653,9460
ESS11e04_2,11,4.2,02.07.2026,50832,FR,0.994291365146637,1.2260206937789917,3.184376906,3.9041119835479186,5,8,5,8,77,2,10,5,2,74,9,5,1.2281083036214113e-4,656,9425
ESS11e04_2,11,4.2,02.07.2026,50841,FR,0.9876084923744202,0.7297055721282959,3.184376906,2.3236575720648625,6,6,6,4,5,6,66,7,2,36,77,6,1.236418611370027e-4,662,9511
ESS11e04_2,11,4.2,02.07.2026,50848,FR,0.9971608519554138,1.145485281944275,3.184376906,3.647656877986248,4,4,6,3,6,3,66,8,1,29,17,5,1.22457422548905e-4,642,9540
ESS11e04_2,11,4.2,02.07.2026,50903,FR,1.0065927505493164,0.5889489650726318,3.184376906,1.8754354831898896,3,5,5,3,3,88,66,7,1,55,11,7,1.2130996765336022e-4,643,9450
ESS11e04_2,11,4.2,02.07.2026,50913,FR,0.989614188671112,0.7980011105537415,3.184376906,2.541136307409687,8,7,6,1,6,5,88,7,99,36,17,8,1.23391262604855e-4,650,9508
ESS11e04_2,11,4.2,02.07.2026,50931,FR,0.9971608519554138,1.0399233102798462,3.184376906,3.3115077732662144,8,8,2,2,7,4,5,7,1,40,17,10,1.22457422548905e-4,642,9540
ESS11e04_2,11,4.2,02.07.2026,50940,FR,0.996062397956848,1.346948742866516,3.184376906,4.289192470349866,7,7,3,1,5,6,9,9,2,29,17,7,1.2259246432222426e-4,663,9562
ESS11e04_2,11,4.2,02.07.2026,50987,FR,0.9874551296234132,1.7743444442749023,3.184376906,5.650181471638403,3,6,3,4,4,3,66,6,1,999,9,88,1.2366105511318892e-4,648,9479
ESS11e04_2,11,4.2,02.07.2026,50994,FR,0.9863346219062804,1.189911127090454,3.184376906,3.7891255132992727,4,4,0,2,0,0,6,10,2,56,12,9,1.2380153930280358e-4,663,9380
ESS11e04_2,11,4.2,02.07.2026,51029,FR,1.0084747076034546,0.6269357204437256,3.184376906,1.996399629727472,3,6,7,2,6,7,66,7,2,61,14,3,1.2108359806006774e-4,645,9393
ESS11e04_2,11,4.2,02.07.2026,51054,FR,1.0119718313217163,0.6162539720535278,3.184376906,1.9623849168380232,2,6,2,8,3,88,1,7,2,79,10,2,1.2066517228959128e-4,643,9388
ESS11e04_2,11,4.2,02.07.2026,51059,FR,0.9966332912445068,1.1001098155975342,3.184376906,3.5031642908527063,6,6,7,4,0,0,66,8,2,-5,13,4,1.225222513312474e-4,658,9385
ESS11e04_2,11,4.2,02.07.2026,51096,FR,1.0119712352752686,0.7477068305015564,3.184376906,2.380980363507613,8,8,8,4,0,0,66,7,2,41,17,2,1.2066524504916742e-4,662,9402
ESS11e04_2,11,4.2,02.07.2026,51101,FR,0.9919002056121826,0.6167888641357422,3.184376906,1.964088214831829,7,8,8,2,7,1,88,8,1,60,12,6,1.2310688907746226e-4,653,9453
ESS11e04_2,11,4.2,02.07.2026,51102,FR,1.0029433965682983,0.838563084602356,3.184376906,2.6703009208318664,0,5,3,4,2,0,66,8,2,58,12,3,1.217513854498975e-4,646,9486
ESS11e04_2,11,4.2,02.07.2026,51112,FR,0.9970905184745787,0.6028136014938354,3.184376906,1.9195857112196568,10,9,9,3,5,5,4,9,2,35,16,8,1.2246605183463544e-4,643,9451
ESS11e04_2,11,4.2,02.07.2026,51119,FR,0.9919002056121826,0.905463695526123,3.184376906,2.8833376812548015,7,6,10,2,9,8,66,6,2,49,15,2,1.2310688907746226e-4,653,9453
ESS11e04_2,11,4.2,02.07.2026,51146,FR,0.9938450455665588,1.1614118814468384,3.184376906,3.6983731736333216,3,10,10,1,8,10,66,10,2,59,9,1,1.2286598212085664e-4,648,9476
ESS11e04_2,11,4.2,02.07.2026,51178,FR,0.9925981760025024,0.7570875287055969,3.184376906,2.4108520422307147,3,4,5,2,3,2,3,6,1,35,17,77,1.230203197337687e-4,632,9328
ESS11e04_2,11,4.2,02.07.2026,51190,FR,1.003796100616455,0.7282077074050903,3.184376906,2.3188878062319747,7,3,4,2,4,1,1,8,2,27,150,88,1.2164795771241188e-4,653,9456
ESS11e04_2,11,4.2,02.07.2026,51192,FR,0.994291365146637,1.1672917604446411,3.184376906,3.7170969245239993,6,6,3,8,4,5,5,8,1,18,77,8,1.2281083036214113e-4,656,9425
ESS11e04_2,11,4.2,02.07.2026,51200,FR,0.993111491203308,0.9128540754318236,3.184376906,2.9068714363530814,3,10,8,3,3,5,77,8,2,53,12,7,1.2295672786422074e-4,654,9410
ESS11e04_2,11,4.2,02.07.2026,51216,FR,1.0063419342041016,0.7489467859268188,3.184376906,2.3849288489282876,0,8,6,4,5,88,66,8,2,62,12,2,1.2134021380916238e-4,662,9513
ESS11e04_2,11,4.2,02.07.2026,51221,FR,1.0017054080963137,0.9316734671592712,3.184376906,2.9667994727549325,5,7,7,2,7,6,5,8,2,84,15,7,1.219018449774012e-4,642,9599
ESS11e04_2,11,4.2,02.07.2026,51256,FR,1.000116229057312,1.4819931983947754,3.184376906,4.7192249158173984,7,7,7,1,6,3,66,7,1,43,14,10,1.2209556007292122e-4,663,9556
ESS11e04_2,11,4.2,02.07.2026,51259,FR,1.003327250480652,2.7169854640960693,3.184376906,8.651905765805214,5,6,6,3,5,2,66,9,2,54,10,7,1.217048047692515e-4,647,9532
ESS11e04_2,11,4.2,02.07.2026,51285,FR,1.003796100616455,0.5937939882278442,3.184376906,1.890863863034383,6,6,5,1,7,7,5,10,2,62,16,9,1.2164795771241188e-4,653,9456
ESS11e04_2,11,4.2,02.07.2026,51297,FR,0.9988994002342224,0.9789068102836608,3.184376906,3.117208239793413,5,7,4,4,5,6,3,7,1,79,150,3,1.2224429519847035e-4,643,9452
ESS11e04_2,11,4.2,02.07.2026,51308,FR,0.990227222442627,0.6155924201011658,3.184376906,1.9602782860788024,6,8,6,1,7,7,66,8,3,77,14,8,1.233148796018213e-4,645,9518
ESS11e04_2,11,4.2,02.07.2026,51345,FR,1.0037598609924316,1.1729981899261477,3.184376906,3.7352683467806256,5,5,1,3,3,0,5,8,2,65,11,7,1.2165234511485325e-4,649,9483
ESS11e04_2,11,4.2,02.07.2026,51360,FR,0.9947951436042786,0.8298768997192383,3.184376906,2.64264083428882,7,9,6,4,4,3,66,6,2,999,15,6,1.227486354764551e-4,662,9514
ESS11e04_2,11,4.2,02.07.2026,51393,FR,0.9978333115577698,1.0153752565383911,3.184376906,3.233337517844678,5,7,3,4,0,5,66,8,2,-5,12,5,1.2237489863764495e-4,649,9484
ESS11e04_2,11,4.2,02.07.2026,51400,FR,0.9997414350509644,0.7386706471443176,3.184376906,2.3522057499064397,4,8,6,2,7,7,5,8,2,-5,88,10,1.2214132584631443e-4,662,9527
ESS11e04_2,11,4.2,02.07.2026,51406,FR,0.993111491203308,0.6425255537033081,3.184376906,2.046043534727677,7,7,7,2,5,4,5,9,2,-5,16,88,1.2295672786422074e-4,654,9410
ESS11e04_2,11,4.2,02.07.2026,51414,FR,0.9924787282943726,0.7808934450149536,3.184376906,2.486659052352399,5,4,2,4,1,1,66,9,2,59,150,77,1.2303511903155595e-4,652,9571
ESS11e04_2,11,4.2,02.07.2026,51415,FR,0.989611029624939,1.0163171291351318,3.184376906,3.2363367951901334,3,7,5,3,3,2,66,7,1,37,9,6,1.2339165550656617e-4,647,9536
ESS11e04_2,11,4.2,02.07.2026,51440,FR,1.013024926185608,0.9254328012466432,3.184376906,2.946926840344698,3,8,3,4,77,0,66,5,1,22,12,8,1.2053972022840752e-4,643,9435
ESS11e04_2,11,4.2,02.07.2026,51521,FR,1.0036118030548096,1.176852822303772,3.184376906,3.747542949105053,1,5,4,2,1,1,66,6,2,58,9,8,1.2167030217824504e-4,661,9323
ESS11e04_2,11,4.2,02.07.2026,51555,FR,1.0008659362792969,0.7395005822181702,3.184376906,2.354848575989095,4,8,5,Not at all,0,0,66,8,2,41,15,7,1.2200409400975332e-4,662,9444
ESS11e04_2,11,4.2,02.07.2026,51567,FR,0.9924951195716858,1.0943927764892578,3.184376906,3.484959083545612,5,7,4,1,5,0,1,7,2,58,20,10,1.230330963153392e-4,620,9256
ESS11e04_2,11,4.2,02.07.2026,51633,FR,1.0047086477279663,1.1858854293823242,3.184376906,3.776306174486967,0,0,0,2,10,5,5,10,1,28,12,8,1.215374722960405e-4,626,9311
ESS11e04_2,11,4.2,02.07.2026,51680,FR,0.9979729652404784,0.6406455636024475,3.184376906,2.040056937666988,6,9,5,2,2,88,3,8,1,76,14,7,1.2235777103342116e-4,656,9417
ESS11e04_2,11,4.2,02.07.2026,51713,FR,0.9917095899581908,1.1705430746078491,3.184376906,3.7274503342594696,6,6,7,3,4,4,66,9,1,27,11,4,1.2313055049162358e-4,652,9464
ESS11e04_2,11,4.2,02.07.2026,51731,FR,0.9883663058280944,2.518685102462769,3.184376906,8.020442673768683,4,5,6,4,2,4,9,5,2,35,9,4,1.235470554092899e-4,651,9367
ESS11e04_2,11,4.2,02.07.2026,51734,FR,0.9914260506629944,0.647882342338562,3.184376906,2.063101568748103,5,8,3,3,50,5,3,7,1,65,10,4,1.2316576612647623e-4,644,9519
ESS11e04_2,11,4.2,02.07.2026,51739,FR,0.990239143371582,0.7693613171577454,3.184376906,2.4499364107268655,4,8,6,3,2,2,66,6,2,38,20,8,1.23313395306468e-4,656,9423
ESS11e04_2,11,4.2,02.07.2026,51757,FR,1.007209300994873,0.8091176748275757,3.184376906,2.5765356379573494,4,7,0,3,0,99,9,10,1,56,-2,4,1.2123571650590748e-4,647,9404
ESS11e04_2,11,4.2,02.07.2026,51773,FR,1.0011167526245115,0.6268347501754761,3.184376906,1.9960781023370653,2,3,2,2,1,1,66,7,1,56,77,6,1.2197353498777376e-4,654,9409
ESS11e04_2,11,4.2,02.07.2026,51840,FR,0.9893606901168824,0.7050237059593201,3.184376906,2.2450612074393934,3,3,3,4,2,2,88,8,1,61,15,2,1.2342288391664624e-4,649,9299
ESS11e04_2,11,4.2,02.07.2026,51845,FR,1.0089750289916992,0.6919993758201599,3.184376906,2.2035868313281317,7,7,0,8,4,5,66,6,1,64,17,6,1.2102354958187787e-4,646,9487
ESS11e04_2,11,4.2,02.07.2026,51878,FR,0.9958574175834656,1.3262736797332764,3.184376906,4.223355276778285,4,8,0,4,10,10,66,7,2,30,14,6,1.2261769734323025e-4,650,9504
ESS11e04_2,11,4.2,02.07.2026,51901,FR,0.993557333946228,1.0884145498275757,3.184376906,3.465922156625318,0,0,0,4,0,1,66,10,2,30,11,6,1.2290156155359e-4,653,9525
ESS11e04_2,11,4.2,02.07.2026,51905,FR,0.9994892477989196,0.7438477873802185,3.184376906,2.368691715712766,3,8,8,3,7,-1,66,7,2,88,12,1,1.221721468027681e-4,662,9529
ESS11e04_2,11,4.2,02.07.2026,51911,FR,0.9976764917373656,1.2301952838897705,3.184376906,3.917405451888699,5,5,6,3,5,5,66,5,99,60,9,6,1.2239412171766162e-4,657,9396
ESS11e04_2,11,4.2,02.07.2026,51951,FR,0.9882932901382446,1.3364440202713013,3.184376906,4.255741474313727,5,7,3,4,2,0,66,8,2,32,14,3,1.2355617946013808e-4,663,9561
ESS11e04_2,11,4.2,02.07.2026,51959,FR,0.9914074540138244,1.2391574382781982,3.184376906,3.945944329351214,7,7,7,4,3,0,66,8,1,42,150,10,1.231680653290823e-4,642,9575
ESS11e04_2,11,4.2,02.07.2026,51995,FR,0.9983616471290588,1.4522700309753418,3.184376906,4.624575147913783,8,8,6,9,7,7,88,7,2,17,12,88,1.2231012806296349e-4,644,9572
ESS11e04_2,11,4.2,02.07.2026,52033,FR,1.005853295326233,1.1808654069900513,3.184376906,3.76032053111341,6,7,6,3,8,5,77,7,1,20,14,9,1.2139916361775248e-4,656,9442
ESS11e04_2,11,4.2,02.07.2026,52062,FR,1.006980061531067,2.005746841430664,3.184376906,6.3870539211342505,2,6,3,4,5,2,66,8,2,999,9,5,1.2126332148909567e-4,659,9413
ESS11e04_2,11,4.2,02.07.2026,52063,FR,1.0121078491210938,1.4526593685150146,3.184376906,4.625814945383756,4,6,3,3,1,1,3,10,2,46,12,3,1.2064893235219644e-4,642,9541
ESS11e04_2,11,4.2,02.07.2026,52065,FR,1.012199640274048,1.622878909111023,3.184376906,5.167858119407614,5,8,4,3,3,2,66,7,99,78,9,4,1.2063800386385992e-4,642,9595
ESS11e04_2,11,4.2,02.07.2026,52068,FR,0.9976147413253784,1.0078332424163818,3.184376906,3.209320902249826,3,5,3,1,0,0,66,7,2,40,20,77,1.224017032654956e-4,635,9334
ESS11e04_2,11,4.2,02.07.2026,52115,FR,0.9971608519554138,1.598766207695007,3.184376906,5.0910741898771805,3,7,8,4,3,88,66,7,2,64,150,77,1.22457422548905e-4,642,9540
ESS11e04_2,11,4.2,02.07.2026,52117,FR,1.000601291656494,1.3946107625961304,3.184376906,4.440966305270166,7,8,3,3,5,6,66,9,2,16,10,6,1.2203637015772983e-4,654,9430
ESS11e04_2,11,4.2,02.07.2026,52162,FR,1.0172017812728882,1.0066159963607788,3.184376906,3.205444732021444,3,8,5,1,5,1,77,7,1,77,15,77,1.2004476593574508e-4,666,9264
ESS11e04_2,11,4.2,02.07.2026,52168,FR,0.9970020055770874,1.3578195571899414,3.184376906,4.323809240430795,8,9,6,Not at all,7,5,2,9,3,33,15,5,1.2247693666722623e-4,622,9283
ESS11e04_2,11,4.2,02.07.2026,52286,FR,0.9887039065361024,0.9025464653968812,3.184376906,2.8740481210017563,7,8,7,4,3,5,66,9,2,53,11,2,1.2350486940704286e-4,653,9564
ESS11e04_2,11,4.2,02.07.2026,52291,FR,0.9937158823013306,1.0111852884292605,3.184376906,3.2199950801610853,4,5,3,4,2,2,66,7,2,61,12,4,1.2288194557186216e-4,646,9457
ESS11e04_2,11,4.2,02.07.2026,52293,FR,1.0015689134597778,2.405928134918213,3.184376906,7.661381990329208,5,5,5,3,0,0,88,7,99,49,14,5,1.2191847781650722e-4,648,9491
ESS11e04_2,11,4.2,02.07.2026,52315,FR,0.996065080165863,0.7837151885032654,3.184376906,2.495644547151235,7,8,4,2,5,99,66,7,2,65,-2,6,1.2259214418008924e-4,650,9510
ESS11e04_2,11,4.2,02.07.2026,52323,FR,0.9988994002342224,0.8579872250556946,3.184376906,2.732154705110378,6,6,7,3,4,5,66,8,2,45,14,8,1.2224429519847035e-4,643,9452
ESS11e04_2,11,4.2,02.07.2026,52339,FR,0.9971387982368468,1.0409469604492188,3.184376906,3.3147674612253875,3,5,4,3,880,99,66,9,2,26,20,88,1.224601292051375e-4,659,9426
ESS11e04_2,11,4.2,02.07.2026,52342,FR,0.9937443733215332,1.0112147331237793,3.184376906,3.220088843166316,5,5,5,9,0,2,66,8,2,59,12,77,1.228784240083769e-4,642,9589
ESS11e04_2,11,4.2,02.07.2026,52373,FR,0.9953275322914124,0.9731227159500122,3.184376906,3.0987895033752166,5,5,5,3,4,4,66,5,1,59,150,5,1.226829772349447e-4,642,9584
ESS11e04_2,11,4.2,02.07.2026,52480,FR,0.997926652431488,0.6765033006668091,3.184376906,2.154241487476161,8,8,8,2,3,4,3,7,2,60,14,3,1.2236344628036022e-4,648,9480
ESS11e04_2,11,4.2,02.07.2026,52530,FR,0.994799554347992,0.7561700344085693,3.184376906,2.4079303945798736,5,3,4,4,99,4,9,9,1,39,15,8,1.2274809705559164e-4,648,9489
ESS11e04_2,11,4.2,02.07.2026,52534,FR,1.0081826448440552,0.6133686304092407,3.184376906,1.9531969015400352,6,7,5,3,8,7,66,10,1,68,20,77,1.2111867545172572e-4,648,9493
ESS11e04_2,11,4.2,02.07.2026,52536,FR,0.9962031841278076,0.6022778153419495,3.184376906,1.917879566171036,7,8,8,3,7,5,66,10,2,46,16,8,1.2257513299118727e-4,643,9390
ESS11e04_2,11,4.2,02.07.2026,52547,FR,1.0065141916275024,1.1816413402557373,3.184376906,3.762791395085258,5,5,5,3,0,3,9,7,1,21,13,2,1.2131945550208913e-4,656,9398
ESS11e04_2,11,4.2,02.07.2026,52616,FR,1.0015629529953003,0.8076350092887878,3.184376906,2.5718142720563115,5,7,2,1,7,4,5,3,1,46,17,9,1.2191920541226864e-4,652,9470
ESS11e04_2,11,4.2,02.07.2026,52649,FR,1.0045478343963623,0.7185531258583069,3.184376906,2.2881439797173035,7,8,6,2,3,99,77,7,2,55,15,2,1.2155692093074322e-4,658,9386
ESS11e04_2,11,4.2,02.07.2026,52663,FR,0.993557333946228,0.5274662375450134,3.184376906,1.6796513055330509,8,9,7,8,80,8,77,9,1,65,18,9,1.2290156155359e-4,653,9525
ESS11e04_2,11,4.2,02.07.2026,52690,FR,1.0070327520370483,1.1712381839752195,3.184376906,3.7296638244760687,6,7,8,4,8,5,66,8,1,16,11,9,1.2125697685405612e-4,653,9448
ESS11e04_2,11,4.2,02.07.2026,52716,FR,1.0106914043426514,1.2063231468200684,3.184376906,3.8413875699070728,6,7,9,4,7,5,66,6,1,73,5,77,1.2081803288310766e-4,649,9550
ESS11e04_2,11,4.2,02.07.2026,52724,FR,0.996854603290558,1.0070655345916748,3.184376906,3.206876231182273,6,7,4,3,3,2,66,10,2,1980,20,10,1.2249503924977034e-4,642,9537
ESS11e04_2,11,4.2,02.07.2026,52738,FR,1.0079792737960815,0.7182914614677429,3.184376906,2.2873107416748693,5,7,5,3,2,4,66,10,1,60,12,77,1.2114311539335176e-4,648,9494
ESS11e04_2,11,4.2,02.07.2026,52762,FR,0.9883246421813964,0.7776243090629578,3.184376906,2.476248891324289,7,5,3,2,3,2,3,7,2,55,15,10,1.2355225044302642e-4,652,9461
ESS11e04_2,11,4.2,02.07.2026,52791,FR,1.0065927505493164,0.5889489650726318,3.184376906,1.8754354831898896,5,5,3,Not at all,6,3,77,5,1,76,13,7,1.2130996765336022e-4,643,9450
ESS11e04_2,11,4.2,02.07.2026,52815,FR,0.997926652431488,0.9091185927391052,3.184376906,2.8949762515336257,6,8,3,1,2,2,9,8,1,46,13,7,1.2236344628036022e-4,648,9480
ESS11e04_2,11,4.2,02.07.2026,52833,FR,1.0070327520370483,0.5957081317901611,3.184376906,1.896959217588993,7,9,5,1,1,1,2,3,2,62,14,5,1.2125697685405612e-4,653,9448
ESS11e04_2,11,4.2,02.07.2026,52853,FR,0.9933843016624452,1.0965237617492676,3.184376906,3.4917449437946138,5,5,5,4,5,-1,66,9,2,999,13,5,1.2292296742089093e-4,657,9391
ESS11e04_2,11,4.2,02.07.2026,52878,FR,0.9919002056121826,1.0114731788635254,3.184376906,3.220911831811417,0,10,8,Not at all,2,88,66,3,2,73,9,2,1.2310688907746226e-4,653,9453
ESS11e04_2,11,4.2,02.07.2026,52888,FR,1.000116229057312,1.3620588779449463,3.184376906,4.337308835540159,5,5,5,2,3,88,88,8,1,28,16,4,1.2209556007292122e-4,663,9556
ESS11e04_2,11,4.2,02.07.2026,52897,FR,1.0054736137390137,1.3401508331298828,3.184376906,4.267545363575458,4,6,8,8,6,3,66,8,1,18,12,88,1.2144500942667946e-4,648,9495
ESS11e04_2,11,4.2,02.07.2026,52936,FR,0.9891202449798584,0.75443434715271,3.184376906,2.4024033121662765,7,8,6,3,5,3,4,10,999,51,16,10,1.234528899658471e-4,662,9528
ESS11e04_2,11,4.2,02.07.2026,52948,FR,0.9999796152114868,1.0102224349975586,3.184376906,3.2169289919293114,7,9,7,3,5,99,66,8,2,43,17,8,1.2211223656777292e-4,642,9602
ESS11e04_2,11,4.2,02.07.2026,52964,FR,0.9977903366088868,1.2369754314422607,3.184376906,3.9389959971741217,5,6,4,3,5,5,66,8,2,90,5,3,1.2238016643095762e-4,652,9468
ESS11e04_2,11,4.2,02.07.2026,52975,FR,1.0091317892074585,1.738132357597351,3.184376906,5.534868539104338,5,5,8,3,5,1,66,5,2,20,15,77,1.2100476305931808e-4,642,9594
ESS11e04_2,11,4.2,02.07.2026,53016,FR,1.0119712352752686,0.8502152562141418,3.184376906,2.707405827017186,0,5,0,9,77,2,66,9,1,22,14,7,1.2066524504916742e-4,662,9402
ESS11e04_2,11,4.2,02.07.2026,53029,FR,1.009801149368286,0.92180597782135,3.184376906,2.9353776675870553,3,3,3,4,5,5,66,4,2,42,10,3,1.2092453835066408e-4,653,9455
ESS11e04_2,11,4.2,02.07.2026,53041,FR,0.9981845021247864,1.1954864263534546,3.184376906,3.8068793675164105,8,8,3,2,5,5,8,2,1,84,77,4,1.223318395204842e-4,662,9526
ESS11e04_2,11,4.2,02.07.2026,53045,FR,0.9964633584022522,0.8850884437561035,3.184376906,2.818455200064416,5,7,3,9,99,3,66,7,1,23,150,1,1.225431333296001e-4,650,9505
ESS11e04_2,11,4.2,02.07.2026,53049,FR,1.0081826448440552,0.7423573732376099,3.184376906,2.363945675336667,7,5,7,2,4,5,9,8,2,45,16,9,1.2111867545172572e-4,648,9493
ESS11e04_2,11,4.2,02.07.2026,53062,FR,0.9922994375228882,0.912106990814209,3.184376906,2.904492437349921,3,5,4,2,8,99,66,9,2,46,14,8,1.230573543580249e-4,654,9407
ESS11e04_2,11,4.2,02.07.2026,53079,FR,1.0084651708602903,1.0261939764022827,3.184376906,3.267788399531738,3,7,7,3,2,3,88,9,2,-5,12,9,1.2108474766137078e-4,646,9458
ESS11e04_2,11,4.2,02.07.2026,53100,FR,1.0016851425170898,0.7162580490112305,3.184376906,2.280835590007978,5,7,5,1,2,88,2,5,3,72,12,6,1.219043115270324e-4,661,9497
ESS11e04_2,11,4.2,02.07.2026,53122,FR,1.0051031112670898,0.9661593437194824,3.184376906,3.076615501656436,5,7,5,4,2,0,66,5,1,37,77,2,1.2148975656600668e-4,656,9419
ESS11e04_2,11,4.2,02.07.2026,53145,FR,1.003964900970459,0.7548908591270447,3.184376906,2.4038570183546604,5,3,2,1,3,2,31,9,1,72,12,8,1.216274977196008e-4,656,9441
ESS11e04_2,11,4.2,02.07.2026,53154,FR,0.9937158823013306,2.1626532077789307,3.184376906,6.886702930538046,7,5,6,4,88,-1,66,5,2,16,9,88,1.2288194557186216e-4,646,9457
ESS11e04_2,11,4.2,02.07.2026,53158,FR,0.9881000518798828,0.824774980545044,3.184376906,2.6263944006942372,7,7,4,2,7,7,66,7,1,61,17,10,1.235803501913324e-4,642,9593
ESS11e04_2,11,4.2,02.07.2026,53159,FR,0.9926573038101196,0.917815923690796,3.184376906,2.9226718313600286,1,8,6,3,5,4,66,8,2,42,19,77,1.230129855684936e-4,659,9373
ESS11e04_2,11,4.2,02.07.2026,53193,FR,1.0021493434906006,2.1152076721191406,3.184376906,6.735618462490211,4,5,6,2,2,3,66,5,2,53,9,2,1.2184785737190396e-4,654,9466
ESS11e04_2,11,4.2,02.07.2026,53208,FR,0.9958574175834656,0.7528356909751892,3.184376906,2.397312588353945,0,7,2,Not at all,5,4,4,10,1,60,12,7,1.2261769734323025e-4,650,9504
ESS11e04_2,11,4.2,02.07.2026,53236,FR,0.9893606901168824,0.7050237059593201,3.184376906,2.2450612074393934,2,5,5,4,5,0,9,5,1,68,10,77,1.2342288391664624e-4,649,9299
ESS11e04_2,11,4.2,02.07.2026,53278,FR,0.9934048652648926,0.795183539390564,3.184376906,2.532164098866653,7,9,5,2,6,4,66,9,1,999,12,8,1.2292042083572596e-4,654,9408
ESS11e04_2,11,4.2,02.07.2026,53305,FR,0.9876084923744202,0.7297055721282959,3.184376906,2.3236575720648625,7,7,7,3,7,6,66,9,2,46,15,10,1.236418611370027e-4,662,9511
ESS11e04_2,11,4.2,02.07.2026,53315,FR,0.9986799359321594,0.724496603012085,3.184376906,2.3070702511071333,5,8,6,3,5,7,66,10,2,27,14,4,1.2227115803398192e-4,653,9563
ESS11e04_2,11,4.2,02.07.2026,53337,FR,1.0048445463180542,0.6503309607505798,3.184376906,2.070898892670938,5,6,4,2,1,2,8,8,2,74,9,5,1.2152102863183244e-4,653,9565
ESS11e04_2,11,4.2,02.07.2026,53365,FR,0.9868563413619996,0.6386887431144714,3.184376906,2.033825683695889,4,6,2,2,8,5,66,5,2,57,12,6,1.2373608478810638e-4,653,9522
ESS11e04_2,11,4.2,02.07.2026,53368,FR,1.0047086477279663,0.7905157208442688,3.184376906,2.5173000052864323,5,5,3,4,0,5,66,0,2,73,11,4,1.215374722960405e-4,626,9308
ESS11e04_2,11,4.2,02.07.2026,53377,FR,0.9917095899581908,0.9584300518035888,3.184376906,3.052002522979732,1,8,5,3,2,1,9,10,1,50,13,8,1.2313055049162358e-4,652,9464
ESS11e04_2,11,4.2,02.07.2026,53380,FR,0.9882932901382446,1.878569483757019,3.184376906,5.982073280392193,6,3,2,3,3,6,66,5,2,79,12,5,1.2355617946013808e-4,663,9561
ESS11e04_2,11,4.2,02.07.2026,53390,FR,0.99581378698349,0.9207349419593812,3.184376906,2.9319670857227034,5,8,4,3,3,2,4,8,2,35,18,6,1.2262306699994951e-4,659,9503
ESS11e04_2,11,4.2,02.07.2026,53391,FR,0.9936885833740234,1.141497015953064,3.184376906,3.63495673586885,6,5,3,3,6,6,66,7,1,29,18,7,1.2288532161619514e-4,624,9290
ESS11e04_2,11,4.2,02.07.2026,53398,FR,0.9887039065361024,0.6148003935813904,3.184376906,1.95775617512029,6,8,3,8,0,0,8,7,1,56,11,7,1.2350486940704286e-4,653,9564
ESS11e04_2,11,4.2,02.07.2026,53420,FR,0.9921272993087769,1.9261322021484375,3.184376906,6.133530902424408,8,7,5,3,77,99,66,6,1,68,10,88,1.230787020176649e-4,663,9377
ESS11e04_2,11,4.2,02.07.2026,53421,FR,1.011772871017456,0.989201009273529,3.184376906,3.1499888493225177,5,7,4,2,5,6,66,8,1,58,11,8,1.2068889191141352e-4,642,9577
ESS11e04_2,11,4.2,02.07.2026,53425,FR,0.9878065586090088,0.5244125723838806,3.184376906,1.6699272847152826,6,7,6,3,6,5,4,9,1,67,18,8,1.2361706467345357e-4,653,9523
ESS11e04_2,11,4.2,02.07.2026,53428,FR,0.9974681735038756,0.8321069478988647,3.184376906,2.6497421482112897,6,7,5,3,5,99,77,8,2,24,17,7,1.2241968943271786e-4,662,9439
ESS11e04_2,11,4.2,02.07.2026,53455,FR,0.9893606901168824,0.9013147354125975,3.184376906,2.870125828485376,0,0,0,4,0,0,9,0,1,45,16,5,1.2342288391664624e-4,649,9299
ESS11e04_2,11,4.2,02.07.2026,53466,FR,1.003911375999451,0.7180973291397095,3.184376906,2.2866925511727714,7,7,6,1,5,6,66,7,2,75,16,5,1.2163399514975026e-4,656,9418
ESS11e04_2,11,4.2,02.07.2026,53472,FR,0.9970020055770874,0.9218340516090392,3.184376906,2.9354670651082366,5,6,3,2,6,5,10,8,2,49,20,10,1.2247693666722623e-4,622,9280
ESS11e04_2,11,4.2,02.07.2026,53487,FR,1.013024926185608,0.9254328012466432,3.184376906,2.946926840344698,5,7,7,4,2,2,66,8,1,33,14,4,1.2053972022840752e-4,643,9435
ESS11e04_2,11,4.2,02.07.2026,53503,FR,0.9988994002342224,0.5559921860694885,3.184376906,1.770488677236134,7,7,2,1,2,99,1,8,2,59,16,4,1.2224429519847035e-4,643,9452
ESS11e04_2,11,4.2,02.07.2026,53539,FR,1.0089750289916992,0.7710724472999573,3.184376906,2.455385294034886,7,7,7,3,5,4,3,8,2,58,18,8,1.2102354958187787e-4,646,9487
ESS11e04_2,11,4.2,02.07.2026,53608,FR,1.0008659362792969,0.6110087633132935,3.184376906,1.9456821952584715,0,10,10,4,10,0,66,10,1,68,11,4,1.2200409400975332e-4,662,9444
ESS11e04_2,11,4.2,02.07.2026,53640,FR,1.0069727897644043,1.0501543283462524,3.184376906,3.3440871909217473,5,8,8,Not at all,8,5,3,8,1,53,17,8,1.212641946040094e-4,642,9587
ESS11e04_2,11,4.2,02.07.2026,53647,FR,1.004451036453247,1.185582160949707,3.184376906,3.775340453493822,3,5,4,8,5,88,88,7,1,31,12,7,1.2156864249845968e-4,651,9370
ESS11e04_2,11,4.2,02.07.2026,53674,FR,1.003796100616455,1.023604393005371,3.184376906,3.2595421899664516,2,4,3,4,2,2,66,10,2,58,9,2,1.2164795771241188e-4,653,9456
ESS11e04_2,11,4.2,02.07.2026,53687,FR,0.992700219154358,0.7622141242027283,3.184376906,2.427177054538183,0,4,2,4,0,0,66,7,1,28,16,3,1.2300767411943525e-4,658,9566
ESS11e04_2,11,4.2,02.07.2026,53729,FR,0.9913966059684752,0.7951465249061584,3.184376906,2.5320462307973246,2,6,8,2,5,2,77,9,1,46,16,6,1.2316941865719855e-4,658,9384
ESS11e04_2,11,4.2,02.07.2026,53815,FR,0.9913966059684752,0.7702604532241821,3.184376906,2.4527995988521787,7,8,8,4,88,99,3,8,2,45,17,8,1.2316941865719855e-4,658,9384
ESS11e04_2,11,4.2,02.07.2026,53891,FR,1.0051755905151367,0.6250428557395935,3.184376906,1.990372035077451,5,7,5,2,5,4,3,7,1,66,12,5,1.2148101086495444e-4,653,9460
ESS11e04_2,11,4.2,02.07.2026,53918,FR,0.9994892477989196,0.7438477873802185,3.184376906,2.368691715712766,5,5,8,4,2,1,66,10,2,72,12,4,1.221721468027681e-4,662,9529
ESS11e04_2,11,4.2,02.07.2026,53930,FR,0.994040310382843,1.47299063205719,3.184376906,4.690557351477259,5,5,6,3,6,5,66,8,1,50,12,3,1.22841855045408e-4,663,9361
ESS11e04_2,11,4.2,02.07.2026,53933,FR,0.9917095899581908,0.7996904850006104,3.184376906,2.546515912383883,5,5,5,3,3,4,66,9,1,47,15,10,1.2313055049162358e-4,652,9464
ESS11e04_2,11,4.2,02.07.2026,53977,FR,1.0119712352752686,0.7477068305015564,3.184376906,2.380980363507613,5,6,4,2,8,6,66,8,2,52,150,6,1.2066524504916742e-4,662,9402
ESS11e04_2,11,4.2,02.07.2026,53986,FR,0.99128919839859,0.6742228269577026,3.184376906,2.1469795996621426,5,6,7,2,5,6,88,9,2,63,15,8,1.2318276276346296e-4,645,9400
ESS11e04_2,11,4.2,02.07.2026,54004,FR,1.0146218538284302,0.6194064617156982,3.184376906,1.9724236321146424,5,6,5,2,4,1,66,5,1,77,20,77,1.2035001418553291e-4,631,9327
ESS11e04_2,11,4.2,02.07.2026,54014,FR,1.0072760581970217,1.1489238739013672,3.184376906,3.6586066508035695,6,7,4,1,5,4,66,7,2,28,19,4,1.2122769112465905e-4,641,9347
ESS11e04_2,11,4.2,02.07.2026,54024,FR,0.9995234608650208,0.621528148651123,3.184376906,1.9791798829935712,5,5,6,2,5,3,88,8,1,60,12,7,1.2216795585118234e-4,653,9454
ESS11e04_2,11,4.2,02.07.2026,54027,FR,0.9999796152114868,1.0428630113601685,3.184376906,3.320868889496936,7,8,7,1,6,7,66,8,1,46,17,9,1.2211223656777292e-4,642,9602
ESS11e04_2,11,4.2,02.07.2026,54030,FR,0.9933719635009766,1.241612195968628,3.184376906,3.953761203050445,5,7,2,4,2,4,66,9,1,45,12,9,1.229244953719899e-4,642,9598
ESS11e04_2,11,4.2,02.07.2026,54035,FR,0.9919002056121826,0.7885138392448425,3.184376906,2.510925259752673,4,5,2,4,5,5,66,7,1,48,88,5,1.2310688907746226e-4,653,9453
ESS11e04_2,11,4.2,02.07.2026,54107,FR,0.9944478869438172,1.3063172101974487,3.184376906,4.159806356063103,5,5,4,2,50,2,8,6,2,52,14,7,1.2279150541871786e-4,660,9416
ESS11e04_2,11,4.2,02.07.2026,54123,FR,1.0023843050003052,1.32780122756958,3.184376906,4.228219564831021,3,3,3,1,2,99,66,4,2,23,13,4,1.2181929923826829e-4,660,9554
ESS11e04_2,11,4.2,02.07.2026,54136,FR,1.0016851425170898,1.051487922668457,3.184376906,3.348333857883348,5,6,6,1,3,-1,66,8,2,51,12,3,1.219043115270324e-4,661,9497
ESS11e04_2,11,4.2,02.07.2026,54145,FR,1.0457360744476318,1.2524752616882324,3.184376906,3.9883532986563135,1,1,2,1,5,5,9,9,2,54,20,3,1.16769180749543e-4,621,9355
ESS11e04_2,11,4.2,02.07.2026,54172,FR,1.010384440422058,0.920469045639038,3.184376906,2.9311203716208127,4,7,3,1,3,1,66,8,1,40,14,77,1.208547328133136e-4,648,9477
ESS11e04_2,11,4.2,02.07.2026,54175,FR,1.0079792737960815,1.343488693237305,3.184376906,4.278174368216991,3,7,6,2,5,5,66,7,1,19,14,88,1.2114311539335176e-4,648,9494
ESS11e04_2,11,4.2,02.07.2026,54191,FR,1.0084747076034546,0.6269357204437256,3.184376906,1.996399629727472,5,5,7,3,6,3,66,10,2,55,14,6,1.2108359806006774e-4,645,9393
ESS11e04_2,11,4.2,02.07.2026,54193,FR,1.005473017692566,0.7230958938598633,3.184376906,2.302609865230776,7,9,7,2,5,6,66,9,2,69,15,5,1.21445074910298e-4,650,9507
ESS11e04_2,11,4.2,02.07.2026,54228,FR,1.0072211027145386,0.8421396613121033,3.184376906,2.681690089108923,1,8,2,2,1,1,66,7,2,72,12,7,1.212342904182151e-4,647,9535
ESS11e04_2,11,4.2,02.07.2026,54278,FR,1.0011390447616575,0.8522130250930786,3.184376906,2.713767476098798,5,6,6,1,99,-1,9,7,2,60,17,8,1.2197081377962604e-4,660,9415
ESS11e04_2,11,4.2,02.07.2026,54377,FR,0.9950170516967772,1.1349409818649292,3.184376906,3.6140798523236457,1,6,1,9,6,0,66,8,2,-5,14,3,1.227212633239105e-4,642,9590
ESS11e04_2,11,4.2,02.07.2026,54388,FR,1.0016851425170898,1.051487922668457,3.184376906,3.348333857883348,0,6,0,3,4,4,66,6,2,40,14,2,1.219043115270324e-4,661,9497
ESS11e04_2,11,4.2,02.07.2026,54389,FR,0.9964633584022522,1.1761554479599,3.184376906,3.74532224634959,3,4,2,2,0,-1,77,4,1,26,13,3,1.225431333296001e-4,650,9505
ESS11e04_2,11,4.2,02.07.2026,54393,FR,1.0008659362792969,1.1736348867416382,3.184376906,3.737295829415998,5,9,10,2,77,8,6,9,2,90,8,2,1.2200409400975332e-4,662,9444
ESS11e04_2,11,4.2,02.07.2026,54399,FR,0.9977903366088868,1.2369754314422607,3.184376906,3.9389959971741217,2,3,3,4,5,4,66,7,2,64,10,6,1.2238016643095762e-4,652,9468
ESS11e04_2,11,4.2,02.07.2026,54479,FR,0.9979729652404784,0.713849663734436,3.184376906,2.273166383551804,5,8,7,2,7,6,8,8,2,85,-2,9,1.2235777103342116e-4,656,9417
ESS11e04_2,11,4.2,02.07.2026,54485,FR,1.0016095638275146,0.915003538131714,3.184376906,2.9137161357349197,4,5,5,2,8,5,9,5,1,1980,14,7,1.2191351561341436e-4,643,9443
ESS11e04_2,11,4.2,02.07.2026,54490,FR,0.9863346219062804,1.461572766304016,3.184376906,4.654198563457044,5,5,5,2,0,0,66,8,1,41,12,9,1.2380153930280358e-4,663,9380
ESS11e04_2,11,4.2,02.07.2026,54494,FR,1.0111021995544434,0.8122445940971375,3.184376906,2.5864929274662685,2,8,5,2,0,0,66,7,1,72,12,6,1.2076894199708477e-4,647,9533
ESS11e04_2,11,4.2,02.07.2026,54499,FR,0.993885338306427,0.9553762674331664,3.184376906,3.042278122554655,5,8,6,3,5,5,66,8,1,48,16,8,1.2286100536584854e-4,658,9568
ESS11e04_2,11,4.2,02.07.2026,54515,FR,1.0046193599700928,1.5990582704544067,3.184376906,5.092004227783314,4,4,6,8,5,5,66,7,2,16,12,77,1.2154826254118234e-4,662,9270
ESS11e04_2,11,4.2,02.07.2026,54546,FR,0.9970020055770874,0.7616599202156067,3.184376906,2.4254122601603805,7,7,7,1,8,7,4,8,1,70,17,7,1.2247693666722623e-4,622,9273
ESS11e04_2,11,4.2,02.07.2026,54557,FR,1.000601291656494,1.3946107625961304,3.184376906,4.440966305270166,4,5,1,3,7,6,3,7,2,32,12,5,1.2203637015772983e-4,654,9430
ESS11e04_2,11,4.2,02.07.2026,54571,FR,1.0079792737960815,1.1779301166534424,3.184376906,3.750973460353108,4,5,7,4,0,0,66,6,2,60,11,7,1.2114311539335176e-4,648,9494
ESS11e04_2,11,4.2,02.07.2026,54575,FR,0.9920310378074646,0.7566549777984619,3.184376906,2.409474637111365,3,6,5,2,5,2,66,8,1,49,16,10,1.230906491400674e-4,662,9364
ESS11e04_2,11,4.2,02.07.2026,54588,FR,1.0006026029586792,0.8953508734703064,3.184376906,2.8511346442457715,7,8,5,3,6,5,66,7,999,57,12,7,1.2203621008666232e-4,660,9369
ESS11e04_2,11,4.2,02.07.2026,54604,FR,1.0117672681808472,0.764862060546875,3.184376906,2.4356090818810423,10,88,8,1,4,6,66,8,1,60,9,1,1.2068956129951404e-4,651,9371
ESS11e04_2,11,4.2,02.07.2026,54657,FR,1.0014375448226929,0.6868298053741455,3.184376906,2.1871249705859035,7,8,8,4,10,8,66,10,1,1980,18,8,1.2193446309538558e-4,647,9405
ESS11e04_2,11,4.2,02.07.2026,54686,FR,0.9965936541557312,1.255421161651611,3.184376906,3.997734154467083,4,7,2,Not at all,0,0,66,6,999,27,13,9,1.2252711167093366e-4,662,9515
ESS11e04_2,11,4.2,02.07.2026,54688,FR,1.0119712352752686,1.2119979858398438,3.184376906,3.859458396226913,2,0,1,4,0,2,66,3,1,70,88,2,1.2066524504916742e-4,662,9402
ESS11e04_2,11,4.2,02.07.2026,54697,FR,0.9953415393829346,0.7983108758926392,3.184376906,2.5421227170011522,6,7,7,3,2,4,66,10,1,52,16,8,1.2268126010894775e-4,656,9499
ESS11e04_2,11,4.2,02.07.2026,54744,FR,0.9906727075576782,0.9214127659797668,3.184376906,2.934125532879552,6,7,7,1,5,5,66,6,2,999,20,8,1.23259422252886e-4,639,9359
ESS11e04_2,11,4.2,02.07.2026,54834,FR,0.9906035661697388,1.0080186128616333,3.184376906,3.2099111916147396,4,6,7,1,5,6,1,8,2,76,11,6,1.2326802243478596e-4,642,9597
ESS11e04_2,11,4.2,02.07.2026,54844,FR,1.0066765546798706,0.7569298148155212,3.184376906,2.410349821761402,5,5,6,1,3,-1,3,7,1,72,9,5,1.2129988317610696e-4,656,9422
ESS11e04_2,11,4.2,02.07.2026,54857,FR,1.0117989778518677,0.6335231065750122,3.184376906,2.0173763499948456,6,9,6,3,3,4,66,8,1,60,9,8,1.2068576324963942e-4,654,9394
ESS11e04_2,11,4.2,02.07.2026,54912,FR,1.009801149368286,1.029727339744568,3.184376906,3.279039960159418,3,8,9,3,2,5,66,2,2,75,8,1,1.2092453835066408e-4,653,9455
ESS11e04_2,11,4.2,02.07.2026,54930,FR,0.990239143371582,1.1625347137451172,3.184376906,3.701948694873272,3,5,5,3,5,5,66,8,1,18,13,88,1.23313395306468e-4,656,9423
ESS11e04_2,11,4.2,02.07.2026,54931,FR,1.0102531909942627,1.0206011533737185,3.184376906,3.249978743040232,8,8,8,1,7,8,66,5,2,42,12,77,1.2087044160580264e-4,642,9596
ESS11e04_2,11,4.2,02.07.2026,54943,FR,1.0074642896652222,1.2422635555267334,3.184376906,3.955835377384778,88,88,6,3,99,0,66,9,2,82,5,88,1.2120503379264846e-4,656,9424
ESS11e04_2,11,4.2,02.07.2026,55020,FR,1.0125740766525269,0.8405107855796814,3.184376906,2.676503134843855,3,5,5,1,99,5,6,9,2,52,15,7,1.2059339496772736e-4,646,9383
ESS11e04_2,11,4.2,02.07.2026,55059,FR,1.0054736137390137,0.6816205978393555,3.184376906,2.170536890413557,4,7,7,1,5,88,8,8,2,88,15,4,1.2144500942667946e-4,648,9495
ESS11e04_2,11,4.2,02.07.2026,55099,FR,1.0063419342041016,0.6143514513969421,3.184376906,1.956326573996004,5,7,7,1,0,3,7,7,1,87,15,9,1.2134021380916238e-4,662,9513
ESS11e04_2,11,4.2,02.07.2026,55120,FR,0.9937443733215332,1.6273164749145508,3.184376906,5.181989001471224,5,5,5,4,0,5,66,6,1,68,5,77,1.228784240083769e-4,642,9589
ESS11e04_2,11,4.2,02.07.2026,55140,FR,1.0096471309661863,0.9636859893798828,3.184376906,3.0687394092170597,2,5,0,2,0,0,9,6,1,50,14,7,1.2094299017917363e-4,660,9374
ESS11e04_2,11,4.2,02.07.2026,55196,FR,0.9938702583312988,0.5544965863227844,3.184376906,1.76572612394211,5,7,4,9,6,7,77,9,1,72,15,10,1.2286286801099777e-4,645,9517
ESS11e04_2,11,4.2,02.07.2026,55200,FR,0.9883246421813964,0.9551589488983154,3.184376906,3.0415860984310297,4,7,6,1,1,5,9,5,1,53,12,1,1.2355225044302642e-4,652,9461
ESS11e04_2,11,4.2,02.07.2026,55216,FR,0.9995234608650208,0.73027104139328,3.184376906,2.3254582393333307,5,5,5,4,0,0,66,5,1,28,15,88,1.2216795585118234e-4,653,9454
ESS11e04_2,11,4.2,02.07.2026,55217,FR,0.9965936541557312,0.7601345777511597,3.184376906,2.420554994842854,5,8,6,2,7,6,3,8,1,-5,15,9,1.2252711167093366e-4,662,9515
ESS11e04_2,11,4.2,02.07.2026,55222,FR,0.989213526248932,1.006603717803955,3.184376906,3.2054056324686555,4,88,0,3,0,0,66,88,2,66,11,3,1.234412338817492e-4,642,9581
ESS11e04_2,11,4.2,02.07.2026,55232,FR,1.0016851425170898,0.6813833117485046,3.184376906,2.1697812820657365,5,7,1,2,99,5,4,5,2,68,14,7,1.219043115270324e-4,661,9497
ESS11e04_2,11,4.2,02.07.2026,55264,FR,0.9881000518798828,1.5083519220352173,3.184376906,4.803161026649658,0,5,5,2,0,0,9,10,1,24,7,6,1.235803501913324e-4,642,9593
ESS11e04_2,11,4.2,02.07.2026,55271,FR,0.9964633584022522,1.8994842767715456,3.184376906,6.048673864261421,2,5,0,4,3,4,9,10,1,47,9,2,1.225431333296001e-4,650,9505
ESS11e04_2,11,4.2,02.07.2026,55298,FR,0.9976764917373656,1.2301952838897705,3.184376906,3.917405451888699,2,7,2,2,7,0,4,8,2,79,9,4,1.2239412171766162e-4,657,9396
ESS11e04_2,11,4.2,02.07.2026,55353,FR,1.0008659362792969,1.1986987590789795,3.184376906,3.81710864566196,0,8,5,2,6,4,9,8,1,63,9,6,1.2200409400975332e-4,662,9444
ESS11e04_2,11,4.2,02.07.2026,55357,FR,0.9970020055770874,0.9285280704498292,3.184376906,2.956783344113177,5,8,7,4,4,4,66,9,2,58,11,8,1.2247693666722623e-4,622,9278
ESS11e04_2,11,4.2,02.07.2026,55373,FR,0.9970020055770874,0.7746155858039856,3.184376906,2.466667982461873,5,7,7,3,8,6,66,8,2,35,16,7,1.2247693666722623e-4,622,9275
ESS11e04_2,11,4.2,02.07.2026,55428,FR,1.0111021995544434,0.7726976871490479,3.184376906,2.4605606702770406,5,7,5,3,4,2,66,7,2,61,15,7,1.2076894199708477e-4,647,9533
ESS11e04_2,11,4.2,02.07.2026,55451,FR,1.0117989778518677,0.6546168327331543,3.184376906,2.0845467244343214,5,6,5,3,8,4,66,8,2,1980,88,9,1.2068576324963942e-4,654,9394
ESS11e04_2,11,4.2,02.07.2026,55455,FR,0.9965491890907288,0.6083731651306152,3.184376906,1.9372894572720556,3,3,3,1,1,2,31,4,1,71,14,2,1.2253258319105953e-4,662,9438
ESS11e04_2,11,4.2,02.07.2026,55457,FR,1.0051031112670898,0.718950092792511,3.184376906,2.289408072055029,4,5,0,3,6,4,66,7,2,72,13,6,1.2148975656600668e-4,656,9419
ESS11e04_2,11,4.2,02.07.2026,55462,FR,0.9994892477989196,0.7438477873802185,3.184376906,2.368691715712766,2,2,2,3,2,99,66,8,2,69,12,6,1.221721468027681e-4,662,9529
ESS11e04_2,11,4.2,02.07.2026,55483,FR,1.0043915510177612,0.9286664128303528,3.184376906,2.9572238783948372,4,5,4,3,3,3,66,8,2,50,15,6,1.215758384205401e-4,660,9552
ESS11e04_2,11,4.2,02.07.2026,55488,FR,1.0005507469177246,0.8037684559822083,3.184376906,2.5595017090010215,5,3,6,Not at all,4,2,66,7,1,63,13,3,1.2204252561787143e-4,647,9403
ESS11e04_2,11,4.2,02.07.2026,55508,FR,1.0057075023651123,0.7913020253181458,3.184376906,2.5198038950941304,3,1,2,4,0,0,66,8,2,63,14,77,1.214167568832636e-4,652,9472
ESS11e04_2,11,4.2,02.07.2026,55551,FR,1.0021493434906006,0.5969290137290955,3.184376906,1.9008469658402884,5,5,3,1,5,5,3,6,2,72,17,8,1.2184785737190396e-4,654,9466
ESS11e04_2,11,4.2,02.07.2026,55555,FR,1.0057075023651123,0.6297090649604797,3.184376906,2.0052310039590053,6,8,4,3,8,5,66,9,1,-5,12,3,1.214167568832636e-4,652,9472
ESS11e04_2,11,4.2,02.07.2026,55582,FR,0.9967845678329468,0.749491810798645,3.184376906,2.3866644135433264,2,4,1,1,5,5,2,8,1,55,12,5,1.225036394316703e-4,657,9570
ESS11e04_2,11,4.2,02.07.2026,55623,FR,0.9893606901168824,0.7337892651557922,3.184376906,2.336661589832815,5,7,3,3,6,7,66,8,2,59,17,7,1.2342288391664624e-4,649,9299
ESS11e04_2,11,4.2,02.07.2026,55627,FR,0.9933719635009766,1.0108354091644287,3.184376906,3.218880932710267,7,6,5,3,6,7,66,4,2,58,77,1,1.229244953719899e-4,642,9598
ESS11e04_2,11,4.2,02.07.2026,55641,FR,1.006980061531067,1.50920569896698,3.184376906,4.805879774194039,3,4,2,3,0,8,3,9,1,70,6,4,1.2126332148909567e-4,659,9413
ESS11e04_2,11,4.2,02.07.2026,55655,FR,1.0011866092681885,0.7820637822151184,3.184376906,2.4903858471048363,6,8,4,1,7,3,66,9,2,46,16,2,1.2196501484140754e-4,652,9471
ESS11e04_2,11,4.2,02.07.2026,55716,FR,0.9970905184745787,0.6222900152206421,3.184376906,1.981605953303001,5,5,7,1,80,6,7,7,1,44,17,8,1.2246605183463544e-4,643,9451
ESS11e04_2,11,4.2,02.07.2026,55718,FR,0.9942508339881896,1.089174747467041,3.184376906,3.468342912432427,5,6,2,3,5,5,66,5,2,17,12,6,1.2281582166906446e-4,654,9433
ESS11e04_2,11,4.2,02.07.2026,55726,FR,0.989614188671112,0.7786391377449036,3.184376906,2.479480488342624,6,8,6,8,2,99,8,8,2,66,12,2,1.23391262604855e-4,650,9508
ESS11e04_2,11,4.2,02.07.2026,55737,FR,0.9913966059684752,0.8758627772331238,3.184376906,2.7890772006461817,5,9,5,2,60,6,66,8,1,20,15,88,1.2316941865719855e-4,658,9384
ESS11e04_2,11,4.2,02.07.2026,55741,FR,0.9971608519554138,1.1373863220214844,3.184376906,3.6218667370454938,4,7,5,2,6,2,9,7,2,32,14,9,1.22457422548905e-4,642,9540
ESS11e04_2,11,4.2,02.07.2026,55799,FR,1.0116831064224243,1.280983567237854,3.184376906,4.07913448847772,5,7,4,2,5,6,9,5,1,80,5,77,1.206996021210216e-4,651,9459
ESS11e04_2,11,4.2,02.07.2026,55826,FR,1.006980061531067,1.0512213706970217,3.184376906,3.34748505594126,88,8,3,1,2,5,66,10,2,29,-2,88,1.2126332148909567e-4,659,9413
ESS11e04_2,11,4.2,02.07.2026,55876,FR,1.0116831064224243,0.898607075214386,3.184376906,2.8615036178808957,4,6,4,4,2,4,66,7,99,30,16,5,1.206996021210216e-4,651,9459
ESS11e04_2,11,4.2,02.07.2026,55877,FR,0.99416184425354,2.098348617553711,3.184376906,6.681932878475063,1,5,1,3,0,0,66,8,2,52,9,6,1.228268229169771e-4,654,9395
ESS11e04_2,11,4.2,02.07.2026,55940,FR,0.9891202449798584,0.7072728872299194,3.184376906,2.2522234483348975,5,8,6,1,7,7,88,8,99,66,13,7,1.234528899658471e-4,662,9528
ESS11e04_2,11,4.2,02.07.2026,55944,FR,0.988541841506958,0.6014202237129211,3.184376906,1.9151486711927792,5,7,4,1,77,5,77,5,1,69,15,7,1.2352511112112552e-4,648,9475
ESS11e04_2,11,4.2,02.07.2026,55974,FR,1.0046160221099854,0.6810382604598999,3.184376906,2.168682508710918,5,8,4,Not at all,5,6,4,7,99,57,17,8,1.2154866999480872e-4,649,9551
ESS11e04_2,11,4.2,02.07.2026,55984,FR,1.0029433965682983,1.3494726419448853,3.184376906,4.297229516288099,4,5,5,9,5,99,66,6,1,80,7,1,1.217513854498975e-4,646,9486
ESS11e04_2,11,4.2,02.07.2026,56045,FR,1.0117672681808472,0.6530053615570068,3.184376906,2.0794151928363127,7,7,7,3,2,5,10,9,1,71,-2,8,1.2068956129951404e-4,651,9371
ESS11e04_2,11,4.2,02.07.2026,56055,FR,0.9981892108917236,0.7853865623474121,3.184376906,2.5009668314218283,6,5,8,3,99,-1,8,5,2,83,9,6,1.2233125744387507e-4,650,9509
ESS11e04_2,11,4.2,02.07.2026,56056,FR,0.997140884399414,0.6759715676307678,3.184376906,2.152548249076034,77,5,2,1,1,1,66,8,2,59,17,5,1.224598818225786e-4,649,9485
ESS11e04_2,11,4.2,02.07.2026,56083,FR,0.9983616471290588,1.2202730178833008,3.184376906,3.885809217162507,6,9,7,3,2,5,66,7,999,17,12,9,1.2231012806296349e-4,644,9572
ESS11e04_2,11,4.2,02.07.2026,56116,FR,1.0011866092681885,0.8892844319343567,3.184376906,2.831816807917094,3,7,2,2,8,5,9,8,1,20,-2,1,1.2196501484140754e-4,652,9471
ESS11e04_2,11,4.2,02.07.2026,56128,FR,1.003503918647766,1.2641253471374512,3.184376906,4.025451561713733,0,5,0,4,0,0,66,5,2,30,12,7,1.2168336979812012e-4,662,9269
ESS11e04_2,11,4.2,02.07.2026,56138,FR,0.9933843016624452,0.7469351291656494,3.184376906,2.378522975595221,0,5,3,4,3,5,66,5,1,76,10,77,1.2292296742089093e-4,657,9391
ESS11e04_2,11,4.2,02.07.2026,56143,FR,1.0063419342041016,1.345914006233215,3.184376906,4.28589747891099,2,4,4,3,3,3,66,8,1,16,11,8,1.2134021380916238e-4,662,9513
ESS11e04_2,11,4.2,02.07.2026,56159,FR,1.013024926185608,0.8886438012123108,3.184376906,2.829776798240537,3,6,7,4,5,4,66,9,2,20,12,7,1.2053972022840752e-4,643,9435
ESS11e04_2,11,4.2,02.07.2026,56189,FR,1.010847806930542,0.8437628149986267,3.184376906,2.686858822223177,6,7,6,9,3,7,10,8,1,65,18,10,1.2079934822395444e-4,642,9546
ESS11e04_2,11,4.2,02.07.2026,56190,FR,0.997926652431488,1.25279700756073,3.184376906,3.989377858782296,5,6,6,3,5,88,66,9,2,21,88,9,1.2236344628036022e-4,648,9480
ESS11e04_2,11,4.2,02.07.2026,56214,FR,1.010384440422058,1.1241811513900757,3.184376906,3.5798164966470467,3,5,3,4,0,0,66,7,1,25,12,3,1.208547328133136e-4,648,9477
ESS11e04_2,11,4.2,02.07.2026,56218,FR,1.0121078491210938,1.2650302648544312,3.184376906,4.0283331607935136,2,5,8,3,88,2,66,8,1,42,12,10,1.2064893235219644e-4,642,9541
ESS11e04_2,11,4.2,02.07.2026,56237,FR,0.9944478869438172,1.389357328414917,3.184376906,4.424237390786319,4,6,3,3,99,2,66,6,1,22,16,4,1.2279150541871786e-4,660,9416
ESS11e04_2,11,4.2,02.07.2026,56273,FR,1.0063419342041016,0.7435466051101685,3.184376906,2.367732637847522,5,8,4,2,77,88,66,7,2,39,17,3,1.2134021380916238e-4,662,9513
ESS11e04_2,11,4.2,02.07.2026,56293,FR,0.9970020055770874,0.8486926555633545,3.184376906,2.702557292667758,7,7,8,8,99,4,2,7,2,77,15,10,1.2247693666722623e-4,622,9274
ESS11e04_2,11,4.2,02.07.2026,56298,FR,0.9990290403366088,0.7818277478218079,3.184376906,2.4896342246337566,6,4,5,2,8,8,66,9,2,73,13,8,1.2222843361087143e-4,656,9420
ESS11e04_2,11,4.2,02.07.2026,56303,FR,0.9924683570861816,0.7960068583488464,3.184376906,2.53478585674368,7,7,6,1,77,6,2,7,1,46,20,6,1.2303641415201128e-4,623,9288
ESS11e04_2,11,4.2,02.07.2026,56309,FR,0.9955366253852844,0.6056749820709229,3.184376906,1.928697425448611,3,5,7,3,0,2,9,8,1,58,16,1,1.2265720579307526e-4,648,9481
ESS11e04_2,11,4.2,02.07.2026,56335,FR,1.0016851425170898,0.745481014251709,3.184376906,2.373892525644598,5,6,5,3,4,2,66,6,2,66,12,5,1.219043115270324e-4,661,9497
ESS11e04_2,11,4.2,02.07.2026,56343,FR,1.0082485675811768,1.2075788974761963,3.184376906,3.8453863532961408,8,7,3,4,5,4,4,10,2,45,17,10,1.211107664857991e-4,663,9378
ESS11e04_2,11,4.2,02.07.2026,56361,FR,0.9953275322914124,1.820124626159668,3.184376906,5.79596282558473,5,6,3,Not at all,6,5,66,7,1,16,10,88,1.226829772349447e-4,642,9584
ESS11e04_2,11,4.2,02.07.2026,56363,FR,1.0016095638275146,0.5574997067451477,3.184376906,1.7752891912610207,3,6,3,9,3,2,9,7,2,55,18,7,1.2191351561341436e-4,643,9443
ESS11e04_2,11,4.2,02.07.2026,56382,FR,0.9868563413619996,0.6136525869369507,3.184376906,1.954101126149183,6,3,4,2,7,7,5,5,1,63,11,2,1.2373608478810638e-4,653,9522
ESS11e04_2,11,4.2,02.07.2026,56383,FR,1.0011167526245115,0.6686322689056396,3.184376906,2.1291771557095007,6,3,7,2,4,99,8,3,1,1980,-2,6,1.2197353498777376e-4,654,9409
ESS11e04_2,11,4.2,02.07.2026,56402,FR,0.9981845021247864,1.0478135347366333,3.184376906,3.3366332218095636,3,7,3,3,0,0,66,6,2,53,12,4,1.223318395204842e-4,662,9526
ESS11e04_2,11,4.2,02.07.2026,56449,FR,1.004451036453247,1.271824598312378,3.184376906,4.049968879348663,5,0,0,2,5,5,66,8,1,59,10,2,1.2156864249845968e-4,651,9370
ESS11e04_2,11,4.2,02.07.2026,56480,FR,1.0119712352752686,0.6177887320518494,3.184376906,1.967272171132931,4,2,4,4,0,0,88,6,1,61,13,7,1.2066524504916742e-4,662,9402
ESS11e04_2,11,4.2,02.07.2026,56505,FR,0.9942724108695984,1.0379549264907837,3.184376906,3.305239697386179,7,7,5,3,77,4,66,10,2,34,18,4,1.228131732204929e-4,659,9428
ESS11e04_2,11,4.2,02.07.2026,56516,FR,0.9916536211967468,1.226074457168579,3.184376906,3.904283186444109,6,8,4,2,6,4,4,7,1,43,17,8,1.231374917551875e-4,663,9379
ESS11e04_2,11,4.2,02.07.2026,56533,FR,1.010336995124817,1.0827308893203735,3.184376906,3.4478232393646393,5,7,5,3,3,3,66,9,2,69,9,6,1.2086040078429504e-4,644,9520
ESS11e04_2,11,4.2,02.07.2026,56584,FR,0.995616853237152,1.1924498081207275,3.184376906,3.797209630543776,6,7,6,9,6,3,77,8,2,49,15,9,1.226473250426352e-4,663,9560
ESS11e04_2,11,4.2,02.07.2026,56615,FR,1.00588059425354,1.2047033309936523,3.184376906,3.836229465797461,7,88,2,Not at all,3,3,66,6,1,77,12,7,1.2139586760895328e-4,662,9272
ESS11e04_2,11,4.2,02.07.2026,56626,FR,0.9933719635009766,1.8165483474731443,3.184376906,5.784574606325944,4,6,3,3,5,88,66,7,3,17,12,8,1.229244953719899e-4,642,9598
ESS11e04_2,11,4.2,02.07.2026,56633,FR,1.0066765546798706,1.6849225759506226,3.184376906,5.365428539255193,5,6,7,3,7,99,66,7,2,17,11,5,1.2129988317610696e-4,656,9422
ESS11e04_2,11,4.2,02.07.2026,56651,FR,0.9905755519866944,1.4535768032073977,3.184376906,4.628736403230943,0,1,1,3,10,2,5,7,2,71,9,5,1.2327151489444077e-4,659,9372
ESS11e04_2,11,4.2,02.07.2026,56678,FR,1.0030673742294312,0.7892237901687622,3.184376906,2.513186011079196,0,10,4,3,8,6,66,7,2,74,10,2,1.2173633149359377e-4,652,9469
ESS11e04_2,11,4.2,02.07.2026,56730,FR,0.9905755519866944,0.8863783478736877,3.184376906,2.8225627409474052,5,7,7,2,7,3,66,8,1,70,13,6,1.2327151489444077e-4,659,9372
ESS11e04_2,11,4.2,02.07.2026,56734,FR,1.003964900970459,0.7856906652450562,3.184376906,2.501935209666134,0,0,1,1,2,5,9,5,2,999,12,7,1.216274977196008e-4,656,9441
ESS11e04_2,11,4.2,02.07.2026,56757,FR,1.003911375999451,0.7799838185310364,3.184376906,2.483762458783927,5,9,7,Not at all,6,6,66,8,2,42,1,5,1.2163399514975026e-4,656,9418
ESS11e04_2,11,4.2,02.07.2026,56769,FR,1.0080525875091553,1.0183786153793335,3.184376906,3.2429013443782058,5,7,5,1,3,0,66,9,2,36,17,10,1.2113428965676576e-4,642,9583
ESS11e04_2,11,4.2,02.07.2026,56783,FR,1.0029433965682983,1.321255445480347,3.184376906,4.207375327514358,5,6,2,3,3,3,66,9,2,85,5,2,1.217513854498975e-4,646,9486
ESS11e04_2,11,4.2,02.07.2026,56803,FR,1.0078994035720823,0.7501057386398315,3.184376906,2.3886193911827514,0,2,0,3,3,0,66,2,2,60,12,2,1.2115270510548726e-4,662,9271
ESS11e04_2,11,4.2,02.07.2026,56819,FR,1.0070327520370483,0.6679526567459106,3.184376906,2.127013014443023,3,6,3,3,5,2,66,5,1,48,14,4,1.2125697685405612e-4,653,9448
ESS11e04_2,11,4.2,02.07.2026,56834,FR,1.002301573753357,0.991870939731598,3.184376906,3.158490914213818,0,8,7,1,0,0,10,9,1,85,20,7,1.2182934733573347e-4,663,9376
ESS11e04_2,11,4.2,02.07.2026,56847,FR,1.000524878501892,1.6041624546051023,3.184376906,5.108257873916761,8,5,3,2,9,7,3,7,2,63,12,5,1.22045683383476e-4,642,9543
ESS11e04_2,11,4.2,02.07.2026,56849,FR,0.994271755218506,1.1373904943466189,3.184376906,3.621880023301295,5,5,2,3,0,2,88,8,99,51,11,8,1.2281324598006904e-4,659,9429
ESS11e04_2,11,4.2,02.07.2026,56852,FR,1.0012564659118652,0.9312559366226196,3.184376906,2.9654698981564693,8,8,5,2,5,5,4,8,2,67,26,6,1.219565237988718e-4,642,9580
ESS11e04_2,11,4.2,02.07.2026,56870,FR,0.99416184425354,1.0208077430725098,3.184376906,3.2506366025060816,5,3,8,3,8,9,66,9,2,55,8,2,1.228268229169771e-4,654,9395
ESS11e04_2,11,4.2,02.07.2026,56885,FR,0.9976764917373656,1.2301952838897705,3.184376906,3.917405451888699,3,4,3,4,6,8,66,5,3,67,9,6,1.2239412171766162e-4,657,9396
ESS11e04_2,11,4.2,02.07.2026,56913,FR,1.0028046369552612,0.6437472105026245,3.184376906,2.049933750426478,3,8,6,Not at all,6,5,5,9,1,71,18,9,1.2176822201581672e-4,658,9569
ESS11e04_2,11,4.2,02.07.2026,56918,FR,1.0107375383377075,0.6704105734825134,3.184376906,2.134839947735931,7,8,8,8,5,5,66,8,1,48,18,9,1.2081251770723612e-4,653,9447
ESS11e04_2,11,4.2,02.07.2026,56921,FR,0.9986799359321594,1.3823506832122805,3.184376906,4.401925591614507,4,8,3,2,6,5,66,7,2,18,11,4,1.2227115803398192e-4,653,9563
ESS11e04_2,11,4.2,02.07.2026,56942,FR,1.0006026029586792,0.8953508734703064,3.184376906,2.8511346442457715,1,10,8,3,5,3,88,8,1,56,9,6,1.2203621008666232e-4,660,9369
ESS11e04_2,11,4.2,02.07.2026,56949,FR,1.0037598609924316,1.260120868682861,3.184376906,4.012699793002362,3,7,3,4,3,6,66,6,2,22,15,8,1.2165234511485325e-4,649,9483
ESS11e04_2,11,4.2,02.07.2026,56978,FR,0.9965936541557312,0.7363439798355103,3.184376906,2.3447967642603285,3,7,6,2,0,2,66,7,2,51,16,77,1.2252711167093366e-4,662,9515
ESS11e04_2,11,4.2,02.07.2026,56990,FR,0.9964633584022522,0.7783751487731934,3.184376906,2.478639847957671,7,7,4,1,99,6,66,6,2,54,15,8,1.225431333296001e-4,650,9505
ESS11e04_2,11,4.2,02.07.2026,57040,FR,1.0046160221099854,0.745104193687439,3.184376906,2.3726925869420317,5,7,6,3,4,5,66,7,2,73,12,5,1.2154866999480872e-4,649,9551
ESS11e04_2,11,4.2,02.07.2026,57050,FR,1.007209300994873,0.8091176748275757,3.184376906,2.5765356379573494,0,8,4,1,0,0,66,5,1,60,13,9,1.2123571650590748e-4,647,9404
ESS11e04_2,11,4.2,02.07.2026,57054,FR,0.99128919839859,0.6477926969528198,3.184376906,2.062816104052016,3,5,5,9,99,3,66,5,1,61,12,5,1.2318276276346296e-4,645,9400
ESS11e04_2,11,4.2,02.07.2026,57055,FR,1.0060895681381226,0.7408164143562317,3.184376906,2.359038681461711,6,7,4,8,2,2,66,7,2,35,18,5,1.213706418639049e-4,648,9478
ESS11e04_2,11,4.2,02.07.2026,57069,FR,0.989917814731598,0.8426616191864014,3.184376906,2.6833521997097427,6,8,7,3,4,0,66,8,3,1980,16,8,1.2335341307334602e-4,659,9502
ESS11e04_2,11,4.2,02.07.2026,57073,FR,1.000601291656494,0.5960074663162231,3.184376906,1.8979124115409536,3,8,7,3,0,0,66,6,2,79,14,77,1.2203637015772983e-4,654,9430
ESS11e04_2,11,4.2,02.07.2026,57074,FR,1.0082485675811768,2.1858694553375244,3.184376906,6.960632213107611,5,6,3,4,4,99,66,7,1,17,11,8,1.211107664857991e-4,663,9378
ESS11e04_2,11,4.2,02.07.2026,57086,FR,0.9919158816337584,0.8246421217918396,3.184376906,2.6259713283487733,2,7,5,3,2,0,1,8,2,32,15,4,1.2310495367273688e-4,649,9549
ESS11e04_2,11,4.2,02.07.2026,57090,FR,0.9937443733215332,1.0363587141036987,3.184376906,3.3001567555236746,5,6,4,2,6,5,5,7,1,52,17,8,1.228784240083769e-4,642,9589
ESS11e04_2,11,4.2,02.07.2026,57141,FR,0.994722843170166,2.164846181869507,3.184376906,6.893686186587533,4,7,5,3,5,5,66,9,2,16,10,7,1.2275755580049008e-4,642,9544
ESS11e04_2,11,4.2,02.07.2026,57147,FR,1.0009958744049072,0.9150466322898864,3.184376906,2.913853363776988,3,5,0,4,1,0,77,8,1,39,12,2,1.2198826880194248e-4,662,9365
ESS11e04_2,11,4.2,02.07.2026,57162,FR,1.0011390447616575,0.9555652737617492,3.184376906,3.042879989942482,2,4,5,9,2,2,2,8,1,49,20,10,1.2197081377962604e-4,660,9415
ESS11e04_2,11,4.2,02.07.2026,57168,FR,0.9981845021247864,0.761349081993103,3.184376906,2.4244224341031377,5,5,3,3,4,3,77,8,1,36,14,9,1.223318395204842e-4,662,9526
ESS11e04_2,11,4.2,02.07.2026,57169,FR,0.9979729652404784,0.6406455636024475,3.184376906,2.040056937666988,5,7,2,1,5,0,10,7,1,79,-2,7,1.2235777103342116e-4,656,9417
ESS11e04_2,11,4.2,02.07.2026,57172,FR,1.0043740272521973,1.3581894636154177,3.184376906,4.324987161909462,4,4,6,3,5,3,66,6,2,20,88,88,1.2157796300016344e-4,663,9558
ESS11e04_2,11,4.2,02.07.2026,57182,FR,0.9919002056121826,0.6579160690307617,3.184376906,2.0950527363078595,2,5,5,3,8,5,66,7,1,45,16,2,1.2310688907746226e-4,653,9453
ESS11e04_2,11,4.2,02.07.2026,57201,FR,0.992255926132202,0.844651997089386,3.184376906,2.68969031313822,9,10,7,4,5,3,66,8,2,61,18,5,1.2306275311857462e-4,660,9500
ESS11e04_2,11,4.2,02.07.2026,57228,FR,1.0014375448226929,1.256076455116272,3.184376906,3.999820855842602,2,8,3,4,0,0,66,6,1,22,15,7,1.2193446309538558e-4,647,9405
ESS11e04_2,11,4.2,02.07.2026,57232,FR,1.011772871017456,1.0551608800888062,3.184376906,3.3600299386694292,5,7,3,4,0,2,9,6,1,52,12,8,1.2068889191141352e-4,642,9577
ESS11e04_2,11,4.2,02.07.2026,57239,FR,1.0084651708602903,0.8417741060256958,3.184376906,2.680526023297021,5,7,6,1,99,4,3,7,1,61,20,7,1.2108474766137078e-4,646,9458
ESS11e04_2,11,4.2,02.07.2026,57259,FR,0.9906727075576782,1.0080887079238892,3.184376906,3.2101344007122115,8,6,6,2,5,5,88,9,2,65,12,9,1.23259422252886e-4,639,9345
ESS11e04_2,11,4.2,02.07.2026,57260,FR,1.0043915510177612,0.9586697220802308,3.184376906,3.052765723473725,6,5,5,Not at all,77,6,66,8,1,54,17,8,1.215758384205401e-4,660,9552
ESS11e04_2,11,4.2,02.07.2026,57286,FR,1.0083423852920532,0.7450255155563354,3.184376906,2.372442046118338,7,7,4,2,4,1,5,8,2,44,17,10,1.210994814755395e-4,662,9531
ESS11e04_2,11,4.2,02.07.2026,57315,FR,1.003964900970459,0.965065896511078,3.184376906,3.073133553618062,5,6,4,2,1,2,9,7,1,53,12,8,1.216274977196008e-4,656,9441
ESS11e04_2,11,4.2,02.07.2026,57334,FR,0.9913966059684752,0.6364237070083618,3.184376906,2.0266129550283374,6,6,4,3,880,3,8,6,1,999,17,77,1.2316941865719855e-4,658,9384
ESS11e04_2,11,4.2,02.07.2026,57359,FR,1.0083423852920532,0.6155737042427063,3.184376906,1.960218687731348,7,8,4,3,30,5,66,7,1,77,17,9,1.210994814755395e-4,662,9531
ESS11e04_2,11,4.2,02.07.2026,57360,FR,1.0011866092681885,0.7820637822151184,3.184376906,2.4903858471048363,6,7,7,4,5,4,66,8,2,39,16,8,1.2196501484140754e-4,652,9471
ESS11e04_2,11,4.2,02.07.2026,57365,FR,1.005337476730347,1.1999319791793823,3.184376906,3.8210356832696974,3,8,2,2,40,8,66,7,1,-5,5,6,1.2146145309088752e-4,648,9488
ESS11e04_2,11,4.2,02.07.2026,57422,FR,0.9964633584022522,1.2617119550704956,3.184376906,4.017766411750595,5,10,7,3,5,88,66,10,1,80,9,5,1.225431333296001e-4,650,9505
ESS11e04_2,11,4.2,02.07.2026,57428,FR,1.003796100616455,0.7979695200920105,3.184376906,2.541035711472901,3,8,5,4,3,4,66,8,1,53,11,8,1.2164795771241188e-4,653,9456
ESS11e04_2,11,4.2,02.07.2026,57448,FR,1.0074642896652222,0.7827438712120056,3.184376906,2.492551506800549,5,8,6,1,99,5,66,9,999,43,150,9,1.2120503379264846e-4,656,9424
ESS11e04_2,11,4.2,02.07.2026,57462,FR,1.0030673742294312,0.7892237901687622,3.184376906,2.513186011079196,7,7,6,9,4,4,77,8,2,65,12,9,1.2173633149359377e-4,652,9469
ESS11e04_2,11,4.2,02.07.2026,57468,FR,0.996062397956848,1.4759864807128906,3.184376906,4.700097262750343,10,10,5,3,10,3,77,5,1,50,12,77,1.2259246432222426e-4,663,9562
ESS11e04_2,11,4.2,02.07.2026,57509,FR,1.0046193599700928,0.6833792328834534,3.184376906,2.1761370472340644,7,6,0,3,5,5,31,9,2,65,15,10,1.2154826254118234e-4,662,9270
ESS11e04_2,11,4.2,02.07.2026,57579,FR,0.98800528049469,0.6671440005302429,3.184376906,2.124437948264957,6,7,6,3,5,2,66,8,2,52,77,8,1.235921954503283e-4,644,9473
ESS11e04_2,11,4.2,02.07.2026,57586,FR,1.0047937631607056,1.025209903717041,3.184376906,3.2646547411990285,3,6,6,3,7,6,31,8,1,33,12,4,1.2152717681601644e-4,645,9392
ESS11e04_2,11,4.2,02.07.2026,57607,FR,1.000187873840332,0.55670928955078125,3.184376906,1.7727722050011747,8,8,5,3,6,5,3,8,3,999,14,3,1.2208679981995374e-4,643,9437
ESS11e04_2,11,4.2,02.07.2026,57626,FR,1.0015689134597778,1.5887454748153689,3.184376906,5.0591643995140645,5,7,5,3,30,88,88,8,2,17,12,77,1.2191847781650722e-4,648,9491
ESS11e04_2,11,4.2,02.07.2026,57661,FR,0.9902079105377196,1.0003503561019895,3.184376906,3.185492571880052,5,7,7,1,99,-1,4,8,2,46,15,10,1.2331728066783398e-4,637,9336
ESS11e04_2,11,4.2,02.07.2026,57665,FR,1.0091317892074585,1.1592360734939575,3.184376906,3.6914445810362766,7,5,5,3,5,1,66,5,1,28,19,6,1.2100476305931808e-4,642,9594
ESS11e04_2,11,4.2,02.07.2026,57700,FR,1.007500410079956,0.7204166650772095,3.184376906,2.2940781909694024,4,4,5,2,99,5,6,8,99,77,150,4,1.212006900459528e-4,661,9312
ESS11e04_2,11,4.2,02.07.2026,57726,FR,1.0004289150238037,1.1731218099594116,3.184376906,3.735661999559671,0,6,7,4,3,0,66,9,999,76,9,77,1.2205740495119244e-4,661,9496
ESS11e04_2,11,4.2,02.07.2026,57727,FR,0.982022225856781,0.6104908585548401,3.184376906,1.9440329913061452,5,8,9,2,99,7,8,6,2,78,15,8,1.2434519885573536e-4,665,9263
ESS11e04_2,11,4.2,02.07.2026,57732,FR,0.9905948042869568,0.826858639717102,3.184376906,2.633029556841714,4,3,4,1,0,0,9,8,1,85,17,10,1.232691138284281e-4,633,9331
ESS11e04_2,11,4.2,02.07.2026,57737,FR,1.005337476730347,0.7641801834106445,3.184376906,2.4334377280757007,4,5,5,Not at all,0,0,66,9,1,37,18,7,1.2146145309088752e-4,648,9488
ESS11e04_2,11,4.2,02.07.2026,57740,FR,1.000116229057312,1.102798342704773,3.184376906,3.5117255744841525,6,9,4,2,8,4,3,7,2,57,15,7,1.2209556007292122e-4,663,9556
ESS11e04_2,11,4.2,02.07.2026,57765,FR,1.0079360008239746,0.7831106781959534,3.184376906,2.4937195584891914,7,8,5,2,3,5,4,7,99,37,18,6,1.211483177030459e-4,658,9567
ESS11e04_2,11,4.2,02.07.2026,57773,FR,1.006556510925293,0.9960801005363464,3.184376906,3.1718944686740995,7,5,0,1,1,99,66,7,1,67,18,10,1.2131433322792871e-4,663,9559
ESS11e04_2,11,4.2,02.07.2026,57824,FR,0.9938702583312988,0.9534569382667542,3.184376906,3.0361662550821196,4,5,4,3,3,5,66,7,2,-5,12,5,1.2286286801099777e-4,645,9517
ESS11e04_2,11,4.2,02.07.2026,57852,FR,1.012199640274048,1.452790379524231,3.184376906,4.626232133815936,5,1,1,4,0,0,66,7,2,38,12,7,1.2063800386385992e-4,642,9595
ESS11e04_2,11,4.2,02.07.2026,57893,FR,1.0065141916275024,0.882931649684906,3.184376906,2.811587154833097,4,5,3,4,5,5,66,7,2,29,14,3,1.2131945550208913e-4,656,9398
ESS11e04_2,11,4.2,02.07.2026,57915,FR,1.0072211027145386,1.4254429340362549,3.184376906,4.539147559965931,3,8,7,3,77,6,77,3,2,19,12,8,1.212342904182151e-4,647,9535
ESS11e04_2,11,4.2,02.07.2026,57916,FR,0.9947951436042786,1.1106362342834473,3.184376906,3.5366843754190147,2,6,2,3,2,2,66,6,1,-5,12,4,1.227486354764551e-4,662,9514
ESS11e04_2,11,4.2,02.07.2026,57920,FR,1.0102531909942627,1.1523197889328003,3.184376906,3.669420524204403,8,9,5,1,7,5,77,8,2,31,18,2,1.2087044160580264e-4,642,9596
ESS11e04_2,11,4.2,02.07.2026,57940,FR,0.9968600273132324,1.1938997507095337,3.184376906,3.801826794238596,1,7,4,Not at all,4,0,66,8,1,81,17,4,1.2249436986166984e-4,661,9313
ESS11e04_2,11,4.2,02.07.2026,57942,FR,0.9924951195716858,1.1973443031311035,3.184376906,3.812795547421349,7,9,5,3,2,0,66,7,2,60,12,1,1.230330963153392e-4,620,9253
ESS11e04_2,11,4.2,02.07.2026,57948,FR,0.9991207122802734,0.6084285974502563,3.184376906,1.9374659746705667,0,4,3,4,2,1,66,5,2,68,9,2,1.2221721408423036e-4,643,9389
ESS11e04_2,11,4.2,02.07.2026,57964,FR,0.990227222442627,1.010347843170166,3.184376906,3.2173283388179863,3,7,5,4,0,1,66,6,1,22,12,8,1.233148796018213e-4,645,9518
ESS11e04_2,11,4.2,02.07.2026,57999,FR,1.0048445463180542,0.6665014624595642,3.184376906,2.122391864871462,1,5,5,3,5,5,66,6,1,45,14,88,1.2152102863183244e-4,653,9565
ESS11e04_2,11,4.2,02.07.2026,58013,FR,1.000241756439209,1.2066878080368042,3.184376906,3.84254878866416,5,7,8,1,7,5,66,9,2,72,150,7,1.2208023690618577e-4,663,9381
ESS11e04_2,11,4.2,02.07.2026,58045,FR,0.9965491890907288,1.3328155279159546,3.184376906,4.244186987053764,6,3,0,2,6,-1,2,10,1,16,11,1,1.2253258319105953e-4,662,9438
ESS11e04_2,11,4.2,02.07.2026,58077,FR,1.00588059425354,0.7486037015914917,3.184376906,2.3838363390940613,3,2,3,2,0,0,66,5,2,57,10,4,1.2139586760895328e-4,662,9272
ESS11e04_2,11,4.2,02.07.2026,58091,FR,1.0036118030548096,0.8431918621063232,3.184376906,2.685040693018512,1,3,4,3,3,1,66,10,1,28,11,8,1.2167030217824504e-4,661,9323
ESS11e04_2,11,4.2,02.07.2026,58120,FR,0.9964633584022522,0.7840278744697571,3.184376906,2.4966402571217614,2,5,2,3,5,7,66,7,2,65,12,8,1.225431333296001e-4,650,9505
ESS11e04_2,11,4.2,02.07.2026,58127,FR,1.0005507469177246,1.4160027503967283,3.184376906,4.509086457195824,0,5,5,4,0,0,66,5,2,25,13,5,1.2204252561787143e-4,647,9403
ESS11e04_2,11,4.2,02.07.2026,58132,FR,0.9981892108917236,1.107772946357727,3.184376906,3.527566587473123,0,7,5,3,88,2,66,10,999,36,11,6,1.2233125744387507e-4,650,9509
ESS11e04_2,11,4.2,02.07.2026,58158,FR,1.0029857158660889,1.1130974292755127,3.184376906,3.5445217479129107,2,7,5,1,2,2,5,10,2,43,15,10,1.2174624862382188e-4,652,9463
ESS11e04_2,11,4.2,02.07.2026,58185,FR,0.9914260506629944,1.141377329826355,3.184376906,3.6345756101309896,0,6,4,4,0,0,66,9,2,19,13,5,1.2316576612647623e-4,644,9519
ESS11e04_2,11,4.2,02.07.2026,58187,FR,0.9958574175834656,0.8030345439910889,3.184376906,2.5571646566054644,5,4,8,3,4,2,66,8,1,53,15,8,1.2261769734323025e-4,650,9504
ESS11e04_2,11,4.2,02.07.2026,58202,FR,0.9984743595123292,0.9530225396156312,3.184376906,3.0347829660494856,4,6,4,2,3,4,2,6,1,46,13,8,1.2229631829541177e-4,642,9586
ESS11e04_2,11,4.2,02.07.2026,58226,FR,0.9891202449798584,1.246006727218628,3.184376906,3.96775504687564,4,6,3,3,6,4,3,7,2,18,12,88,1.234528899658471e-4,662,9528
ESS11e04_2,11,4.2,02.07.2026,58283,FR,0.9922994375228882,0.6466635465621948,3.184376906,2.0592204636247087,5,3,3,3,1,0,66,10,2,57,-2,4,1.230573543580249e-4,654,9407
ESS11e04_2,11,4.2,02.07.2026,58291,FR,0.9994892477989196,0.9308444261550904,3.184376906,2.9641594937270916,4,5,2,3,5,5,66,5,2,62,11,8,1.221721468027681e-4,662,9529
ESS11e04_2,11,4.2,02.07.2026,58295,FR,1.012199640274048,1.022567629814148,3.184376906,3.2562407452033297,3,8,88,3,5,3,5,10,2,46,-2,10,1.2063800386385992e-4,642,9595
ESS11e04_2,11,4.2,02.07.2026,58330,FR,1.010847806930542,1.5430773496627808,3.184376906,4.9137398764378455,5,8,4,2,7,99,5,5,1,18,13,10,1.2079934822395444e-4,642,9546
ESS11e04_2,11,4.2,02.07.2026,58335,FR,0.988541841506958,1.2410155534744265,3.184376906,3.951861268470771,5,5,4,3,0,1,9,7,2,32,12,3,1.2352511112112552e-4,648,9475
ESS11e04_2,11,4.2,02.07.2026,58346,FR,1.004305720329285,0.7000618577003479,3.184376906,2.229260812432446,8,9,8,3,3,4,66,8,1,36,15,9,1.2158622121205552e-4,645,9399
ESS11e04_2,11,4.2,02.07.2026,58385,FR,0.993082880973816,0.6732196807861328,3.184376906,2.143785204160053,0,4,5,2,4,5,66,6,2,58,19,8,1.2296027853153646e-4,648,9482
ESS11e04_2,11,4.2,02.07.2026,58386,FR,0.9919158816337584,0.7303796410560608,3.184376906,2.3258040615914894,5,6,4,2,4,3,9,7,2,50,15,4,1.2310495367273688e-4,649,9549
ESS11e04_2,11,4.2,02.07.2026,58391,FR,0.9937443733215332,1.1334906816482544,3.184376906,3.609461549806899,4,4,3,1,5,5,66,7,2,30,15,8,1.228784240083769e-4,642,9589
ESS11e04_2,11,4.2,02.07.2026,58397,FR,0.9905755519866944,1.973075032234192,3.184376906,6.283014566451766,5,5,6,4,10,88,66,8,2,16,10,88,1.2327151489444077e-4,659,9372
ESS11e04_2,11,4.2,02.07.2026,58399,FR,1.0111894607543943,1.156743407249451,3.184376906,3.6835069922129033,4,6,5,4,77,4,66,8,1,46,14,5,1.2075853010173888e-4,659,9411
ESS11e04_2,11,4.2,02.07.2026,58422,FR,0.9991207122802734,0.5845780372619629,3.184376906,1.861516801611802,1,5,3,1,5,5,8,6,1,75,10,4,1.2221721408423036e-4,643,9389
ESS11e04_2,11,4.2,02.07.2026,58436,FR,0.989614188671112,0.773025393486023,3.184376906,2.461604210768454,3,3,4,2,4,3,66,5,2,54,15,9,1.23391262604855e-4,650,9508
ESS11e04_2,11,4.2,02.07.2026,58453,FR,1.0081826448440552,0.9184618592262268,3.184376906,2.9247287335618193,7,5,5,3,2,3,9,6,1,47,13,5,1.2111867545172572e-4,648,9493
ESS11e04_2,11,4.2,02.07.2026,58471,FR,0.9923677444458008,0.7095960378646851,3.184376906,2.2596212355654046,7,10,6,2,88,88,66,10,1,66,12,5,1.23048885143362e-4,662,9446
ESS11e04_2,11,4.2,02.07.2026,58499,FR,1.0051031112670898,0.7865814566612244,3.184376906,2.5047718252798425,5,7,2,9,0,4,8,9,2,72,12,1,1.2148975656600668e-4,656,9419
ESS11e04_2,11,4.2,02.07.2026,58544,FR,0.9920310378074646,0.7329729199409485,3.184376906,2.334062038983343,5,5,4,1,2,6,2,8,2,43,150,1,1.230906491400674e-4,662,9364
ESS11e04_2,11,4.2,02.07.2026,58577,FR,1.0119712352752686,0.6177887320518494,3.184376906,1.967272171132931,7,7,5,1,4,3,6,8,1,74,14,8,1.2066524504916742e-4,662,9402
ESS11e04_2,11,4.2,02.07.2026,58641,FR,1.0111021995544434,0.9543557167053224,3.184376906,3.039028304385506,2,4,4,3,0,2,66,8,1,31,15,7,1.2076894199708477e-4,647,9533
ESS11e04_2,11,4.2,02.07.2026,58642,FR,1.0383371114730835,1.652725338935852,3.184376906,5.262900401268349,5,6,7,3,6,7,9,8,2,17,12,88,1.176012447103858e-4,627,9314
ESS11e04_2,11,4.2,02.07.2026,58708,FR,1.0019608736038208,0.9331470727920532,3.184376906,2.971491988500515,6,8,8,1,77,88,5,9,2,69,12,8,1.2187076936243102e-4,659,9412
ESS11e04_2,11,4.2,02.07.2026,58726,FR,1.006556510925293,1.1667046546936035,3.184376906,3.715227358529015,2,8,3,8,3,2,9,7,1,61,14,10,1.2131433322792871e-4,663,9559
ESS11e04_2,11,4.2,02.07.2026,58738,FR,0.9953275322914124,1.0128253698349,3.184376906,3.225217717513164,5,5,5,1,0,3,3,6,2,55,14,6,1.226829772349447e-4,642,9584
ESS11e04_2,11,4.2,02.07.2026,58745,FR,1.0043740272521973,1.2116749286651611,3.184376906,3.858429660420536,4,8,8,2,5,7,5,9,2,81,12,2,1.2157796300016344e-4,663,9558
ESS11e04_2,11,4.2,02.07.2026,58749,FR,1.011772871017456,1.0551608800888062,3.184376906,3.3600299386694292,7,7,7,2,6,5,2,9,999,36,19,9,1.2068889191141352e-4,642,9577
ESS11e04_2,11,4.2,02.07.2026,58757,FR,1.0070327520370483,0.6261977553367615,3.184376906,1.9940496706834216,4,8,6,2,77,5,8,8,1,76,11,7,1.2125697685405612e-4,653,9448
ESS11e04_2,11,4.2,02.07.2026,58790,FR,1.0009958744049072,0.763493001461029,3.184376906,2.431249481745125,7,9,8,3,0,0,66,9,1,-5,14,5,1.2198826880194248e-4,662,9365
ESS11e04_2,11,4.2,02.07.2026,58854,FR,1.0106914043426514,0.7682489156723022,3.184376906,2.4463941051264206,5,8,4,2,5,3,66,7,1,1980,15,7,1.2081803288310766e-4,649,9550
ESS11e04_2,11,4.2,02.07.2026,58860,FR,1.013024926185608,0.7577353715896606,3.184376906,2.4129150181494436,5,5,5,3,2,88,77,7,1,36,12,5,1.2053972022840752e-4,643,9435
ESS11e04_2,11,4.2,02.07.2026,58881,FR,0.9914478659629822,0.9032167792320251,3.184376906,2.876182652898161,3,1,1,3,3,3,9,3,1,42,12,8,1.2316305947024375e-4,648,9490
ESS11e04_2,11,4.2,02.07.2026,58914,FR,1.0030673742294312,1.1131879091262815,3.184376906,3.544809869860158,1,1,1,4,1,1,66,9,2,53,15,77,1.2173633149359377e-4,652,9469
ESS11e04_2,11,4.2,02.07.2026,58916,FR,1.010384440422058,0.920469045639038,3.184376906,2.9311203716208127,5,5,2,3,0,2,66,7,3,54,14,7,1.208547328133136e-4,648,9477
ESS11e04_2,11,4.2,02.07.2026,58928,FR,0.9936361312866212,1.1414371728897097,3.184376906,3.63476617299992,3,5,4,2,77,4,6,8,1,22,16,7,1.22891811770387e-4,642,9574
ESS11e04_2,11,4.2,02.07.2026,58942,FR,0.9641681909561156,1.1631696224212646,3.184376906,3.7039704833990146,4,5,2,2,7,3,3,6,2,67,12,6,1.2664776295423508e-4,655,9260
ESS11e04_2,11,4.2,02.07.2026,58963,FR,1.010336995124817,1.0827308893203735,3.184376906,3.4478232393646393,0,8,2,3,3,2,5,6,2,79,5,4,1.2086040078429504e-4,644,9520
ESS11e04_2,11,4.2,02.07.2026,58997,FR,0.9924787282943726,0.6405571103096008,3.184376906,2.039775269043987,0,5,2,1,6,4,3,6,1,68,15,9,1.2303511903155595e-4,652,9571
ESS11e04_2,11,4.2,02.07.2026,59010,FR,0.9997414350509644,0.6800611019134521,3.184376906,2.1655708676021095,6,7,5,1,6,7,77,8,2,71,15,8,1.2214132584631443e-4,662,9527
ESS11e04_2,11,4.2,02.07.2026,59011,FR,1.0094072818756104,0.9892048239707948,3.184376906,3.150000996756394,6,8,8,2,5,4,7,10,1,89,12,4,1.2097173748770727e-4,643,9436
ESS11e04_2,11,4.2,02.07.2026,59043,FR,0.995244801044464,0.7157398462295532,3.184376906,2.2791854370373805,5,7,5,1,7,6,5,8,2,63,14,8,1.226931781275198e-4,650,9506
ESS11e04_2,11,4.2,02.07.2026,59067,FR,0.9892414808273317,0.6350404620170593,3.184376906,2.022208181622694,8,8,7,3,7,5,66,6,1,999,16,4,1.2343775597400963e-4,656,9421
ESS11e04_2,11,4.2,02.07.2026,59096,FR,1.0046193599700928,1.8113850355148315,3.184376906,5.768132674967419,5,5,8,3,1,2,66,4,1,41,9,77,1.2154826254118234e-4,662,9270
ESS11e04_2,11,4.2,02.07.2026,59128,FR,0.990239143371582,0.7749489545822144,3.184376906,2.4677295543004463,7,6,5,2,77,6,66,7,2,59,14,8,1.23313395306468e-4,656,9423
ESS11e04_2,11,4.2,02.07.2026,59155,FR,0.99416184425354,0.7313884496688843,3.184376906,2.3290164884407383,7,8,5,2,8,88,88,8,1,28,88,6,1.228268229169771e-4,654,9395
ESS11e04_2,11,4.2,02.07.2026,59179,FR,0.995244801044464,0.7830692529678345,3.184376906,2.493587644949444,7,7,5,1,4,6,5,8,2,69,12,4,1.226931781275198e-4,650,9506
ESS11e04_2,11,4.2,02.07.2026,59193,FR,1.013024926185608,0.6168956160545349,3.184376906,1.9644281531767036,2,3,2,4,0,0,88,6,2,70,9,3,1.2053972022840752e-4,643,9435
ESS11e04_2,11,4.2,02.07.2026,59214,FR,1.0009958744049072,1.1988532543182373,3.184376906,3.817600616733939,5,8,7,2,4,2,8,8,3,81,88,6,1.2198826880194248e-4,662,9365
ESS11e04_2,11,4.2,02.07.2026,59218,FR,0.9991207122802734,0.6868544220924377,3.184376906,2.187203359495135,6,4,2,3,99,8,88,8,1,26,18,10,1.2221721408423036e-4,643,9389
ESS11e04_2,11,4.2,02.07.2026,59223,FR,1.0048445463180542,0.94174325466156,3.184376906,2.9988654715255483,4,7,4,3,5,3,66,7,2,25,18,8,1.2152102863183244e-4,653,9565
ESS11e04_2,11,4.2,02.07.2026,59228,FR,0.989213526248932,1.8089426755905151,3.184376906,5.760355280428286,5,8,5,3,9,6,66,8,1,17,10,88,1.234412338817492e-4,642,9581
ESS11e04_2,11,4.2,02.07.2026,59231,FR,1.0094072818756104,0.8670140504837036,3.184376906,2.7608995195378236,5,4,3,3,2,3,66,8,2,49,12,8,1.2097173748770727e-4,643,9436
ESS11e04_2,11,4.2,02.07.2026,59274,FR,1.0066765546798706,0.6462328433990479,3.184376906,2.0578489424186426,6,7,4,1,8,8,5,7,1,60,14,8,1.2129988317610696e-4,656,9422
ESS11e04_2,11,4.2,02.07.2026,59287,FR,1.0011866092681885,0.7877445816993713,3.184376906,2.508475653790108,3,6,5,3,5,6,66,7,2,62,13,4,1.2196501484140754e-4,652,9471
ESS11e04_2,11,4.2,02.07.2026,59313,FR,1.009801149368286,1.1744587421417236,3.184376906,3.7399192955259135,3,7,4,4,5,3,66,7,1,17,12,88,1.2092453835066408e-4,653,9455
ESS11e04_2,11,4.2,02.07.2026,59319,FR,1.005853295326233,1.1808654069900513,3.184376906,3.76032053111341,4,7,4,1,7,88,66,5,1,-5,16,7,1.2139916361775248e-4,656,9442
ESS11e04_2,11,4.2,02.07.2026,59335,FR,1.0102577209472656,1.2457079887390137,3.184376906,3.966803750960223,5,8,8,3,0,2,66,7,2,1980,11,7,1.2086990318493918e-4,658,9387
ESS11e04_2,11,4.2,02.07.2026,59362,FR,0.9943851828575134,1.0145907402038574,3.184376906,3.230839322146609,3,7,3,4,3,2,66,8,1,19,13,2,1.2279924703761935e-4,645,9440
ESS11e04_2,11,4.2,02.07.2026,59399,FR,1.0066200494766235,1.148175835609436,3.184376906,3.656224614941941,5,6,5,9,6,5,66,8,2,26,16,9,1.2130669347243384e-4,642,9547
ESS11e04_2,11,4.2,02.07.2026,59406,FR,1.003796100616455,0.7333923578262329,3.184376906,2.335397687298744,3,7,2,3,2,-1,77,10,1,34,88,8,1.2164795771241188e-4,653,9456
ESS11e04_2,11,4.2,02.07.2026,59426,FR,1.011772871017456,1.7426788806915283,3.184376906,5.549346382248031,5,5,5,3,4,3,66,8,2,34,12,6,1.2068889191141352e-4,642,9577
ESS11e04_2,11,4.2,02.07.2026,59430,FR,0.9872881770133972,0.9252904653549194,3.184376906,2.9464735892181984,5,8,6,3,8,7,66,9,2,34,17,10,1.2368196621537209e-4,647,9534
ESS11e04_2,11,4.2,02.07.2026,59435,FR,1.0046193599700928,0.718355655670166,3.184376906,2.2875151602105643,8,8,5,3,1,3,66,8,1,-5,12,77,1.2154826254118234e-4,662,9270
ESS11e04_2,11,4.2,02.07.2026,59503,FR,1.0094072818756104,0.6299769878387451,3.184376906,2.0060841713851425,6,8,6,2,4,5,5,8,1,39,15,10,1.2097173748770727e-4,643,9436
ESS11e04_2,11,4.2,02.07.2026,59528,FR,1.006980061531067,2.005746841430664,3.184376906,6.3870539211342505,3,8,7,3,99,99,66,10,2,1980,10,88,1.2126332148909567e-4,659,9413
ESS11e04_2,11,4.2,02.07.2026,59555,FR,1.0083423852920532,0.7210178971290588,3.184376906,2.2959927404304583,6,8,5,3,5,99,9,7,1,1980,9,5,1.210994814755395e-4,662,9531
ESS11e04_2,11,4.2,02.07.2026,59585,FR,1.0008714199066162,0.9308983087539672,3.184376906,2.9643310762305908,3,5,4,1,4,3,66,9,2,63,17,10,1.220034246216528e-4,640,9346
ESS11e04_2,11,4.2,02.07.2026,59599,FR,0.9938702583312988,0.6711052656173706,3.184376906,2.1370521093269508,8,8,5,3,77,8,66,8,2,51,15,5,1.2286286801099777e-4,645,9517
ESS11e04_2,11,4.2,02.07.2026,59615,FR,0.9984743595123292,1.016027331352234,3.184376906,3.2354139698228632,5,7,5,3,6,5,66,7,2,56,13,8,1.2229631829541177e-4,642,9586
ESS11e04_2,11,4.2,02.07.2026,59646,FR,0.9981385469436646,1.024890422821045,3.184376906,3.2636373936119107,0,10,10,3,5,5,66,8,2,76,5,6,1.223374711116776e-4,654,9467
ESS11e04_2,11,4.2,02.07.2026,59656,FR,0.9981845021247864,0.7137546539306641,3.184376906,2.2728638365268288,5,5,7,2,5,6,31,7,999,76,10,7,1.223318395204842e-4,662,9526
ESS11e04_2,11,4.2,02.07.2026,59775,FR,1.0078994035720823,0.7687581777572632,3.184376906,2.4480157875488717,7,7,3,Not at all,6,3,66,8,1,40,88,10,1.2115270510548726e-4,662,9271
ESS11e04_2,11,4.2,02.07.2026,59779,FR,0.9995234608650208,0.6422222256660461,3.184376906,2.0450776239308777,4,5,2,4,2,0,66,7,2,51,14,6,1.2216795585118234e-4,653,9454
ESS11e04_2,11,4.2,02.07.2026,59803,FR,1.0047086477279663,0.8861032724380493,3.184376906,2.82168679708275,6,7,4,4,5,3,66,6,2,23,15,1,1.215374722960405e-4,626,9306
ESS11e04_2,11,4.2,02.07.2026,59819,FR,1.0036118030548096,0.7415297627449036,3.184376906,2.36131025159653,7,6,5,9,5,3,66,8,2,46,19,10,1.2167030217824504e-4,661,9323
ESS11e04_2,11,4.2,02.07.2026,59838,FR,1.004228115081787,1.2607088088989258,3.184376906,4.014572016248506,2,3,1,4,5,4,88,10,2,25,14,1,1.2159562174929306e-4,649,9298
ESS11e04_2,11,4.2,02.07.2026,59884,FR,0.9994892477989196,0.679890513420105,3.184376906,2.165027649543465,7,8,7,2,4,5,88,10,999,55,19,10,1.221721468027681e-4,662,9529
ESS11e04_2,11,4.2,02.07.2026,59903,FR,0.9883663058280944,0.7776577472686768,3.184376906,2.4763553711743587,1,3,5,4,10,0,66,5,2,71,14,77,1.235470554092899e-4,651,9367
ESS11e04_2,11,4.2,02.07.2026,59919,FR,0.9943851828575134,0.6181766986846924,3.184376906,1.9685076031188549,7,7,5,1,6,6,8,8,2,57,15,7,1.2279924703761935e-4,645,9440
ESS11e04_2,11,4.2,02.07.2026,59935,FR,1.0048445463180542,0.6503309607505798,3.184376906,2.070898892670938,7,9,9,3,4,4,66,8,2,63,11,2,1.2152102863183244e-4,653,9565
ESS11e04_2,11,4.2,02.07.2026,59959,FR,0.9863346219062804,1.343290090560913,3.184376906,4.27754194244082,5,6,3,2,2,1,2,7,1,20,14,5,1.2380153930280358e-4,663,9380
ESS11e04_2,11,4.2,02.07.2026,59994,FR,0.997926652431488,1.191086769104004,3.184376906,3.792869200576944,5,5,5,2,10,5,31,5,1,72,9,2,1.2236344628036022e-4,648,9480
ESS11e04_2,11,4.2,02.07.2026,60000,FR,1.0017681121826172,0.6229246854782104,3.184376906,1.9836269826141268,8,7,3,9,8,6,66,7,1,62,10,5,1.2189422704977916e-4,653,9449
ESS11e04_2,11,4.2,02.07.2026,60021,FR,0.9977903366088868,0.7542961835861206,3.184376906,2.4019633472955784,6,8,5,9,3,3,9,8,999,66,77,5,1.2238016643095762e-4,652,9468
ESS11e04_2,11,4.2,02.07.2026,60030,FR,0.9991207122802734,0.7473342418670654,3.184376906,2.3797939008645015,3,6,3,3,7,99,9,4,1,36,13,9,1.2221721408423036e-4,643,9389
ESS11e04_2,11,4.2,02.07.2026,60058,FR,1.0119712352752686,1.062287211418152,3.184376906,3.3827228635791022,7,6,5,3,5,2,66,8,2,46,13,7,1.2066524504916742e-4,662,9402
ESS11e04_2,11,4.2,02.07.2026,60070,FR,1.003911375999451,0.8051844239234924,3.184376906,2.564010684612883,5,8,2,1,2,-1,66,8,1,47,20,7,1.2163399514975026e-4,656,9418
ESS11e04_2,11,4.2,02.07.2026,60100,FR,0.9925038814544678,0.9821738004684448,3.184376906,3.1276115678899674,8,10,8,1,6,7,5,9,1,66,14,10,1.2303200492169708e-4,663,9555
ESS11e04_2,11,4.2,02.07.2026,60108,FR,0.9994892477989196,1.0491842031478882,3.184376906,3.3409979466441473,0,5,2,8,3,0,66,6,2,52,15,4,1.221721468027681e-4,662,9529
ESS11e04_2,11,4.2,02.07.2026,60121,FR,1.0082485675811768,1.957431077957153,3.184376906,6.233198319733444,0,5,5,4,0,0,9,7,1,65,5,2,1.211107664857991e-4,663,9378
ESS11e04_2,11,4.2,02.07.2026,60139,FR,1.0047086477279663,0.8101721405982971,3.184376906,2.579893454405802,3,8,3,3,50,4,66,6,1,-5,15,6,1.215374722960405e-4,626,9309
ESS11e04_2,11,4.2,02.07.2026,60144,FR,0.9979729652404784,0.6406455636024475,3.184376906,2.040056937666988,8,7,6,Not at all,2,4,66,9,1,76,77,9,1.2235777103342116e-4,656,9417
ESS11e04_2,11,4.2,02.07.2026,60149,FR,0.993925929069519,0.60677170753479,3.184376906,1.9321898126879715,9,9,3,1,10,99,2,8,1,67,17,9,1.2285598495509475e-4,662,9445
ESS11e04_2,11,4.2,02.07.2026,60216,FR,0.9977354407310486,1.1949502229690552,3.184376906,3.8051718938422097,0,7,5,Not at all,0,0,66,8,1,69,9,6,1.2238690396770835e-4,662,9285
ESS11e04_2,11,4.2,02.07.2026,60217,FR,1.0082485675811768,1.1117647886276243,3.184376906,3.540278117809778,8,8,5,1,6,4,66,10,2,71,17,7,1.211107664857991e-4,663,9378
ESS11e04_2,11,4.2,02.07.2026,60271,FR,0.9962031841278076,1.0268455743789673,3.184376906,3.2698633330806883,6,7,4,1,6,5,66,6,2,19,12,5,1.2257513299118727e-4,643,9390
ESS11e04_2,11,4.2,02.07.2026,60361,FR,1.0057075023651123,0.8109772205352783,3.184376906,2.5824571323646093,6,7,5,3,5,4,5,9,1,39,19,10,1.214167568832636e-4,652,9472
ESS11e04_2,11,4.2,02.07.2026,60364,FR,1.0111894607543943,0.9651594161987304,3.184376906,3.0734313555516795,2,7,2,3,5,4,66,9,1,45,15,8,1.2075853010173888e-4,659,9411
ESS11e04_2,11,4.2,02.07.2026,60385,FR,0.993885338306427,0.7721942663192749,3.184376906,2.4589575886127126,0,7,4,2,4,3,66,8,2,39,17,7,1.2286100536584854e-4,658,9568
ESS11e04_2,11,4.2,02.07.2026,60391,FR,1.003503918647766,1.0533971786499023,3.184376906,3.354413648538305,2,2,2,4,6,4,66,6,2,41,12,5,1.2168336979812012e-4,662,9269
ESS11e04_2,11,4.2,02.07.2026,60403,FR,0.9942508339881896,0.7958609461784363,3.184376906,2.5343212173979213,6,8,8,3,10,10,66,7,1,42,12,8,1.2281582166906446e-4,654,9433
ESS11e04_2,11,4.2,02.07.2026,60435,FR,1.0041191577911377,0.7510733604431152,3.184376906,2.39170066370687,3,5,4,3,3,-1,66,5,1,44,12,77,1.216088203364052e-4,643,9406
ESS11e04_2,11,4.2,02.07.2026,60448,FR,1.0080525875091553,1.0257744789123535,3.184376906,3.2664525614126823,6,7,5,1,0,3,10,8,2,71,13,8,1.2113428965676576e-4,642,9583
ESS11e04_2,11,4.2,02.07.2026,60457,FR,1.0119718313217163,0.5920962691307068,3.184376906,1.8854576855485832,2,6,4,3,3,2,66,8,1,69,88,7,1.2066517228959128e-4,643,9388
ESS11e04_2,11,4.2,02.07.2026,60528,FR,0.9906035661697388,0.8268647193908691,3.184376906,2.6330489168144537,4,4,4,2,6,3,4,8,1,67,20,7,1.2326802243478596e-4,642,9597
ESS11e04_2,11,4.2,02.07.2026,60567,FR,0.9914103746414183,0.7573889493942261,3.184376906,2.411811879310576,5,7,5,3,8,5,8,7,1,58,14,8,1.231677015312016e-4,660,9553
ESS11e04_2,11,4.2,02.07.2026,60586,FR,1.0081826448440552,0.8441333174705505,3.184376906,2.6880386417383875,6,5,3,3,6,5,66,7,1,22,14,5,1.2111867545172572e-4,648,9493
ESS11e04_2,11,4.2,02.07.2026,60592,FR,1.0014140605926514,1.812328100204468,3.184376906,5.77113574838596,5,4,4,9,8,4,5,7,1,19,150,10,1.2193732254672796e-4,664,9261
ESS11e04_2,11,4.2,02.07.2026,60596,FR,0.9937443733215332,1.141560673713684,3.184376906,3.6351594461716568,5,10,10,4,0,0,66,5,1,21,14,6,1.228784240083769e-4,642,9589
ESS11e04_2,11,4.2,02.07.2026,60618,FR,1.0065141916275024,0.7876858711242676,3.184376906,2.50828869719061,6,6,8,2,7,3,5,7,99,70,13,7,1.2131945550208913e-4,656,9398
ESS11e04_2,11,4.2,02.07.2026,60631,FR,1.001470685005188,1.3639050722122192,3.184376906,4.343187813928853,5,8,3,1,0,5,9,8,1,28,16,3,1.2193042493890972e-4,663,9360
ESS11e04_2,11,4.2,02.07.2026,60666,FR,1.0146218538284302,0.8524430394172668,3.184376906,2.714499928400792,4,6,3,1,7,6,8,6,1,32,17,7,1.2035001418553291e-4,631,9325
ESS11e04_2,11,4.2,02.07.2026,60685,FR,1.0070327520370483,0.6470474004745483,3.184376906,2.060442799158485,7,8,6,3,5,-1,8,9,2,49,17,9,1.2125697685405612e-4,653,9448
ESS11e04_2,11,4.2,02.07.2026,60688,FR,1.000187873840332,0.9137043356895448,3.184376906,2.9095789854818577,3,5,0,4,0,0,66,9,1,33,11,7,1.2208679981995374e-4,643,9437
ESS11e04_2,11,4.2,02.07.2026,60709,FR,0.9887039065361024,1.1499196290969849,3.184376906,3.661777510652524,5,9,4,2,6,5,66,6,1,17,11,7,1.2350486940704286e-4,653,9564
ESS11e04_2,11,4.2,02.07.2026,60713,FR,1.0028046369552612,0.7791239619255066,3.184376906,2.4810243512668064,7,7,7,2,3,4,2,7,2,39,19,7,1.2176822201581672e-4,658,9569
ESS11e04_2,11,4.2,02.07.2026,60714,FR,0.9902079105377196,1.0076160430908203,3.184376906,3.208629257733509,5,6,0,9,0,0,4,6,2,72,12,5,1.2331728066783398e-4,637,9337
ESS11e04_2,11,4.2,02.07.2026,60728,FR,1.000116229057312,1.2365374565124512,3.184376906,3.9376013199222286,7,7,8,1,3,4,77,8,1,42,19,7,1.2209556007292122e-4,663,9556
ESS11e04_2,11,4.2,02.07.2026,60778,FR,0.9938702583312988,0.6494794487953186,3.184376906,2.0681873576654217,4,7,4,4,1,1,66,6,1,76,11,77,1.2286286801099777e-4,645,9517
ESS11e04_2,11,4.2,02.07.2026,60889,FR,0.9970020055770874,0.7616599202156067,3.184376906,2.4254122601603805,5,5,6,9,7,5,6,8,1,1980,19,8,1.2247693666722623e-4,622,9277
ESS11e04_2,11,4.2,02.07.2026,60896,FR,0.9891202449798584,1.184630274772644,3.184376906,3.7723092891344416,1,2,2,3,0,0,9,10,1,67,5,6,1.234528899658471e-4,662,9528
ESS11e04_2,11,4.2,02.07.2026,60917,FR,0.9933843016624452,1.3158795833587646,3.184376906,4.1902565563245515,5,7,6,3,6,7,66,9,2,1980,14,8,1.2292296742089093e-4,657,9391
ESS11e04_2,11,4.2,02.07.2026,60922,FR,0.9977903366088868,1.6790616512298584,3.184376906,5.346765145926587,3,4,2,4,2,2,66,8,2,21,9,10,1.2238016643095762e-4,652,9468
ESS11e04_2,11,4.2,02.07.2026,60950,FR,1.0021493434906006,0.6530821323394775,3.184376906,2.0796596599430677,0,5,0,4,5,0,88,6,2,55,88,5,1.2184785737190396e-4,654,9466
ESS11e04_2,11,4.2,02.07.2026,61006,FR,1.000187873840332,0.6046862006187439,3.184376906,1.925548772627211,6,8,6,2,5,6,10,8,2,52,15,9,1.2208679981995374e-4,643,9437
ESS11e04_2,11,4.2,02.07.2026,61010,FR,0.9917095899581908,0.7496994733810425,3.184376906,2.3873256894749533,2,10,2,3,0,0,66,8,1,55,77,5,1.2313055049162358e-4,652,9464
ESS11e04_2,11,4.2,02.07.2026,61011,FR,0.995244801044464,1.1747148036956787,3.184376906,3.7407346920248425,7,7,4,2,4,7,66,9,1,20,14,5,1.226931781275198e-4,650,9506
ESS11e04_2,11,4.2,02.07.2026,61052,FR,0.9988994002342224,0.8579872250556946,3.184376906,2.732154705110378,8,4,9,1,8,6,66,10,2,51,12,2,1.2224429519847035e-4,643,9452
ESS11e04_2,11,4.2,02.07.2026,61079,FR,1.0007920265197754,1.0469560623168943,3.184376906,3.3339027064386157,5,5,7,4,5,3,66,10,999,53,12,77,1.2201310892123728e-4,648,9492
ESS11e04_2,11,4.2,02.07.2026,61123,FR,0.9938450455665588,0.7371148467063904,3.184376906,2.3472514949215597,0,5,5,3,2,8,7,7,2,55,12,6,1.2286598212085664e-4,648,9476
ESS11e04_2,11,4.2,02.07.2026,61127,FR,0.989917814731598,0.8857904076576233,3.184376906,2.820690517701261,3,5,5,3,30,2,66,7,3,69,12,6,1.2335341307334602e-4,659,9502
ESS11e04_2,11,4.2,02.07.2026,61135,FR,1.0045478343963623,0.7861469388008118,3.184376906,2.5033881566399003,5,7,7,3,6,4,66,8,2,69,14,88,1.2155692093074322e-4,658,9386
ESS11e04_2,11,4.2,02.07.2026,61137,FR,0.9936723709106444,0.7105284929275513,3.184376906,2.2625905239334783,5,9,8,4,5,5,66,10,1,60,11,8,1.2288732978049666e-4,642,9578
ESS11e04_2,11,4.2,02.07.2026,61138,FR,1.0121078491210938,0.8448148965835571,3.184376906,2.6902090465254576,7,7,3,1,5,5,66,9,1,57,17,9,1.2064893235219644e-4,642,9541
ESS11e04_2,11,4.2,02.07.2026,61142,FR,0.992700219154358,1.224058747291565,3.184376906,3.897864406462549,0,2,0,4,0,0,9,2,2,76,5,1,1.2300767411943525e-4,658,9566
ESS11e04_2,11,4.2,02.07.2026,61186,FR,0.993925929069519,1.0433428287506104,3.184376906,3.322396808914156,3,7,5,3,3,3,66,9,999,53,11,7,1.2285598495509475e-4,662,9445
ESS11e04_2,11,4.2,02.07.2026,61234,FR,1.0066765546798706,0.9676722288131714,3.184376906,3.0814330980102107,5,7,7,3,5,5,9,7,1,52,11,7,1.2129988317610696e-4,656,9422
ESS11e04_2,11,4.2,02.07.2026,61257,FR,0.9995234608650208,0.6468876600265503,3.184376906,2.059934125364926,2,5,2,3,5,99,66,5,2,61,9,2,1.2216795585118234e-4,653,9454
ESS11e04_2,11,4.2,02.07.2026,61260,FR,1.0047937631607056,1.025209903717041,3.184376906,3.2646547411990285,5,6,2,3,99,6,66,7,99,20,15,9,1.2152717681601644e-4,645,9392
ESS11e04_2,11,4.2,02.07.2026,61276,FR,1.0102531909942627,1.1605243682861328,3.184376906,3.6955469972206,5,6,4,1,4,2,66,8,99,33,20,8,1.2087044160580264e-4,642,9596
ESS11e04_2,11,4.2,02.07.2026,61291,FR,1.0116831064224243,0.7275620698928833,3.184376906,2.3168318530484555,5,7,7,8,6,6,8,10,2,63,16,9,1.206996021210216e-4,651,9459
ESS11e04_2,11,4.2,02.07.2026,61308,FR,0.9976764917373656,1.4031003713607788,3.184376906,4.468000419361288,6,8,5,1,70,6,66,7,1,16,11,7,1.2239412171766162e-4,657,9396
ESS11e04_2,11,4.2,02.07.2026,61321,FR,1.0116831064224243,1.1227483749389648,3.184376906,3.575253996404669,0,1,2,4,0,0,66,6,2,35,14,6,1.206996021210216e-4,651,9459
ESS11e04_2,11,4.2,02.07.2026,61334,FR,0.9990290403366088,0.8012686371803284,3.184376906,2.5515413437391303,5,7,6,3,77,3,66,6,1,42,20,6,1.2222843361087143e-4,656,9420
ESS11e04_2,11,4.2,02.07.2026,61379,FR,1.005337476730347,1.051711916923523,3.184376906,3.349047140016257,2,5,5,3,0,0,66,5,2,52,16,3,1.2146145309088752e-4,648,9488
ESS11e04_2,11,4.2,02.07.2026,61433,FR,0.9914103746414183,1.5628536939620972,3.184376906,4.976715210509694,5,5,6,3,4,5,66,7,2,22,150,6,1.231677015312016e-4,660,9553
ESS11e04_2,11,4.2,02.07.2026,61436,FR,0.9939138293266296,1.711918830871582,3.184376906,5.451394789973985,1,1,1,4,1,1,66,5,2,32,12,2,1.2285748380236328e-4,642,9539
ESS11e04_2,11,4.2,02.07.2026,61455,FR,0.9958574175834656,0.7161798477172852,3.184376906,2.2805865676135193,4,8,6,1,40,4,3,7,2,62,77,8,1.2261769734323025e-4,650,9504
ESS11e04_2,11,4.2,02.07.2026,61456,FR,1.0054736137390137,0.7457394003868103,3.184376906,2.374715324486046,5,8,1,9,5,1,66,8,2,67,11,4,1.2144500942667946e-4,648,9495
ESS11e04_2,11,4.2,02.07.2026,61483,FR,0.9966332912445068,0.7493778467178345,3.184376906,2.38630150895628,4,3,2,3,2,3,66,8,1,75,10,5,1.225222513312474e-4,658,9385
ESS11e04_2,11,4.2,02.07.2026,61497,FR,0.9925038814544678,1.926862359046936,3.184376906,6.135855997189743,5,7,6,4,4,5,9,7,1,79,9,77,1.2303200492169708e-4,663,9555
ESS11e04_2,11,4.2,02.07.2026,61530,FR,1.0014375448226929,1.0116949081420898,3.184376906,3.221617901405462,3,5,2,Not at all,77,2,2,8,2,35,18,7,1.2193446309538558e-4,647,9405
ESS11e04_2,11,4.2,02.07.2026,61541,FR,0.9977903366088868,0.7542961835861206,3.184376906,2.4019633472955784,4,5,3,3,3,2,66,10,1,64,11,8,1.2238016643095762e-4,652,9468
ESS11e04_2,11,4.2,02.07.2026,61547,FR,1.00359308719635,1.175328493118286,3.184376906,3.74268891044965,2,5,5,1,3,3,4,5,1,19,13,10,1.2167257227702066e-4,654,9465
ESS11e04_2,11,4.2,02.07.2026,61575,FR,0.9942508339881896,0.726283073425293,3.184376906,2.312759046234205,6,5,6,3,4,4,88,8,2,28,19,6,1.2281582166906446e-4,654,9433
ESS11e04_2,11,4.2,02.07.2026,61578,FR,1.0011167526245115,0.6524097919464111,3.184376906,2.077518674722416,0,7,4,2,5,3,66,5,2,68,12,6,1.2197353498777376e-4,654,9409
ESS11e04_2,11,4.2,02.07.2026,61585,FR,0.9969398975372314,1.2558565139770508,3.184376906,3.9991204803581866,4,9,8,4,5,4,66,8,2,20,88,9,1.2248456187080592e-4,662,9530
ESS11e04_2,11,4.2,02.07.2026,61597,FR,1.0063419342041016,1.345914006233215,3.184376906,4.28589747891099,3,7,1,4,0,3,66,10,1,18,11,5,1.2134021380916238e-4,662,9513
ESS11e04_2,11,4.2,02.07.2026,61609,FR,0.989611029624939,1.2412433624267578,3.184376906,3.952586698037555,0,2,2,4,0,0,66,8,1,31,12,7,1.2339165550656617e-4,647,9536
ESS11e04_2,11,4.2,02.07.2026,61611,FR,0.9914074540138244,1.130824327468872,3.184376906,3.6009708731348575,5,8,7,2,10,7,66,8,2,30,20,9,1.231680653290823e-4,642,9575
ESS11e04_2,11,4.2,02.07.2026,61616,FR,0.99384605884552,0.7343139052391052,3.184376906,2.3383322415980787,2,7,2,1,2,1,66,8,2,54,16,9,1.228658511536196e-4,662,9401
ESS11e04_2,11,4.2,02.07.2026,61634,FR,1.0133479833602903,1.0568047761917114,3.184376906,3.3652647234553843,7,5,4,3,5,5,66,7,1,41,77,7,1.2050129589624704e-4,637,9335
ESS11e04_2,11,4.2,02.07.2026,61644,FR,0.99384605884552,0.9085105061531068,3.184376906,2.893039874652324,5,4,3,2,99,99,2,5,1,49,11,3,1.228658511536196e-4,662,9401
ESS11e04_2,11,4.2,02.07.2026,61649,FR,1.0006763935089111,1.4683986902236938,3.184376906,4.675934877948978,5,8,5,3,5,7,5,10,2,76,9,4,1.2202720972709358e-4,659,9427
ESS11e04_2,11,4.2,02.07.2026,61679,FR,0.9974681735038756,0.7369911074638367,3.184376906,2.3468574625352057,5,8,7,2,8,7,5,10,99,48,17,10,1.2241968943271786e-4,662,9439
ESS11e04_2,11,4.2,02.07.2026,61682,FR,0.997926652431488,0.711127758026123,3.184376906,2.2644988098739423,2,2,1,3,0,0,31,5,1,64,-2,5,1.2236344628036022e-4,648,9480
ESS11e04_2,11,4.2,02.07.2026,61726,FR,1.0065141916275024,0.7568073868751526,3.184376906,2.4099599650554433,5,5,5,2,5,4,77,5,1,66,11,6,1.2131945550208913e-4,656,9398
ESS11e04_2,11,4.2,02.07.2026,61752,FR,0.9981845021247864,1.1704891920089722,3.184376906,3.7272787517559705,7,8,7,1,4,3,88,8,3,61,10,4,1.223318395204842e-4,662,9526
ESS11e04_2,11,4.2,02.07.2026,61769,FR,1.000601291656494,0.7361260652542114,3.184376906,2.3441028421001597,5,9,5,3,99,3,66,9,1,1980,17,6,1.2203637015772983e-4,654,9430
ESS11e04_2,11,4.2,02.07.2026,61793,FR,0.9939138293266296,1.1442419290542605,3.184376906,3.643697573757276,5,5,5,2,4,2,66,7,2,27,12,8,1.2285748380236328e-4,642,9539
ESS11e04_2,11,4.2,02.07.2026,61805,FR,1.0079792737960815,0.7661873698234558,3.184376906,2.4398293661346937,6,7,4,Not at all,2,3,66,9,1,39,150,8,1.2114311539335176e-4,648,9494
ESS11e04_2,11,4.2,02.07.2026,61820,FR,1.0065141916275024,0.967516839504242,3.184376906,3.080938279883416,5,5,5,3,4,5,66,7,1,37,11,3,1.2131945550208913e-4,656,9398
ESS11e04_2,11,4.2,02.07.2026,61833,FR,1.013024926185608,0.7577353715896606,3.184376906,2.4129150181494436,5,5,5,4,0,5,66,7,1,48,12,6,1.2053972022840752e-4,643,9435
ESS11e04_2,11,4.2,02.07.2026,61850,FR,1.006980061531067,0.9010579586029052,3.184376906,2.8693081543425953,6,5,4,3,6,6,66,7,1,62,11,3,1.2126332148909567e-4,659,9413
ESS11e04_2,11,4.2,02.07.2026,61892,FR,1.0008659362792969,0.7448720335960388,3.184376906,2.371953301708482,8,5,2,2,6,7,5,8,2,75,9,6,1.2200409400975332e-4,662,9444
ESS11e04_2,11,4.2,02.07.2026,61904,FR,1.007500410079956,0.9209933280944824,3.184376906,2.9327898845641505,3,5,5,3,6,2,66,10,1,46,88,8,1.212006900459528e-4,661,9312
ESS11e04_2,11,4.2,02.07.2026,61947,FR,0.994799554347992,1.1625277996063232,3.184376906,3.701926677649371,5,9,4,2,88,5,5,8,2,57,11,6,1.2274809705559164e-4,648,9489
ESS11e04_2,11,4.2,02.07.2026,61959,FR,0.996854603290558,1.1451332569122314,3.184376906,3.6465358976038744,4,7,3,4,1,3,66,7,1,32,77,7,1.2249503924977034e-4,642,9537
ESS11e04_2,11,4.2,02.07.2026,62027,FR,0.992700219154358,1.1654236316680908,3.184376906,3.7111480983905185,7,7,4,3,6,4,2,7,1,23,150,4,1.2300767411943525e-4,658,9566
ESS11e04_2,11,4.2,02.07.2026,62043,FR,1.030295729637146,0.7612449526786804,3.184376906,2.4240908471190528,4,6,4,3,4,3,66,9,2,38,20,5,1.1851912131533028e-4,631,9322
ESS11e04_2,11,4.2,02.07.2026,62110,FR,0.9977354407310486,0.7425427436828613,3.184376906,2.364535964701581,1,10,5,4,5,5,77,5,2,63,12,7,1.2238690396770835e-4,662,9285
ESS11e04_2,11,4.2,02.07.2026,62128,FR,0.9986799359321594,0.9696044921875,3.184376906,3.087586152875732,6,8,8,2,5,4,66,9,1,18,77,8,1.2227115803398192e-4,653,9563
ESS11e04_2,11,4.2,02.07.2026,62142,FR,1.0014375448226929,0.8312665820121765,3.184376906,2.6470661064891297,2,7,5,3,5,2,66,7,2,39,14,8,1.2193446309538558e-4,647,9405
ESS11e04_2,11,4.2,02.07.2026,62158,FR,1.0146218538284302,1.1897636651992798,3.184376906,3.7886559390585024,3,7,6,4,6,2,66,9,2,69,9,88,1.2035001418553291e-4,631,9326
ESS11e04_2,11,4.2,02.07.2026,62178,FR,1.0091465711593628,0.9865570664405824,3.184376906,3.1415695388244975,8,7,5,3,5,5,66,8,1,20,14,9,1.210029877256602e-4,654,9431
ESS11e04_2,11,4.2,02.07.2026,62192,FR,0.9924683570861816,0.7710931897163391,3.184376906,2.455451345706587,2,6,3,3,4,3,66,7,2,35,16,9,1.2303641415201128e-4,623,9287
ESS11e04_2,11,4.2,02.07.2026,62272,FR,0.9868563413619996,0.6136525869369507,3.184376906,1.954101126149183,0,5,5,8,3,5,2,8,1,57,12,6,1.2373608478810638e-4,653,9522
ESS11e04_2,11,4.2,02.07.2026,62316,FR,1.007500410079956,0.7204166650772095,3.184376906,2.2940781909694024,7,7,7,3,3,3,66,9,1,62,9,6,1.212006900459528e-4,661,9312
ESS11e04_2,11,4.2,02.07.2026,62320,FR,0.993111491203308,0.6471928954124451,3.184376906,2.060906109878663,3,7,9,4,88,4,66,8,2,90,12,4,1.2295672786422074e-4,654,9410
ESS11e04_2,11,4.2,02.07.2026,62357,FR,0.99128919839859,0.6742228269577026,3.184376906,2.1469795996621426,5,5,4,2,3,4,66,6,2,60,12,77,1.2318276276346296e-4,645,9400
ESS11e04_2,11,4.2,02.07.2026,62384,FR,0.9974681735038756,1.0470612049102783,3.184376906,3.334237520084824,5,5,7,4,0,4,66,8,2,46,12,5,1.2241968943271786e-4,662,9439
ESS11e04_2,11,4.2,02.07.2026,62414,FR,0.9920310378074646,1.1632733345031738,3.184376906,3.7043007417575193,3,8,4,4,88,88,8,8,2,90,5,1,1.230906491400674e-4,662,9364
ESS11e04_2,11,4.2,02.07.2026,62424,FR,0.9953275322914124,1.820124626159668,3.184376906,5.79596282558473,3,5,4,3,2,2,66,7,1,17,11,4,1.226829772349447e-4,642,9584
ESS11e04_2,11,4.2,02.07.2026,62458,FR,0.9976764917373656,2.5287625789642334,3.184376906,8.052533157210705,5,3,6,4,1,6,66,9,2,36,11,5,1.2239412171766162e-4,657,9396
ESS11e04_2,11,4.2,02.07.2026,62471,FR,0.9922994375228882,0.6466635465621948,3.184376906,2.0592204636247087,8,8,7,2,10,5,66,10,2,72,14,7,1.230573543580249e-4,654,9407
ESS11e04_2,11,4.2,02.07.2026,62501,FR,1.0323402881622314,1.0836671590805054,3.184376906,3.450804675166589,8,5,5,2,4,99,66,5,2,43,15,77,1.1828439892269672e-4,628,9316
ESS11e04_2,11,4.2,02.07.2026,62529,FR,0.9981845021247864,0.7428760528564453,3.184376906,2.3655973467364997,7,7,10,3,5,4,66,8,2,89,12,2,1.223318395204842e-4,662,9526
ESS11e04_2,11,4.2,02.07.2026,62559,FR,1.0119718313217163,0.970982551574707,3.184376906,3.0919744133634506,2,8,5,3,6,6,66,7,2,77,10,6,1.2066517228959128e-4,643,9388
ESS11e04_2,11,4.2,02.07.2026,62576,FR,0.9988287091255188,0.729627251625061,3.184376906,2.3234081700630953,7,8,5,9,3,2,2,9,2,999,15,8,1.22252939036116e-4,654,9432
ESS11e04_2,11,4.2,02.07.2026,62588,FR,1.0043740272521973,1.9499077796936035,3.184376906,6.2092413024860464,3,5,3,3,5,7,66,5,1,76,5,4,1.2157796300016344e-4,663,9558
ESS11e04_2,11,4.2,02.07.2026,62595,FR,0.9937443733215332,2.4498934745788574,3.184376906,7.801384202609011,9,9,9,3,5,7,66,10,1,41,5,2,1.228784240083769e-4,642,9589
ESS11e04_2,11,4.2,02.07.2026,62599,FR,1.0005507469177246,0.8037684559822083,3.184376906,2.5595017090010215,6,7,5,1,77,-1,66,8,1,60,15,8,1.2204252561787143e-4,647,9403
ESS11e04_2,11,4.2,02.07.2026,62629,FR,1.0017061233520508,0.6436246633529663,3.184376906,2.04954351411321,8,7,7,9,8,6,66,9,2,999,17,8,1.2190175766590984e-4,625,9294
ESS11e04_2,11,4.2,02.07.2026,62669,FR,0.995244801044464,1.4072343111038208,3.184376906,4.481164441609826,2,5,5,4,0,88,77,10,1,29,11,7,1.226931781275198e-4,650,9506
ESS11e04_2,11,4.2,02.07.2026,62671,FR,1.0072760581970217,1.258991003036499,3.184376906,4.009101874931203,8,8,6,1,5,5,5,7,1,50,17,10,1.2122769112465905e-4,641,9348
ESS11e04_2,11,4.2,02.07.2026,62678,FR,1.005337476730347,1.2621017694473269,3.184376906,4.019007727649803,2,5,3,4,5,5,66,8,2,999,12,2,1.2146145309088752e-4,648,9488
ESS11e04_2,11,4.2,02.07.2026,62681,FR,0.9882932901382446,2.8885512351989746,3.184376906,9.198235845165389,3,2,4,3,4,4,66,8,1,36,12,4,1.2355617946013808e-4,663,9561
ESS11e04_2,11,4.2,02.07.2026,62703,FR,1.0037598609924316,1.260120868682861,3.184376906,4.012699793002362,5,5,5,3,3,3,66,5,2,26,12,5,1.2165234511485325e-4,649,9483
ESS11e04_2,11,4.2,02.07.2026,62712,FR,0.99581378698349,1.4612622261047363,3.184376906,4.653209686418072,2,4,3,3,3,2,66,8,2,71,12,2,1.2262306699994951e-4,659,9503
ESS11e04_2,11,4.2,02.07.2026,62716,FR,1.003503918647766,0.7468345165252686,3.184376906,2.3782025870267405,5,8,3,4,0,4,66,10,2,66,12,77,1.2168336979812012e-4,662,9269
ESS11e04_2,11,4.2,02.07.2026,62722,FR,1.0043915510177612,1.4032505750656128,3.184376906,4.468478724570157,5,7,6,3,7,3,66,9,1,27,13,7,1.215758384205401e-4,660,9552
ESS11e04_2,11,4.2,02.07.2026,62724,FR,1.0108370780944824,1.1529860496520996,3.184376906,3.671542149452315,5,6,5,4,88,5,66,8,2,27,15,9,1.2080062879249454e-4,642,9545
ESS11e04_2,11,4.2,02.07.2026,62726,FR,0.9791849851608276,1.1248364448547363,3.184376906,3.5819031980225646,5,7,4,3,6,6,66,8,1,30,17,10,1.247054897248745e-4,638,9339
ESS11e04_2,11,4.2,02.07.2026,62733,FR,0.995616853237152,1.9329065084457395,3.184376906,6.155102846951707,5,9,5,1,3,2,66,9,1,65,12,10,1.226473250426352e-4,663,9560
ESS11e04_2,11,4.2,02.07.2026,62736,FR,0.994799554347992,0.7088995575904846,3.184376906,2.257403379864756,3,8,8,2,9,9,5,8,3,58,11,6,1.2274809705559164e-4,648,9489
ESS11e04_2,11,4.2,02.07.2026,62742,FR,1.0047086477279663,0.8924131989479065,3.184376906,2.8417799813392968,7,8,7,2,8,6,5,9,1,32,17,77,1.215374722960405e-4,626,9302
ESS11e04_2,11,4.2,02.07.2026,62746,FR,1.0119712352752686,0.9250794053077698,3.184376906,2.9458014944782756,0,0,5,4,0,0,66,5,1,54,12,77,1.2066524504916742e-4,662,9402
ESS11e04_2,11,4.2,02.07.2026,62747,FR,0.98800528049469,0.5512250661849976,3.184376906,1.7553083707678276,5,8,3,3,2,2,66,8,1,60,14,9,1.235921954503283e-4,644,9473
ESS11e04_2,11,4.2,02.07.2026,62758,FR,0.9925038814544678,0.8881046772003174,3.184376906,2.828060024187275,7,8,9,1,1,2,2,6,1,63,13,7,1.2303200492169708e-4,663,9555
ESS11e04_2,11,4.2,02.07.2026,62769,FR,1.013024926185608,0.5927124619483948,3.184376906,1.887419875726872,6,5,7,3,99,5,66,5,1,56,12,7,1.2053972022840752e-4,643,9435
ESS11e04_2,11,4.2,02.07.2026,62786,FR,0.9983616471290588,0.9577653408050536,3.184376906,3.049885832626832,7,0,1,3,0,2,9,8,2,52,12,8,1.2231012806296349e-4,644,9572
ESS11e04_2,11,4.2,02.07.2026,62793,FR,0.9938702583312988,1.0650845766067505,3.184376906,3.391630728683324,5,8,3,3,5,6,66,6,2,87,9,1,1.2286286801099777e-4,645,9517
ESS11e04_2,11,4.2,02.07.2026,62796,FR,1.0111021995544434,0.9543557167053224,3.184376906,3.039028304385506,2,2,2,4,2,7,66,8,1,22,14,2,1.2076894199708477e-4,647,9533
ESS11e04_2,11,4.2,02.07.2026,62811,FR,1.0089750289916992,0.8105369210243225,3.184376906,2.581055052770198,7,7,4,2,5,6,5,9,1,67,12,8,1.2102354958187787e-4,646,9487
ESS11e04_2,11,4.2,02.07.2026,62835,FR,1.004451036453247,0.7846139669418335,3.184376906,2.498506596454622,6,8,3,3,88,4,66,6,2,35,17,9,1.2156864249845968e-4,651,9370
ESS11e04_2,11,4.2,02.07.2026,62864,FR,0.9977354407310486,1.1949502229690552,3.184376906,3.8051718938422097,0,5,6,4,99,0,66,10,1,999,9,77,1.2238690396770835e-4,662,9285
ESS11e04_2,11,4.2,02.07.2026,62918,FR,0.9970905184745787,0.6854590177536011,3.184376906,2.182759866144011,4,6,1,3,2,0,66,7,1,33,16,9,1.2246605183463544e-4,643,9451
ESS11e04_2,11,4.2,02.07.2026,62974,FR,1.0119718313217163,0.6118105053901672,3.184376906,1.948235244212637,5,7,7,3,5,3,4,9,2,41,14,8,1.2066517228959128e-4,643,9388
ESS11e04_2,11,4.2,02.07.2026,62993,FR,1.0111894607543943,0.9417413473129272,3.184376906,2.9988593978086104,4,8,5,3,1,2,77,8,2,-5,10,4,1.2075853010173888e-4,659,9411
ESS11e04_2,11,4.2,02.07.2026,63020,FR,1.0019608736038208,0.7654479146003723,3.184376906,2.4374746619992855,2,5,3,4,2,0,66,10,1,77,17,6,1.2187076936243102e-4,659,9412
ESS11e04_2,11,4.2,02.07.2026,63021,FR,0.995244801044464,1.6747784614562988,3.184376906,5.333125855327649,5,8,3,9,0,0,3,4,2,16,150,9,1.226931781275198e-4,650,9506
ESS11e04_2,11,4.2,02.07.2026,63047,FR,0.9891202449798584,0.6728371977806091,3.184376906,2.142567234110326,7,7,6,1,8,8,5,8,2,58,17,10,1.234528899658471e-4,662,9528
ESS11e04_2,11,4.2,02.07.2026,63058,FR,1.0045478343963623,0.9656257033348083,3.184376906,3.074916189539371,3,5,6,3,2,3,88,7,1,37,16,2,1.2155692093074322e-4,658,9386
ESS11e04_2,11,4.2,02.07.2026,63076,FR,0.9983616471290588,0.6959182620048523,3.184376906,2.2160660419919087,2,6,1,3,2,88,9,8,1,35,12,5,1.2231012806296349e-4,644,9572
ESS11e04_2,11,4.2,02.07.2026,63082,FR,0.9914103746414183,1.4858719110488892,3.184376906,4.731576198818169,6,5,5,9,4,3,9,8,1,70,8,5,1.231677015312016e-4,660,9553
ESS11e04_2,11,4.2,02.07.2026,63083,FR,1.0106914043426514,0.7202239036560059,3.184376906,2.293464365951354,3,7,3,2,8,99,8,7,1,58,12,8,1.2081803288310766e-4,649,9550
ESS11e04_2,11,4.2,02.07.2026,63117,FR,0.9991207122802734,0.6084285974502563,3.184376906,1.9374659746705667,5,6,5,3,77,3,66,6,2,63,15,5,1.2221721408423036e-4,643,9389
ESS11e04_2,11,4.2,02.07.2026,63135,FR,1.007404923439026,1.017723560333252,3.184376906,3.240815402217305,7,8,6,1,6,6,5,9,2,47,15,4,1.212121787830256e-4,642,9548
ESS11e04_2,11,4.2,02.07.2026,63156,FR,0.9965704083442688,1.0393059253692627,3.184376906,3.3095417870148394,8,10,5,Not at all,9,5,5,8,999,41,17,8,1.2252997839823365e-4,642,9582
ESS11e04_2,11,4.2,02.07.2026,63165,FR,1.0012564659118652,0.8357580900192261,3.184376906,2.6613687608598924,8,9,8,1,99,6,2,10,1,-5,150,4,1.219565237988718e-4,642,9580
ESS11e04_2,11,4.2,02.07.2026,63200,FR,1.0089750289916992,0.9456153512001038,3.184376906,3.0111956863206895,5,9,5,3,5,5,88,9,2,25,18,8,1.2102354958187787e-4,646,9487
ESS11e04_2,11,4.2,02.07.2026,63207,FR,0.9891202449798584,0.6038379073143005,3.184376906,1.922847487019027,7,7,4,2,7,7,66,9,1,64,18,10,1.234528899658471e-4,662,9528
ESS11e04_2,11,4.2,02.07.2026,63208,FR,1.010336995124817,1.1058542728424072,3.184376906,3.521456807840784,5,3,5,2,4,7,9,6,1,73,5,5,1.2086040078429504e-4,644,9520
ESS11e04_2,11,4.2,02.07.2026,63231,FR,0.993111491203308,0.6218224167823792,3.184376906,1.9801169436349149,3,6,4,3,5,4,66,8,1,56,16,7,1.2295672786422074e-4,654,9410
ESS11e04_2,11,4.2,02.07.2026,63266,FR,0.9955366253852844,0.7330459356307983,3.184376906,2.3342945484598765,3,5,1,3,3,2,66,7,2,49,17,9,1.2265720579307526e-4,648,9481
ESS11e04_2,11,4.2,02.07.2026,63273,FR,0.9868563413619996,0.9008594751358032,3.184376906,2.868676108173733,4,7,5,4,99,5,66,8,3,47,12,8,1.2373608478810638e-4,653,9522
ESS11e04_2,11,4.2,02.07.2026,63292,FR,0.98800528049469,2.1764471530914307,3.184376906,6.930628051433798,4,4,4,4,88,0,66,5,2,48,12,1,1.235921954503283e-4,644,9473
ESS11e04_2,11,4.2,02.07.2026,63294,FR,1.001470685005188,1.3542622327804563,3.184376906,4.312481378734081,4,7,4,3,3,3,66,8,2,30,17,6,1.2193042493890972e-4,663,9360
ESS11e04_2,11,4.2,02.07.2026,63299,FR,1.006556510925293,1.2445025444030762,3.184376906,3.962965161855395,8,8,5,2,40,4,88,8,1,52,16,6,1.2131433322792871e-4,663,9559
ESS11e04_2,11,4.2,02.07.2026,63306,FR,0.9901106953620912,0.9221111536026,3.184376906,2.9363494622971382,6,6,4,3,5,2,66,7,2,74,9,8,1.23329387861304e-4,660,9501
ESS11e04_2,11,4.2,02.07.2026,63332,FR,1.0017054080963137,0.9316734671592712,3.184376906,2.9667994727549325,8,9,5,1,6,3,2,10,2,59,18,8,1.219018449774012e-4,642,9599
ESS11e04_2,11,4.2,02.07.2026,63336,FR,1.0060895681381226,0.6120952367782593,3.184376906,1.9491419362692903,7,7,8,2,5,99,2,10,1,70,16,7,1.213706418639049e-4,648,9478
ESS11e04_2,11,4.2,02.07.2026,63369,FR,0.993111491203308,0.6218224167823792,3.184376906,1.9801169436349149,9,9,8,8,8,-1,3,8,1,66,13,9,1.2295672786422074e-4,654,9410
ESS11e04_2,11,4.2,02.07.2026,63383,FR,0.9933719635009766,1.1984004974365234,3.184376906,3.816158868175777,5,5,3,1,5,4,66,9,2,1980,12,77,1.229244953719899e-4,642,9598
ESS11e04_2,11,4.2,02.07.2026,63388,FR,1.0043915510177612,1.0485186576843262,3.184376906,3.3388785990400875,5,6,3,3,3,5,66,8,2,22,14,10,1.215758384205401e-4,660,9552
ESS11e04_2,11,4.2,02.07.2026,63392,FR,0.997926652431488,0.9091185927391052,3.184376906,2.8949762515336257,6,1,4,4,0,0,66,9,1,48,10,88,1.2236344628036022e-4,648,9480
ESS11e04_2,11,4.2,02.07.2026,63422,FR,0.989611029624939,1.0163171291351318,3.184376906,3.2363367951901334,3,5,3,9,0,0,9,8,1,53,12,7,1.2339165550656617e-4,647,9536
ESS11e04_2,11,4.2,02.07.2026,63440,FR,1.004228115081787,0.8408229351043701,3.184376906,2.677497136581493,4,5,6,2,4,7,2,7,1,22,12,88,1.2159562174929306e-4,649,9298
ESS11e04_2,11,4.2,02.07.2026,63457,FR,1.0079360008239746,1.687028169631958,3.184376906,5.3721335431474575,6,9,5,3,5,7,66,9,2,16,11,88,1.211483177030459e-4,658,9567
ESS11e04_2,11,4.2,02.07.2026,63459,FR,0.989614188671112,0.9564040899276732,3.184376906,3.04555109676963,7,6,2,1,10,0,88,6,1,39,16,2,1.23391262604855e-4,650,9508
ESS11e04_2,11,4.2,02.07.2026,63521,FR,1.004305720329285,0.6243440508842468,3.184376906,1.9881467770342844,5,8,5,3,88,5,88,9,2,57,20,88,1.2158622121205552e-4,645,9399
ESS11e04_2,11,4.2,02.07.2026,63535,FR,0.9898730516433716,0.8262556791305542,3.184376906,2.6311095030746827,6,6,5,1,6,5,31,7,1,55,17,8,1.233590010087937e-4,642,9600
ESS11e04_2,11,4.2,02.07.2026,63540,FR,1.003327250480652,1.1832327842712402,3.184376906,3.7678591526554177,1,8,2,4,0,0,88,4,2,50,13,3,1.217048047692515e-4,647,9532
ESS11e04_2,11,4.2,02.07.2026,63571,FR,1.0014375448226929,1.0284632444381714,3.184376906,3.275014604258746,3,7,6,9,2,2,66,7,1,38,11,5,1.2193446309538558e-4,647,9405
ESS11e04_2,11,4.2,02.07.2026,63578,FR,0.9878065586090088,0.6346945762634277,3.184376906,2.021106751016715,5,8,5,2,5,4,4,9,2,54,77,9,1.2361706467345357e-4,653,9523
ESS11e04_2,11,4.2,02.07.2026,63615,FR,0.9950170516967772,0.9728193879127502,3.184376906,3.097823592578417,0,5,0,3,5,5,66,5,1,62,12,6,1.227212633239105e-4,642,9590
ESS11e04_2,11,4.2,02.07.2026,63645,FR,0.9874551296234132,0.8209343552589417,3.184376906,2.6141644022285733,2,3,1,4,5,3,66,7,2,23,15,88,1.2366105511318892e-4,648,9479
ESS11e04_2,11,4.2,02.07.2026,63648,FR,1.0102531909942627,0.8432664275169373,3.184376906,2.685278137390058,0,4,2,3,3,1,9,7,3,56,13,5,1.2087044160580264e-4,642,9596
ESS11e04_2,11,4.2,02.07.2026,63698,FR,1.0111894607543943,0.9349506497383118,3.184376906,2.9772352572763747,6,6,7,4,6,88,9,8,2,41,15,8,1.2075853010173888e-4,659,9411
ESS11e04_2,11,4.2,02.07.2026,63743,FR,1.0036118030548096,0.6126847863197327,3.184376906,1.9510192842141012,5,8,6,3,5,4,66,8,1,63,17,8,1.2167030217824504e-4,661,9323
ESS11e04_2,11,4.2,02.07.2026,63746,FR,1.0017681121826172,0.6229246854782104,3.184376906,1.9836269826141268,7,7,5,2,7,7,5,9,1,68,10,8,1.2189422704977916e-4,653,9449
ESS11e04_2,11,4.2,02.07.2026,63747,FR,0.9917095899581908,0.7496994733810425,3.184376906,2.3873256894749533,3,7,5,3,5,5,66,7,1,60,12,8,1.2313055049162358e-4,652,9464
ESS11e04_2,11,4.2,02.07.2026,63751,FR,1.0117989778518677,1.0611053705215454,3.184376906,3.378959436721382,88,5,5,3,2,4,66,7,1,81,5,7,1.2068576324963942e-4,654,9394
ESS11e04_2,11,4.2,02.07.2026,63755,FR,0.9970905184745787,0.9567036628723145,3.184376906,3.0465050499362074,5,4,4,3,99,0,66,5,2,64,5,3,1.2246605183463544e-4,643,9451
ESS11e04_2,11,4.2,02.07.2026,63771,FR,0.9868563413619996,1.0063296556472778,3.184376906,3.2045329152661237,4,7,4,3,3,-1,66,8,2,55,9,5,1.2373608478810638e-4,653,9522
ESS11e04_2,11,4.2,02.07.2026,63789,FR,0.994722843170166,1.0122100114822388,3.184376906,3.2232581845860357,0,0,2,4,77,0,3,9,3,64,12,2,1.2275755580049008e-4,642,9544
ESS11e04_2,11,4.2,02.07.2026,63792,FR,1.0096471309661863,1.51320219039917,3.184376906,4.8186061092157315,5,8,5,1,7,9,5,7,1,82,10,5,1.2094299017917363e-4,660,9374
ESS11e04_2,11,4.2,02.07.2026,63853,FR,1.002301573753357,1.161772847175598,3.184376906,3.699522624563842,2,5,1,4,0,99,66,5,1,63,12,9,1.2182934733573347e-4,663,9376
ESS11e04_2,11,4.2,02.07.2026,63861,FR,0.996854603290558,1.2459654808044434,3.184376906,3.967623702746855,2,10,2,2,2,10,66,4,1,41,9,1,1.2249503924977034e-4,642,9537
ESS11e04_2,11,4.2,02.07.2026,63862,FR,1.000601291656494,1.1718238592147827,3.184376906,3.731528835183349,7,8,7,1,5,5,2,8,1,33,10,5,1.2203637015772983e-4,654,9430
ESS11e04_2,11,4.2,02.07.2026,63866,FR,0.990227222442627,1.139996886253357,3.184376906,3.6301797574970984,6,7,9,3,8,6,66,9,2,23,12,10,1.233148796018213e-4,645,9518
ESS11e04_2,11,4.2,02.07.2026,63884,FR,1.0015689134597778,0.7428442239761353,3.184376906,2.3654959915850964,5,4,5,3,40,8,66,8,2,60,12,4,1.2191847781650722e-4,648,9491
ESS11e04_2,11,4.2,02.07.2026,63903,FR,1.0066200494766235,1.7338038682937622,3.184376906,5.521084997728122,4,6,4,3,6,2,66,8,2,19,12,9,1.2130669347243384e-4,642,9547
ESS11e04_2,11,4.2,02.07.2026,63937,FR,0.9791849851608276,0.8173337578773499,3.184376906,2.6026987430788284,7,7,7,1,6,4,8,9,1,56,17,10,1.247054897248745e-4,638,9341
ESS11e04_2,11,4.2,02.07.2026,63944,FR,0.9891202449798584,1.159861445426941,3.184376906,3.69343600097733,7,8,5,3,5,5,77,8,99,87,9,6,1.234528899658471e-4,662,9528
ESS11e04_2,11,4.2,02.07.2026,63973,FR,0.9936723709106444,1.1414783000946045,3.184376906,3.634897137521396,3,5,7,3,4,99,66,7,1,24,17,8,1.2288732978049666e-4,642,9578
ESS11e04_2,11,4.2,02.07.2026,63983,FR,0.9898730516433716,1.8101484775543213,3.184376906,5.764195008355039,8,8,3,4,0,99,88,9,1,17,11,88,1.233590010087937e-4,642,9600
ESS11e04_2,11,4.2,02.07.2026,63993,FR,1.011772871017456,1.7426788806915283,3.184376906,5.549346382248031,6,7,5,2,88,4,88,7,2,23,16,7,1.2068889191141352e-4,642,9577
ESS11e04_2,11,4.2,02.07.2026,64000,FR,1.0016095638275146,0.915003538131714,3.184376906,2.9137161357349197,2,5,1,4,5,1,66,4,1,25,15,4,1.2191351561341436e-4,643,9443
ESS11e04_2,11,4.2,02.07.2026,64026,FR,1.012199640274048,0.8448916673660278,3.184376906,2.6904535136322125,3,5,6,3,4,3,8,9,1,72,14,7,1.2063800386385992e-4,642,9595
ESS11e04_2,11,4.2,02.07.2026,64028,FR,0.994799554347992,0.7378225922584534,3.184376906,2.3495052235128733,6,4,5,2,4,99,66,6,2,72,8,4,1.2274809705559164e-4,648,9489
ESS11e04_2,11,4.2,02.07.2026,64061,FR,0.9922994375228882,0.6466635465621948,3.184376906,2.0592204636247087,3,5,5,3,3,2,88,7,2,58,11,3,1.230573543580249e-4,654,9407
ESS11e04_2,11,4.2,02.07.2026,64110,FR,1.0017061233520508,1.570650339126587,3.184376906,5.001542667315771,7,7,0,1,5,7,3,5,1,1980,9,1,1.2190175766590984e-4,625,9296
ESS11e04_2,11,4.2,02.07.2026,64112,FR,0.993557333946228,1.0131629705429075,3.184376906,3.2262927654111935,0,2,3,4,0,3,66,8,2,66,9,7,1.2290156155359e-4,653,9525
ESS11e04_2,11,4.2,02.07.2026,64126,FR,0.9958574175834656,0.7779014110565186,3.184376906,2.47713128851319,6,8,5,4,2,0,66,10,2,37,16,8,1.2261769734323025e-4,650,9504
ESS11e04_2,11,4.2,02.07.2026,64130,FR,1.0079360008239746,0.7209759950637817,3.184376906,2.2958593084614765,3,5,5,2,6,6,66,7,2,64,13,5,1.211483177030459e-4,658,9567
ESS11e04_2,11,4.2,02.07.2026,64145,FR,1.0028046369552612,0.6845134496688843,3.184376906,2.179748820971988,6,6,6,2,6,4,1,7,2,24,-2,8,1.2176822201581672e-4,658,9569
ESS11e04_2,11,4.2,02.07.2026,64162,FR,0.9924951195716858,0.9821662902832032,3.184376906,3.127587652629524,0,4,4,3,3,3,77,5,1,65,14,77,1.230330963153392e-4,620,9353
ESS11e04_2,11,4.2,02.07.2026,64164,FR,1.004305720329285,0.5603192448616028,3.184376906,1.784267663324647,6,6,6,2,7,6,5,9,1,66,17,9,1.2158622121205552e-4,645,9399
ESS11e04_2,11,4.2,02.07.2026,64171,FR,0.9791849851608276,0.9892159700393676,3.184376906,3.15003649003975,8,8,7,2,8,6,77,9,2,45,19,10,1.247054897248745e-4,638,9338
ESS11e04_2,11,4.2,02.07.2026,64235,FR,1.0011866092681885,0.756864607334137,3.184376906,2.410142176563584,5,5,7,2,4,4,66,9,1,83,12,4,1.2196501484140754e-4,652,9471
ESS11e04_2,11,4.2,02.07.2026,64275,FR,1.0072211027145386,0.8360674977302551,3.184376906,2.6623540316294316,5,5,5,4,0,0,66,5,2,40,15,4,1.212342904182151e-4,647,9535
ESS11e04_2,11,4.2,02.07.2026,64301,FR,1.0019445419311523,1.1428426504135132,3.184376906,3.6392417431686224,9,10,5,4,5,5,66,10,2,34,20,8,1.2187275569885968e-4,642,9603
ESS11e04_2,11,4.2,02.07.2026,64380,FR,0.9977903366088868,0.804594099521637,3.184376906,2.5621308692205664,7,7,5,9,7,5,3,8,1,46,-2,10,1.2238016643095762e-4,652,9468
ESS11e04_2,11,4.2,02.07.2026,64430,FR,1.0019608736038208,0.8965660333633423,3.184376906,2.8550041713462524,6,5,6,3,4,5,66,6,1,71,10,7,1.2187076936243102e-4,659,9412
ESS11e04_2,11,4.2,02.07.2026,64441,FR,1.00588059425354,0.743205726146698,3.184376906,2.366647150748505,5,8,5,3,0,2,66,7,2,36,16,77,1.2139586760895328e-4,662,9272
ESS11e04_2,11,4.2,02.07.2026,64446,FR,0.9968600273132324,0.911266267299652,3.184376906,2.901815256805835,6,6,6,4,7,4,1,7,1,39,150,6,1.2249436986166984e-4,661,9313
ESS11e04_2,11,4.2,02.07.2026,64452,FR,1.011655330657959,1.0550379753112793,3.184376906,3.3596385635342356,5,5,5,4,5,1,66,6,1,50,15,7,1.2070291995769368e-4,642,9588
ESS11e04_2,11,4.2,02.07.2026,64476,FR,0.9898730516433716,1.0323214530944824,3.184376906,3.287300594802432,7,7,6,2,6,6,66,9,1,44,16,10,1.233590010087937e-4,642,9600
ESS11e04_2,11,4.2,02.07.2026,64612,FR,0.9950170516967772,2.453030586242676,3.184376906,7.811373948542817,10,5,10,4,10,5,88,10,1,-5,5,3,1.227212633239105e-4,642,9590
ESS11e04_2,11,4.2,02.07.2026,64624,FR,0.9953415393829346,0.8731310367584229,3.184376906,2.7803783093653585,9,7,3,1,2,88,4,8,2,33,20,5,1.2268126010894775e-4,656,9499
ESS11e04_2,11,4.2,02.07.2026,64635,FR,1.0040911436080933,0.6561586260795593,3.184376906,2.089456375560438,1,2,2,1,0,0,66,5,1,70,150,2,1.216122109326534e-4,644,9521
ESS11e04_2,11,4.2,02.07.2026,64649,FR,1.006980061531067,0.9378207921981812,3.184376906,2.986374872642513,5,0,0,2,99,0,66,9,2,69,13,3,1.2126332148909567e-4,659,9413
ESS11e04_2,11,4.2,02.07.2026,64682,FR,0.9933719635009766,1.516399383544922,3.184376906,4.828787177233085,4,3,3,3,5,0,1,8,1,34,17,3,1.229244953719899e-4,642,9598
ESS11e04_2,11,4.2,02.07.2026,64684,FR,0.99384605884552,0.6067230701446533,3.184376906,1.932034932906052,3,8,5,Not at all,3,5,66,6,1,-5,14,5,1.228658511536196e-4,662,9401
ESS11e04_2,11,4.2,02.07.2026,64710,FR,1.0046160221099854,0.8411468863487244,3.184376906,2.678528719442685,6,6,4,2,2,3,66,7,1,26,15,10,1.2154866999480872e-4,649,9551
ESS11e04_2,11,4.2,02.07.2026,64721,FR,1.000187873840332,1.4756274223327637,3.184376906,4.698953885536761,7,6,6,3,7,8,66,8,1,44,12,1,1.2208679981995374e-4,643,9437
ESS11e04_2,11,4.2,02.07.2026,64743,FR,1.0072211027145386,1.3552284240722656,3.184376906,4.315558095970497,3,7,5,8,3,5,9,8,1,67,9,9,1.212342904182151e-4,647,9535
ESS11e04_2,11,4.2,02.07.2026,64754,FR,1.0054736137390137,0.7165057063102722,3.184376906,2.281624224191649,2,3,4,2,1,88,5,8,1,60,11,9,1.2144500942667946e-4,648,9495
ESS11e04_2,11,4.2,02.07.2026,64772,FR,1.0045478343963623,0.7861469388008118,3.184376906,2.5033881566399003,0,5,5,8,6,5,66,8,3,73,9,5,1.2155692093074322e-4,658,9386
ESS11e04_2,11,4.2,02.07.2026,64775,FR,1.0004289150238037,0.7391780614852905,3.184376906,2.353821548415607,7,7,6,3,77,5,9,8,2,40,15,8,1.2205740495119244e-4,661,9496
ESS11e04_2,11,4.2,02.07.2026,64782,FR,0.9914478659629822,0.7065110206604004,3.184376906,2.249797378025468,2,3,5,2,3,5,9,8,1,55,14,7,1.2316305947024375e-4,648,9490
ESS11e04_2,11,4.2,02.07.2026,64801,FR,1.0069788694381714,0.7823670506477356,3.184376906,2.4913515680979814,4,7,7,1,99,2,66,8,2,37,20,6,1.2126346700824796e-4,642,9592
ESS11e04_2,11,4.2,02.07.2026,64809,FR,0.9874551296234132,1.0986682176589966,3.184376906,3.49857369966949,3,6,4,4,99,3,66,6,1,20,12,88,1.2366105511318892e-4,648,9479
ESS11e04_2,11,4.2,02.07.2026,64832,FR,1.0121499300003052,1.2746950387954712,3.184376906,4.059109443733072,6,8,5,3,4,5,4,7,1,82,12,6,1.2064393376931548e-4,656,9397
ESS11e04_2,11,4.2,02.07.2026,64882,FR,0.9938702583312988,0.8303062319755554,3.184376906,2.644007990010837,2,7,7,3,5,99,66,5,1,45,12,77,1.2286286801099777e-4,645,9517
ESS11e04_2,11,4.2,02.07.2026,64909,FR,1.0054736137390137,0.9159940481185912,3.184376906,2.9168702928622947,0,1,2,3,0,1,9,5,1,37,13,6,1.2144500942667946e-4,648,9495
ESS11e04_2,11,4.2,02.07.2026,64925,FR,1.0106914043426514,0.7682489156723022,3.184376906,2.4463941051264206,1,8,5,3,3,5,88,5,1,43,15,9,1.2081803288310766e-4,649,9550
ESS11e04_2,11,4.2,02.07.2026,64954,FR,1.0091465711593628,0.6739948987960815,3.184376906,2.146253790488049,8,9,5,2,77,4,66,8,1,36,17,10,1.210029877256602e-4,654,9431
ESS11e04_2,11,4.2,02.07.2026,64963,FR,1.0121499300003052,0.7239905595779419,3.184376906,2.3054588180820152,9,5,5,1,10,6,4,9,2,77,17,4,1.2064393376931548e-4,656,9397
ESS11e04_2,11,4.2,02.07.2026,64982,FR,1.0004289150238037,0.680528998374939,3.184376906,2.167060826288467,7,8,8,1,3,4,2,7,99,79,15,5,1.2205740495119244e-4,661,9496
ESS11e04_2,11,4.2,02.07.2026,64991,FR,0.993347704410553,2.153562307357788,3.184376906,6.857754077182213,5,7,5,3,4,4,66,9,1,16,11,88,1.2292749306652695e-4,663,9362
ESS11e04_2,11,4.2,02.07.2026,65004,FR,1.0052027702331543,3.032064914703369,3.184376906,9.655237491874267,4,4,5,3,880,7,66,9,2,54,6,6,1.2147772213211284e-4,660,9414
ESS11e04_2,11,4.2,02.07.2026,65012,FR,1.0029433965682983,1.4193905591964722,3.184376906,4.519874517299671,5,2,6,3,2,0,66,4,2,21,14,2,1.217513854498975e-4,646,9486
ESS11e04_2,11,4.2,02.07.2026,65019,FR,0.990227222442627,1.0611801147460938,3.184376906,3.37919745050389,5,7,6,2,4,3,1,9,2,63,9,5,1.233148796018213e-4,645,9518
ESS11e04_2,11,4.2,02.07.2026,65036,FR,1.0007227659225464,1.5276193618774414,3.184376906,4.864515817120981,3,5,7,1,7,5,9,5,1,19,13,7,1.2202155630802736e-4,642,9585
ESS11e04_2,11,4.2,02.07.2026,65060,FR,0.9962031841278076,0.9558517336845398,3.184376906,3.0437921863051107,1,5,3,2,2,6,66,9,2,81,9,5,1.2257513299118727e-4,643,9390
ESS11e04_2,11,4.2,02.07.2026,65076,FR,0.9988994002342224,0.9125282168388368,3.184376906,2.9058337797749516,3,3,4,2,5,6,66,3,1,21,16,4,1.2224429519847035e-4,643,9452
ESS11e04_2,11,4.2,02.07.2026,65106,FR,0.994722843170166,1.1346065998077393,3.184376906,3.6130150538229486,8,8,8,4,5,5,66,7,2,24,18,9,1.2275755580049008e-4,642,9544
ESS11e04_2,11,4.2,02.07.2026,65119,FR,0.9983616471290588,0.6959182620048523,3.184376906,2.2160660419919087,88,3,7,1,3,5,5,9,1,48,17,6,1.2231012806296349e-4,644,9572
ESS11e04_2,11,4.2,02.07.2026,65149,FR,0.9981385469436646,0.7343140244483948,3.184376906,2.338332621205387,4,7,4,3,7,4,66,8,1,24,17,5,1.223374711116776e-4,654,9467
ESS11e04_2,11,4.2,02.07.2026,65153,FR,1.0019608736038208,0.9331470727920532,3.184376906,2.971491988500515,6,8,5,1,8,7,1,7,2,83,15,3,1.2187076936243102e-4,659,9412
ESS11e04_2,11,4.2,02.07.2026,65220,FR,0.9991207122802734,1.0933914184570312,3.184376906,3.4817703821531523,5,7,5,2,5,4,66,7,1,16,10,9,1.2221721408423036e-4,643,9389
ESS11e04_2,11,4.2,02.07.2026,65229,FR,0.9995234608650208,0.9124233722686768,3.184376906,2.905499915147015,5,5,5,3,5,4,66,8,2,45,15,3,1.2216795585118234e-4,653,9454
ESS11e04_2,11,4.2,02.07.2026,65232,FR,0.9924951195716858,1.188709020614624,3.184376906,3.7852975531990865,5,7,7,2,6,88,66,8,2,47,11,4,1.230330963153392e-4,620,9255
ESS11e04_2,11,4.2,02.07.2026,65263,FR,1.0119718313217163,0.5920962691307068,3.184376906,1.8854576855485832,5,7,7,9,99,3,66,5,1,87,10,3,1.2066517228959128e-4,643,9388
ESS11e04_2,11,4.2,02.07.2026,65267,FR,1.0047086477279663,0.7905157208442688,3.184376906,2.5173000052864323,7,7,6,2,77,7,66,5,2,81,12,5,1.215374722960405e-4,626,9304
ESS11e04_2,11,4.2,02.07.2026,65275,FR,1.0111894607543943,0.9417413473129272,3.184376906,2.9988593978086104,7,8,5,3,7,9,66,6,2,60,14,6,1.2075853010173888e-4,659,9411
ESS11e04_2,11,4.2,02.07.2026,65276,FR,0.9919002056121826,0.7885138392448425,3.184376906,2.510925259752673,4,4,8,3,2,0,66,7,1,50,10,5,1.2310688907746226e-4,653,9453
ESS11e04_2,11,4.2,02.07.2026,65284,FR,0.992255926132202,0.8878819346427917,3.184376906,2.8273507279311074,6,7,6,2,4,3,66,6,1,70,12,5,1.2306275311857462e-4,660,9500
ESS11e04_2,11,4.2,02.07.2026,65291,FR,1.0017054080963137,1.0479109287261963,3.184376906,3.3369433609807113,3,6,2,2,0,0,66,6,2,53,10,4,1.219018449774012e-4,642,9599
ESS11e04_2,11,4.2,02.07.2026,65292,FR,1.007209300994873,1.4254271984100342,3.184376906,4.539097451801193,1,5,2,4,8,5,66,9,2,19,12,3,1.2123571650590748e-4,647,9404
ESS11e04_2,11,4.2,02.07.2026,65326,FR,0.989611029624939,1.3315340280532837,3.184376906,4.240106208486033,0,8,7,4,5,0,66,9,1,1980,5,2,1.2339165550656617e-4,647,9536
ESS11e04_2,11,4.2,02.07.2026,65327,FR,0.996854603290558,1.5982755422592163,3.184376906,5.089511726194875,7,8,10,4,10,6,77,7,3,64,5,10,1.2249503924977034e-4,642,9537
ESS11e04_2,11,4.2,02.07.2026,65362,FR,0.9981385469436646,0.6457779407501221,3.184376906,2.056400360928925,1,5,5,3,7,7,66,8,2,52,18,9,1.223374711116776e-4,654,9467
ESS11e04_2,11,4.2,02.07.2026,65376,FR,1.027642846107483,1.389654278755188,3.184376906,4.425182992592107,4,4,5,3,6,5,2,7,2,29,15,6,1.188250826089643e-4,655,9259
ESS11e04_2,11,4.2,02.07.2026,65389,FR,1.0091465711593628,0.9865570664405824,3.184376906,3.1415695388244975,4,2,7,Not at all,3,0,66,8,1,20,13,9,1.210029877256602e-4,654,9431
ESS11e04_2,11,4.2,02.07.2026,65421,FR,0.9872881770133972,0.8460001349449158,3.184376906,2.693983292191473,3,5,3,3,5,2,5,3,1,52,14,3,1.2368196621537209e-4,647,9534
ESS11e04_2,11,4.2,02.07.2026,65428,FR,1.0019445419311523,1.1428426504135132,3.184376906,3.6392417431686224,4,4,2,3,5,4,2,6,2,22,15,2,1.2187275569885968e-4,642,9603
ESS11e04_2,11,4.2,02.07.2026,65453,FR,1.0048445463180542,0.5334579348564148,3.184376906,1.6987311280792197,4,7,8,1,3,1,4,8,1,59,88,7,1.2152102863183244e-4,653,9565
ESS11e04_2,11,4.2,02.07.2026,65472,FR,1.0079792737960815,0.9182764887809752,3.184376906,2.9241384441969056,4,10,10,4,10,1,9,10,1,53,-2,77,1.2114311539335176e-4,648,9494
ESS11e04_2,11,4.2,02.07.2026,65484,FR,0.9981385469436646,1.024890422821045,3.184376906,3.2636373936119107,8,0,9,4,0,0,77,10,2,90,5,3,1.223374711116776e-4,654,9467
ESS11e04_2,11,4.2,02.07.2026,65486,FR,0.9938450455665588,1.0396873950958252,3.184376906,3.3107565304024433,2,5,6,8,80,7,66,9,2,47,12,3,1.2286598212085664e-4,648,9476
ESS11e04_2,11,4.2,02.07.2026,65596,FR,0.9986799359321594,0.9116538166999816,3.184376906,2.9030493601661784,4,5,4,3,5,5,66,8,2,47,14,8,1.2227115803398192e-4,653,9563
ESS11e04_2,11,4.2,02.07.2026,65603,FR,0.9995038509368896,1.4810868501663208,3.184376906,4.716338761449914,5,7,3,9,8,7,31,7,1,45,14,2,1.2217035691719502e-4,663,9363
ESS11e04_2,11,4.2,02.07.2026,65644,FR,0.9988287091255188,0.5339398384094238,3.184376906,1.700265690624341,5,9,4,1,0,1,66,9,1,1980,14,6,1.22252939036116e-4,654,9432
ESS11e04_2,11,4.2,02.07.2026,65705,FR,1.004228115081787,1.117331862449646,3.184376906,3.558005779122621,4,7,5,4,4,5,66,7,3,21,19,9,1.2159562174929306e-4,649,9298
ESS11e04_2,11,4.2,02.07.2026,65708,FR,0.9926573038101196,0.8882414102554321,3.184376906,2.8284954337702692,5,7,1,3,0,1,3,5,1,70,9,6,1.230129855684936e-4,659,9373
ESS11e04_2,11,4.2,02.07.2026,65740,FR,0.9917095899581908,0.7996904850006104,3.184376906,2.546515912383883,7,6,8,9,9,7,66,8,1,38,14,8,1.2313055049162358e-4,652,9464
ESS11e04_2,11,4.2,02.07.2026,65744,FR,1.0091465711593628,0.6529005169868469,3.184376906,2.079081328208376,8,8,5,1,7,6,88,7,2,42,17,10,1.210029877256602e-4,654,9431
ESS11e04_2,11,4.2,02.07.2026,65786,FR,1.0083423852920532,0.7450255155563354,3.184376906,2.372442046118338,6,8,6,3,8,7,66,9,2,53,17,10,1.210994814755395e-4,662,9531
ESS11e04_2,11,4.2,02.07.2026,65788,FR,1.0006026029586792,1.3144022226333618,3.184376906,4.185552082948748,8,7,8,3,5,4,66,9,2,43,14,7,1.2203621008666232e-4,660,9369
ESS11e04_2,11,4.2,02.07.2026,65794,FR,0.9934048652648926,0.5310410261154175,3.184376906,1.691034779700478,5,8,4,3,5,5,66,10,1,68,17,9,1.2292042083572596e-4,654,9408
ESS11e04_2,11,4.2,02.07.2026,65818,FR,0.9906035661697388,0.8268647193908691,3.184376906,2.6330489168144537,5,3,4,1,8,7,88,9,1,78,19,10,1.2326802243478596e-4,642,9597
ESS11e04_2,11,4.2,02.07.2026,65826,FR,0.9876084923744202,0.7532812356948853,3.184376906,2.3987313706699354,7,7,5,1,6,6,4,9,1,51,17,8,1.236418611370027e-4,662,9511
ESS11e04_2,11,4.2,02.07.2026,65845,FR,0.9969398975372314,1.1939958333969116,3.184376906,3.802132757729349,4,3,5,3,7,6,3,9,1,80,8,6,1.2248456187080592e-4,662,9530
ESS11e04_2,11,4.2,02.07.2026,65897,FR,1.0081826448440552,1.1217299699783323,3.184376906,3.572011011167075,7,6,2,3,88,5,66,4,1,27,12,5,1.2111867545172572e-4,648,9493
ESS11e04_2,11,4.2,02.07.2026,65905,FR,0.9893606901168824,0.6019182801246643,3.184376906,1.91673467052822,88,3,7,2,7,5,66,8,99,58,22,77,1.2342288391664624e-4,649,9299
ESS11e04_2,11,4.2,02.07.2026,65955,FR,0.9986799359321594,0.6463409066200256,3.184376906,2.058193056443912,5,8,5,Not at all,77,5,66,8,2,62,10,4,1.2227115803398192e-4,653,9563
ESS11e04_2,11,4.2,02.07.2026,65973,FR,1.0019445419311523,1.7257521152496338,3.184376906,5.495445181281584,7,8,2,3,8,8,66,10,2,23,12,9,1.2187275569885968e-4,642,9603
ESS11e04_2,11,4.2,02.07.2026,65989,FR,0.9893606901168824,1.2420446872711182,3.184376906,3.9551384183661407,4,4,6,2,2,5,66,8,2,999,19,8,1.2342288391664624e-4,649,9299
ESS11e04_2,11,4.2,02.07.2026,66040,FR,1.0005507469177246,1.4160027503967283,3.184376906,4.509086457195824,3,5,4,3,6,6,66,7,2,19,13,7,1.2204252561787143e-4,647,9403
ESS11e04_2,11,4.2,02.07.2026,66063,FR,0.989165425300598,0.9670973420143129,3.184376906,3.0796024417643606,4,5,5,2,0,0,66,7,1,57,150,9,1.2344724382273853e-4,642,9601
ESS11e04_2,11,4.2,02.07.2026,66095,FR,0.9968600273132324,0.7418911457061768,3.184376906,2.36246103115263,3,8,7,4,5,4,66,7,2,63,88,6,1.2249436986166984e-4,661,9313
ESS11e04_2,11,4.2,02.07.2026,66115,FR,1.0051809549331665,1.2038666009902954,3.184376906,3.8335650020982137,5,8,6,8,5,4,3,7,1,68,9,3,1.2148036330472678e-4,661,9498
ESS11e04_2,11,4.2,02.07.2026,66128,FR,0.9970020055770874,1.0482149124145508,3.184376906,3.337911359617708,4,10,5,Not at all,0,88,3,8,999,30,12,8,1.2247693666722623e-4,622,9276
ESS11e04_2,11,4.2,02.07.2026,66130,FR,1.0078994035720823,0.7687581777572632,3.184376906,2.4480157875488717,6,6,4,2,3,99,5,8,1,39,17,10,1.2115270510548726e-4,662,9271
ESS11e04_2,11,4.2,02.07.2026,66135,FR,1.013024926185608,0.971991777420044,3.184376906,3.09518816883828,1,1,1,2,3,4,5,5,2,81,9,1,1.2053972022840752e-4,643,9435
ESS11e04_2,11,4.2,02.07.2026,66165,FR,1.0047086477279663,1.1150078773498535,3.184376906,3.5506053346409536,5,7,5,4,5,3,66,7,2,1980,14,3,1.215374722960405e-4,626,9301
ESS11e04_2,11,4.2,02.07.2026,66171,FR,0.9953275322914124,1.5958268642425537,3.184376906,5.081714212468385,0,5,0,3,0,5,77,5,2,72,7,2,1.226829772349447e-4,642,9584
ESS11e04_2,11,4.2,02.07.2026,66208,FR,1.006556510925293,1.2143080234527588,3.184376906,3.8668144266534714,1,1,0,4,88,88,66,8,2,84,77,2,1.2131433322792871e-4,663,9559
ESS11e04_2,11,4.2,02.07.2026,66211,FR,1.0457360744476318,1.9877599477767944,3.184376906,6.3297768723721894,4,5,3,3,99,6,77,5,2,60,13,2,1.16769180749543e-4,621,9268
ESS11e04_2,11,4.2,02.07.2026,66230,FR,1.0075217485427856,1.537999391555786,3.184376906,4.897569743912296,7,8,7,3,7,5,66,9,1,18,12,88,1.21198121632915e-4,642,9542
ESS11e04_2,11,4.2,02.07.2026,66236,FR,0.9983616471290588,0.8340585231781006,3.184376906,2.655956699460809,7,7,7,2,6,7,9,6,1,999,12,3,1.2231012806296349e-4,644,9572
ESS11e04_2,11,4.2,02.07.2026,66251,FR,1.0048445463180542,0.5334579348564148,3.184376906,1.6987311280792197,3,7,7,2,77,7,2,7,1,75,17,4,1.2152102863183244e-4,653,9565
ESS11e04_2,11,4.2,02.07.2026,66267,FR,1.005853295326233,0.7871682643890381,3.184376906,2.506640442256555,4,8,5,2,2,0,10,5,2,88,11,5,1.2139916361775248e-4,656,9442
ESS11e04_2,11,4.2,02.07.2026,66289,FR,1.0102577209472656,1.2723116874694824,3.184376906,4.05151995481171,0,10,8,3,5,4,66,6,1,90,5,4,1.2086990318493918e-4,658,9387
ESS11e04_2,11,4.2,02.07.2026,66336,FR,1.0006763935089111,2.257858991622925,3.184376906,7.189874029928489,5,7,2,4,0,0,66,7,1,54,9,8,1.2202720972709358e-4,659,9427
ESS11e04_2,11,4.2,02.07.2026,66374,FR,1.005853295326233,0.7871682643890381,3.184376906,2.506640442256555,8,5,10,3,0,4,2,7,2,1980,13,1,1.2139916361775248e-4,656,9442
ESS11e04_2,11,4.2,02.07.2026,66392,FR,0.9944478869438172,0.8898441791534424,3.184376906,2.8335992540347483,3,6,4,4,2,0,66,6,1,57,12,5,1.2279150541871786e-4,660,9416
ESS11e04_2,11,4.2,02.07.2026,66413,FR,1.0046160221099854,0.9356204867362976,3.184376906,2.979368270743546,6,8,7,3,2,2,66,9,2,60,12,10,1.2154866999480872e-4,649,9551
ESS11e04_2,11,4.2,02.07.2026,66443,FR,0.9898730516433716,1.1290733814239502,3.184376906,3.595395200985756,1,3,3,3,7,5,66,9,2,32,17,10,1.233590010087937e-4,642,9600
ESS11e04_2,11,4.2,02.07.2026,66444,FR,1.0069727897644043,0.9365735054016112,3.184376906,2.9824030413723572,8,8,6,2,6,5,66,7,2,62,17,10,1.212641946040094e-4,642,9587
ESS11e04_2,11,4.2,02.07.2026,66462,FR,0.99697083234787,1.5868841409683228,3.184376906,5.0532372109971755,88,88,88,4,2,4,66,8,2,33,4,88,1.2248076382093132e-4,662,9512
ESS11e04_2,11,4.2,02.07.2026,66469,FR,0.996062397956848,1.2315269708633425,3.184376906,3.921646045133362,7,7,4,1,5,5,8,9,1,52,14,10,1.2259246432222426e-4,663,9562
ESS11e04_2,11,4.2,02.07.2026,66475,FR,0.9979729652404784,1.8921518325805664,3.184376906,6.025324598315134,7,7,4,2,5,4,2,8,1,37,7,5,1.2235777103342116e-4,656,9417
ESS11e04_2,11,4.2,02.07.2026,66545,FR,0.9883246421813964,0.7107630372047424,3.184376906,2.2633374013132004,5,8,5,1,6,6,66,8,2,71,20,8,1.2355225044302642e-4,652,9461
ESS11e04_2,11,4.2,02.07.2026,66546,FR,0.9882932901382446,1.1455353498458862,3.184376906,3.6478163130558703,4,8,7,1,3,5,66,8,1,67,12,8,1.2355617946013808e-4,663,9561
ESS11e04_2,11,4.2,02.07.2026,66547,FR,1.0016851425170898,1.1745936870574951,3.184376906,3.740349010999278,1,1,10,4,1,1,66,1,2,61,9,1,1.219043115270324e-4,661,9497
ESS11e04_2,11,4.2,02.07.2026,66551,FR,1.003964900970459,0.7548908591270447,3.184376906,2.4038570183546604,0,0,10,3,7,6,66,6,1,67,8,77,1.216274977196008e-4,656,9441
ESS11e04_2,11,4.2,02.07.2026,66612,FR,1.0094072818756104,0.9221264123916626,3.184376906,2.9363980520326423,7,8,7,3,7,7,66,10,1,19,12,88,1.2097173748770727e-4,643,9436
ESS11e04_2,11,4.2,02.07.2026,66615,FR,1.0065927505493164,1.485077977180481,3.184376906,4.729048014142718,7,7,2,2,5,2,66,5,1,41,8,8,1.2130996765336022e-4,643,9450
ESS11e04_2,11,4.2,02.07.2026,66642,FR,0.9969398975372314,1.1690293550491333,3.184376906,3.7226300806545343,5,6,9,2,1,5,66,9,999,82,8,3,1.2248456187080592e-4,662,9530
ESS11e04_2,11,4.2,02.07.2026,66650,FR,0.9955366253852844,0.7567299008369446,3.184376906,2.409713220304836,6,7,5,2,5,5,66,9,1,46,18,10,1.2265720579307526e-4,648,9481
ESS11e04_2,11,4.2,02.07.2026,66651,FR,0.9914478659629822,0.7353377342224121,3.184376906,2.341592498968214,6,8,9,4,3,3,66,10,2,72,12,3,1.2316305947024375e-4,648,9490
ESS11e04_2,11,4.2,02.07.2026,66679,FR,0.9876084923744202,0.6718078255653381,3.184376906,2.139289325000339,5,6,2,Not at all,3,2,5,9,2,64,15,9,1.236418611370027e-4,662,9511
ESS11e04_2,11,4.2,02.07.2026,66683,FR,0.993925929069519,0.7107101082801819,3.184376906,2.2631688556681704,2,8,2,3,10,8,66,9,1,55,9,1,1.2285598495509475e-4,662,9445
ESS11e04_2,11,4.2,02.07.2026,66705,FR,0.9923677444458008,0.9071600437164308,3.184376906,2.888739493256552,7,7,7,2,8,7,8,8,1,45,12,7,1.23048885143362e-4,662,9446
ESS11e04_2,11,4.2,02.07.2026,66714,FR,0.993082880973816,1.3236362934112549,3.184376906,4.21495684468224,4,6,2,2,7,7,66,4,1,17,18,7,1.2296027853153646e-4,648,9482
ESS11e04_2,11,4.2,02.07.2026,66720,FR,0.9876084923744202,0.6718078255653381,3.184376906,2.139289325000339,7,8,6,3,5,8,7,6,999,81,15,9,1.236418611370027e-4,662,9511
ESS11e04_2,11,4.2,02.07.2026,66778,FR,0.99128919839859,0.5530565977096558,3.184376906,1.76114065745756,7,7,8,3,2,88,9,9,1,88,19,9,1.2318276276346296e-4,645,9400
ESS11e04_2,11,4.2,02.07.2026,66799,FR,0.996854603290558,1.039602279663086,3.184376906,3.310485490784084,6,4,5,3,4,3,66,6,1,40,20,3,1.2249503924977034e-4,642,9537
ESS11e04_2,11,4.2,02.07.2026,66852,FR,1.0015629529953003,0.883330225944519,3.184376906,2.812856371869488,6,4,4,3,6,4,66,8,2,26,20,9,1.2191920541226864e-4,652,9470
ESS11e04_2,11,4.2,02.07.2026,66967,FR,0.9937443733215332,1.5932881832122805,3.184376906,5.073630095223882,0,10,5,4,0,0,1,7,2,88,9,2,1.228784240083769e-4,642,9589
ESS11e04_2,11,4.2,02.07.2026,66972,FR,0.9988287091255188,0.6462253332138062,3.184376906,2.057825027158199,5,9,3,3,3,2,66,8,2,41,17,10,1.22252939036116e-4,654,9432
ESS11e04_2,11,4.2,02.07.2026,66973,FR,1.0106914043426514,0.9207480549812316,3.184376906,2.932008842526652,5,8,8,3,4,6,66,9,1,48,10,8,1.2081803288310766e-4,649,9550
ESS11e04_2,11,4.2,02.07.2026,67046,FR,0.9965936541557312,0.7416926622390747,3.184376906,2.3618289849837675,5,0,0,3,5,-1,66,4,2,81,15,3,1.2252711167093366e-4,662,9515
ESS11e04_2,11,4.2,02.07.2026,67066,FR,1.0017054080963137,0.8361325860023499,3.184376906,2.6625612972199417,5,6,4,3,5,88,66,10,1,57,15,3,1.219018449774012e-4,642,9599
ESS11e04_2,11,4.2,02.07.2026,67095,FR,1.0070327520370483,0.6679526567459106,3.184376906,2.127013014443023,7,7,5,1,8,5,5,9,1,50,14,9,1.2125697685405612e-4,653,9448
ESS11e04_2,11,4.2,02.07.2026,67096,FR,0.9965704083442688,1.597819209098816,3.184376906,5.088058589417454,0,5,2,3,1,3,5,7,2,67,3,1,1.2252997839823365e-4,642,9582
ESS11e04_2,11,4.2,02.07.2026,67103,FR,0.995244801044464,0.8025402426719666,3.184376906,2.555590614900246,7,7,6,3,5,6,8,7,1,49,15,6,1.226931781275198e-4,650,9506
ESS11e04_2,11,4.2,02.07.2026,67124,FR,1.0091465711593628,1.0361939668655396,3.184376906,3.2996321382231533,3,2,2,3,3,3,3,7,2,67,9,2,1.210029877256602e-4,654,9431
ESS11e04_2,11,4.2,02.07.2026,67179,FR,1.0015689134597778,0.8385966420173645,3.184376906,2.6704077802892447,6,8,6,3,5,5,66,8,1,33,15,7,1.2191847781650722e-4,648,9491
ESS11e04_2,11,4.2,02.07.2026,67182,FR,1.0043915510177612,0.9586697220802308,3.184376906,3.052765723473725,5,8,4,2,6,99,66,9,1,41,16,8,1.215758384205401e-4,660,9552
ESS11e04_2,11,4.2,02.07.2026,67190,FR,1.005337476730347,0.6815271973609924,3.184376906,2.170239468087248,2,2,2,1,0,0,66,9,2,60,14,1,1.2146145309088752e-4,648,9488
ESS11e04_2,11,4.2,02.07.2026,67265,FR,0.9988994002342224,0.49897533655166626,3.184376906,1.5889255383787035,5,5,2,1,7,5,10,6,1,56,15,6,1.2224429519847035e-4,643,9452
ESS11e04_2,11,4.2,02.07.2026,67270,FR,1.013024926185608,0.5638543367385864,3.184376906,1.7955247282583018,5,8,5,1,7,3,8,8,2,57,15,9,1.2053972022840752e-4,643,9435
ESS11e04_2,11,4.2,02.07.2026,67337,FR,1.0046193599700928,0.9183588624000548,3.184376906,2.9244007528471663,5,8,8,1,6,4,3,10,1,53,150,77,1.2154826254118234e-4,662,9270
ESS11e04_2,11,4.2,02.07.2026,67349,FR,0.989917814731598,1.132409930229187,3.184376906,3.6060200299468943,4,4,4,Not at all,0,0,66,5,1,39,11,1,1.2335341307334602e-4,659,9502
ESS11e04_2,11,4.2,02.07.2026,67350,FR,1.0125774145126345,1.9247277975082395,3.184376906,6.129058748721483,3,6,2,3,2,88,4,6,2,73,10,1,1.2059299479005858e-4,636,9258
ESS11e04_2,11,4.2,02.07.2026,67364,FR,1.003327250480652,1.1832327842712402,3.184376906,3.7678591526554177,5,7,5,2,5,5,9,7,2,37,14,7,1.217048047692515e-4,647,9532
ESS11e04_2,11,4.2,02.07.2026,67373,FR,1.0065141916275024,0.7199593186378479,3.184376906,2.292621827529858,7,7,5,2,6,4,77,10,999,76,16,77,1.2131945550208913e-4,656,9398
ESS11e04_2,11,4.2,02.07.2026,67374,FR,0.9965704083442688,1.0140899419784546,3.184376906,3.2292445918430706,2,9,4,2,3,3,8,7,2,79,14,9,1.2252997839823365e-4,642,9582
ESS11e04_2,11,4.2,02.07.2026,67376,FR,1.0111021995544434,0.8453844785690308,3.184376906,2.6920228102460735,3,6,5,3,2,1,66,6,2,68,-2,7,1.2076894199708477e-4,647,9533
ESS11e04_2,11,4.2,02.07.2026,67380,FR,1.0108370780944824,0.9401666522026062,3.184376906,2.993844975065313,7,6,6,3,5,3,66,8,2,63,16,77,1.2080062879249454e-4,642,9545
ESS11e04_2,11,4.2,02.07.2026,67395,FR,1.0040911436080933,1.0990175008773804,3.184376906,3.4996859490837644,3,2,88,Not at all,77,7,66,8,1,90,9,88,1.216122109326534e-4,644,9521
ESS11e04_2,11,4.2,02.07.2026,67396,FR,0.9905755519866944,0.8432214856147766,3.184376906,2.6851350254347057,0,0,0,4,0,0,66,7,99,57,15,77,1.2327151489444077e-4,659,9372
ESS11e04_2,11,4.2,02.07.2026,67508,FR,0.9892414808273317,1.2197939157485962,3.184376906,3.884283575389139,5,4,1,1,6,3,4,7,2,56,12,10,1.2343775597400963e-4,656,9421
ESS11e04_2,11,4.2,02.07.2026,67520,FR,1.0028046369552612,1.1772866249084473,3.184376906,3.7489243401011434,5,7,4,2,88,5,66,8,1,24,14,77,1.2176822201581672e-4,658,9569
ESS11e04_2,11,4.2,02.07.2026,67521,FR,0.99384605884552,0.7396480441093445,3.184376906,2.355318150229866,4,8,8,3,4,1,9,9,2,60,12,4,1.228658511536196e-4,662,9401
ESS11e04_2,11,4.2,02.07.2026,67540,FR,0.9968600273132324,0.7231765389442444,3.184376906,2.3028666695750615,7,9,7,Not at all,5,2,66,7,99,21,15,1,1.2249436986166984e-4,661,9313
ESS11e04_2,11,4.2,02.07.2026,67629,FR,1.007209300994873,0.9506801962852478,3.184376906,3.02732406204229,6,7,4,3,6,6,66,7,1,24,17,2,1.2123571650590748e-4,647,9404
ESS11e04_2,11,4.2,02.07.2026,67635,FR,1.0019445419311523,0.8363311290740967,3.184376906,2.6631935331924583,2,7,6,3,5,4,3,8,1,58,15,10,1.2187275569885968e-4,642,9603
ESS11e04_2,11,4.2,02.07.2026,67687,FR,1.0048445463180542,0.9755905270576476,3.184376906,3.106647944074741,8,7,2,1,1,1,2,4,1,20,13,88,1.2152102863183244e-4,653,9565
ESS11e04_2,11,4.2,02.07.2026,67713,FR,1.0066198110580444,1.1171303987503052,3.184376906,3.557364242771043,4,6,6,4,5,5,66,8,2,53,12,7,1.2130672257626428e-4,651,9366
ESS11e04_2,11,4.2,02.07.2026,67717,FR,1.0121078491210938,1.2650302648544312,3.184376906,4.0283331607935136,4,8,3,2,3,5,8,10,1,51,12,6,1.2064893235219644e-4,642,9541
ESS11e04_2,11,4.2,02.07.2026,67736,FR,0.993885338306427,0.7109256982803345,3.184376906,2.263855375485821,8,8,6,3,8,7,3,10,2,66,23,8,1.2286100536584854e-4,658,9568
ESS11e04_2,11,4.2,02.07.2026,67774,FR,0.9891202449798584,0.75443434715271,3.184376906,2.4024033121662765,5,6,4,3,0,2,4,8,999,41,15,1,1.234528899658471e-4,662,9528
ESS11e04_2,11,4.2,02.07.2026,67817,FR,0.99697083234787,0.7128865122795105,3.184376906,2.2700993463017585,7,5,6,2,5,4,8,7,1,61,13,9,1.2248076382093132e-4,662,9512
ESS11e04_2,11,4.2,02.07.2026,67874,FR,0.9953415393829346,1.0986841917037964,3.184376906,3.4986245670488456,0,5,5,4,0,0,66,5,2,41,18,4,1.2268126010894775e-4,656,9499
ESS11e04_2,11,4.2,02.07.2026,67884,FR,1.0078994035720823,0.7446978688240051,3.184376906,2.371398695430579,7,8,5,3,7,6,5,9,2,43,-2,9,1.2115270510548726e-4,662,9271
ESS11e04_2,11,4.2,02.07.2026,67911,FR,1.0078994035720823,0.8408079743385315,3.184376906,2.67744949586426,5,7,4,3,6,7,66,9,2,23,14,9,1.2115270510548726e-4,662,9271
ESS11e04_2,11,4.2,02.07.2026,67933,FR,0.9974681735038756,0.7132421135902405,3.184376906,2.2712317149033905,5,8,6,1,1,88,8,8,1,69,12,9,1.2241968943271786e-4,662,9439
ESS11e04_2,11,4.2,02.07.2026,67940,FR,1.0045478343963623,0.9656257033348083,3.184376906,3.074916189539371,3,7,2,4,0,5,9,7,1,53,11,7,1.2155692093074322e-4,658,9386
ESS11e04_2,11,4.2,02.07.2026,68006,FR,1.0074642896652222,0.8900574445724487,3.184376906,2.8342783715098805,4,5,5,3,0,1,66,6,1,28,16,10,1.2120503379264846e-4,656,9424
ESS11e04_2,11,4.2,02.07.2026,68032,FR,1.0029433965682983,1.321255445480347,3.184376906,4.207375327514358,2,5,7,3,6,4,66,6,2,80,-2,2,1.217513854498975e-4,646,9486
ESS11e04_2,11,4.2,02.07.2026,68063,FR,1.012199640274048,1.055606484413147,3.184376906,3.361448910789074,8,6,4,2,5,3,88,9,1,50,17,7,1.2063800386385992e-4,642,9595
ESS11e04_2,11,4.2,02.07.2026,68067,FR,1.0014375448226929,0.9385507702827454,3.184376906,2.988699397996885,3,5,3,3,5,3,66,7,2,29,17,8,1.2193446309538558e-4,647,9405
ESS11e04_2,11,4.2,02.07.2026,68082,FR,0.9953415393829346,0.7983108758926392,3.184376906,2.5421227170011522,1,7,4,2,2,3,66,8,1,35,20,10,1.2268126010894775e-4,656,9499
ESS11e04_2,11,4.2,02.07.2026,68086,FR,0.9934473037719728,1.1984928846359253,3.184376906,3.8164530638399623,2,3,4,8,3,5,4,7,2,58,12,2,1.2291516759432852e-4,636,9257
ESS11e04_2,11,4.2,02.07.2026,68104,FR,0.98800528049469,0.8254075050354004,3.184376906,2.6284085970738076,2,5,2,3,2,3,9,7,1,42,12,6,1.235921954503283e-4,644,9473
ESS11e04_2,11,4.2,02.07.2026,68114,FR,0.9937443733215332,1.141560673713684,3.184376906,3.6351594461716568,0,5,0,3,3,0,66,7,1,25,14,6,1.228784240083769e-4,642,9589
ESS11e04_2,11,4.2,02.07.2026,68123,FR,1.0108370780944824,1.2634425163269043,3.184376906,4.023277171049922,5,5,7,1,3,77,66,4,1,45,12,5,1.2080062879249454e-4,642,9545
ESS11e04_2,11,4.2,02.07.2026,68142,FR,0.9977903366088868,0.7794121503829956,3.184376906,2.4819420519354103,6,8,3,3,2,88,66,5,2,44,17,8,1.2238016643095762e-4,652,9468
ESS11e04_2,11,4.2,02.07.2026,68156,FR,1.0036118030548096,0.7654873132705688,3.184376906,2.4376001222147865,5,5,5,1,10,88,66,10,1,49,14,4,1.2167030217824504e-4,661,9323
ESS11e04_2,11,4.2,02.07.2026,68165,FR,1.0029857158660889,0.7891601324081421,3.184376906,2.5129833007763898,4,8,5,3,5,5,66,7,2,62,15,1,1.2174624862382188e-4,652,9463
ESS11e04_2,11,4.2,02.07.2026,68175,FR,0.9936885833740234,0.8289538025856018,3.184376906,2.6397013450944735,7,8,6,4,5,3,66,7,2,28,17,8,1.2288532161619514e-4,624,9289
ESS11e04_2,11,4.2,02.07.2026,68194,FR,1.0043740272521973,1.2116749286651611,3.184376906,3.858429660420536,6,8,8,2,9,9,77,8,2,90,12,4,1.2157796300016344e-4,663,9558
ESS11e04_2,11,4.2,02.07.2026,68224,FR,1.0046160221099854,1.0509554147720337,3.184376906,3.346638152035715,0,4,0,3,4,3,66,8,2,39,13,8,1.2154866999480872e-4,649,9551
ESS11e04_2,11,4.2,02.07.2026,68226,FR,0.989611029624939,0.8479904532432556,3.184376906,2.7003212158162957,2,7,5,4,0,0,66,8,1,43,14,9,1.2339165550656617e-4,647,9536
ESS11e04_2,11,4.2,02.07.2026,68233,FR,0.9939138293266296,1.517227053642273,3.184376906,4.831422790776877,6,5,7,3,5,9,66,9,1,31,13,3,1.2285748380236328e-4,642,9539
ESS11e04_2,11,4.2,02.07.2026,68237,FR,1.0011167526245115,0.6477057337760925,3.184376906,2.062539180520373,4,7,5,Not at all,7,7,66,8,2,35,15,7,1.2197353498777376e-4,654,9409
ESS11e04_2,11,4.2,02.07.2026,68306,FR,0.9914478659629822,0.6031877994537354,3.184376906,1.9207772985614344,6,5,2,2,6,3,8,2,1,56,15,1,1.2316305947024375e-4,648,9490
ESS11e04_2,11,4.2,02.07.2026,68317,FR,0.9938450455665588,0.6046463847160339,3.184376906,1.9254219837861295,0,0,0,3,10,99,7,5,3,58,12,1,1.2286598212085664e-4,648,9476
ESS11e04_2,11,4.2,02.07.2026,68328,FR,0.9868563413619996,0.6136525869369507,3.184376906,1.954101126149183,0,6,0,2,0,0,66,5,1,76,8,3,1.2373608478810638e-4,653,9522
ESS11e04_2,11,4.2,02.07.2026,68332,FR,1.0021493434906006,0.6693213582038879,3.184376906,2.1313714757570144,8,8,6,2,8,6,66,7,1,37,14,8,1.2184785737190396e-4,654,9466
ESS11e04_2,11,4.2,02.07.2026,68342,FR,0.9958574175834656,1.1754403114318848,3.184376906,3.7430449821051415,5,8,7,3,5,5,9,8,1,24,12,8,1.2261769734323025e-4,650,9504
ESS11e04_2,11,4.2,02.07.2026,68350,FR,0.994271755218506,1.3060882091522217,3.184376906,4.159077130423232,5,5,5,4,0,77,66,77,2,38,12,1,1.2281324598006904e-4,659,9429
ESS11e04_2,11,4.2,02.07.2026,68353,FR,0.9881000518798828,1.1270513534545898,3.184376906,3.588956301816839,8,8,6,1,40,4,2,8,2,31,17,8,1.235803501913324e-4,642,9593
ESS11e04_2,11,4.2,02.07.2026,68383,FR,1.0116831064224243,1.1227483749389648,3.184376906,3.575253996404669,0,5,3,Not at all,0,0,66,8,2,49,11,4,1.206996021210216e-4,651,9459
ESS11e04_2,11,4.2,02.07.2026,68394,FR,1.0111894607543943,0.9048251509666444,3.184376906,2.8813043147061452,6,6,4,3,7,5,3,7,1,59,16,9,1.2075853010173888e-4,659,9411
ESS11e04_2,11,4.2,02.07.2026,68436,FR,1.0094072818756104,0.8670140504837036,3.184376906,2.7608995195378236,3,4,0,2,2,1,3,0,2,-5,9,3,1.2097173748770727e-4,643,9436
ESS11e04_2,11,4.2,02.07.2026,68441,FR,0.9981385469436646,1.1010127067565918,3.184376906,3.506039436608241,1,9,5,2,77,2,66,7,2,29,12,5,1.223374711116776e-4,654,9467
ESS11e04_2,11,4.2,02.07.2026,68465,FR,0.994722843170166,1.037380576133728,3.184376906,3.303410749373218,3,6,5,2,5,2,8,9,1,49,20,10,1.2275755580049008e-4,642,9544
ESS11e04_2,11,4.2,02.07.2026,68468,FR,1.0083423852920532,0.750435471534729,3.184376906,2.3896693849984114,6,8,4,2,8,7,8,9,2,65,12,10,1.210994814755395e-4,662,9531
ESS11e04_2,11,4.2,02.07.2026,68487,FR,0.999993085861206,0.6261308789253235,3.184376906,1.993836710983282,7,7,2,3,6,4,4,8,1,64,11,7,1.221105776494369e-4,654,9434
ESS11e04_2,11,4.2,02.07.2026,68516,FR,1.013024926185608,0.6168956160545349,3.184376906,1.9644281531767036,5,5,1,2,0,0,66,8,2,58,11,1,1.2053972022840752e-4,643,9435
ESS11e04_2,11,4.2,02.07.2026,68533,FR,1.0007920265197754,1.333909273147583,3.184376906,4.247669884110409,2,5,4,3,3,2,66,9,1,18,150,88,1.2201310892123728e-4,648,9492
ESS11e04_2,11,4.2,02.07.2026,68551,FR,1.0121499300003052,0.7920960187911987,3.184376906,2.5223322695732353,6,3,3,3,4,88,88,7,2,70,11,1,1.2064393376931548e-4,656,9397
ESS11e04_2,11,4.2,02.07.2026,68602,FR,0.9970020055770874,0.9218340516090392,3.184376906,2.9354670651082366,7,7,5,1,3,3,2,8,2,38,15,4,1.2247693666722623e-4,622,9281
ESS11e04_2,11,4.2,02.07.2026,68626,FR,0.9955366253852844,0.709425687789917,3.184376906,2.2590787767213776,5,7,5,3,5,4,66,8,1,61,13,9,1.2265720579307526e-4,648,9481
ESS11e04_2,11,4.2,02.07.2026,68636,FR,0.9904276132583618,1.484397053718567,3.184376906,4.726879697195845,5,5,7,2,5,99,9,6,1,73,8,4,1.2328992306720463e-4,660,9375
ESS11e04_2,11,4.2,02.07.2026,68651,FR,1.0066765546798706,1.4157580137252808,3.184376906,4.508307123391215,2,3,2,1,4,4,9,8,1,17,11,10,1.2129988317610696e-4,656,9422
ESS11e04_2,11,4.2,02.07.2026,68669,FR,0.9936723709106444,1.4261986017227173,3.184376906,4.541553890695313,0,4,3,2,3,3,66,8,2,47,19,77,1.2288732978049666e-4,642,9578
ESS11e04_2,11,4.2,02.07.2026,68677,FR,0.9967845678329468,0.7800713777542114,3.184376906,2.484041280352113,6,5,7,3,3,4,8,8,2,62,12,7,1.225036394316703e-4,657,9570
ESS11e04_2,11,4.2,02.07.2026,68698,FR,0.9977354407310486,0.7371876835823059,3.184376906,2.3474834349871303,5,3,2,2,0,0,66,6,2,42,14,7,1.2238690396770835e-4,662,9285
ESS11e04_2,11,4.2,02.07.2026,68701,FR,0.990239143371582,1.3926408290863037,3.184376906,4.434693294495118,3,5,4,3,0,1,9,7,1,26,13,3,1.23313395306468e-4,656,9423
ESS11e04_2,11,4.2,02.07.2026,68703,FR,1.0017061233520508,0.6228854060173035,3.184376906,1.9835019020059343,5,5,5,2,1,1,66,0,1,64,10,77,1.2190175766590984e-4,625,9295
ESS11e04_2,11,4.2,02.07.2026,68733,FR,1.0102531909942627,1.0535768270492554,3.184376906,3.3549857167524046,6,8,3,1,6,4,2,7,1,46,12,9,1.2087044160580264e-4,642,9596
ESS11e04_2,11,4.2,02.07.2026,68748,FR,0.988541841506958,0.9005692601203918,3.184376906,2.8677519541808825,7,7,8,3,2,1,66,8,1,52,150,9,1.2352511112112552e-4,648,9475
ESS11e04_2,11,4.2,02.07.2026,68749,FR,1.00588059425354,0.719257652759552,3.184376906,2.2903874589112845,1,5,5,1,1,1,10,8,1,75,10,4,1.2139586760895328e-4,662,9272
ESS11e04_2,11,4.2,02.07.2026,68868,FR,1.0047086477279663,0.7848162055015564,3.184376906,2.499150600253706,6,8,4,2,4,4,66,6,2,39,17,5,1.215374722960405e-4,626,9307
ESS11e04_2,11,4.2,02.07.2026,68869,FR,1.0011390447616575,0.8522130250930786,3.184376906,2.713767476098798,6,6,5,2,50,88,77,8,2,56,17,7,1.2197081377962604e-4,660,9415
ESS11e04_2,11,4.2,02.07.2026,68877,FR,0.9936723709106444,1.0038506984710691,3.184376906,3.1966389812832423,8,3,2,1,5,-1,2,5,2,54,18,8,1.2288732978049666e-4,642,9578
ESS11e04_2,11,4.2,02.07.2026,68890,FR,0.9986799359321594,1.0183866024017334,3.184376906,3.2429267780678837,5,7,5,3,5,6,66,10,2,72,9,5,1.2227115803398192e-4,653,9563
ESS11e04_2,11,4.2,02.07.2026,68891,FR,1.0107375383377075,1.719873070716858,3.184376906,5.476724087642067,6,7,7,2,3,3,88,9,2,47,12,77,1.2081251770723612e-4,653,9447
ESS11e04_2,11,4.2,02.07.2026,68907,FR,0.9979729652404784,0.6406455636024475,3.184376906,2.040056937666988,5,7,4,2,77,8,5,9,1,60,15,10,1.2235777103342116e-4,656,9417
ESS11e04_2,11,4.2,02.07.2026,68919,FR,1.0048445463180542,0.6248370409011841,3.184376906,1.989716643059108,6,8,5,9,2,3,66,6,1,55,12,5,1.2152102863183244e-4,653,9565
ESS11e04_2,11,4.2,02.07.2026,68924,FR,1.0108370780944824,1.4508355855941772,3.184376906,4.620007333169084,5,6,3,3,4,5,66,7,2,39,19,9,1.2080062879249454e-4,642,9545
ESS11e04_2,11,4.2,02.07.2026,68926,FR,1.007209300994873,1.0343904495239258,3.184376906,3.293889059250948,5,6,9,4,3,7,66,8,99,35,8,7,1.2123571650590748e-4,647,9404
ESS11e04_2,11,4.2,02.07.2026,68929,FR,0.993885338306427,0.9553762674331664,3.184376906,3.042278122554655,6,7,7,3,5,-1,66,8,1,38,15,5,1.2286100536584854e-4,658,9568
ESS11e04_2,11,4.2,02.07.2026,68940,FR,1.000241756439209,1.1979886293411257,3.184376906,3.814847324924474,7,8,5,2,7,6,8,10,2,36,17,4,1.2208023690618577e-4,663,9381
ESS11e04_2,11,4.2,02.07.2026,69018,FR,1.004451036453247,0.7593310475349426,3.184376906,2.4179962517790594,6,6,4,3,7,4,66,6,99,70,12,2,1.2156864249845968e-4,651,9370
ESS11e04_2,11,4.2,02.07.2026,69084,FR,0.9868563413619996,1.0063296556472778,3.184376906,3.2045329152661237,3,2,4,4,3,1,66,2,2,85,5,1,1.2373608478810638e-4,653,9522
ESS11e04_2,11,4.2,02.07.2026,69117,FR,0.9926573038101196,1.4566326141357422,3.184376906,4.638467256980266,6,7,5,3,5,3,66,10,2,68,11,8,1.230129855684936e-4,659,9373
ESS11e04_2,11,4.2,02.07.2026,69120,FR,1.002301573753357,2.0467028617858887,3.184376906,6.517473326515093,5,5,2,3,3,1,66,8,99,18,12,4,1.2182934733573347e-4,663,9376
ESS11e04_2,11,4.2,02.07.2026,69160,FR,0.9997414350509644,1.0494472980499268,3.184376906,3.3418357399742855,2,6,5,2,3,2,8,10,2,49,12,10,1.2214132584631443e-4,662,9527
ESS11e04_2,11,4.2,02.07.2026,69164,FR,1.0011167526245115,0.9202125668525696,3.184376906,2.9303036464963035,4,5,2,4,3,3,66,6,3,44,11,3,1.2197353498777376e-4,654,9409
ESS11e04_2,11,4.2,02.07.2026,69174,FR,1.0006026029586792,2.257690191268921,3.184376906,7.189336505979474,8,8,6,3,6,6,66,8,1,36,12,4,1.2203621008666232e-4,660,9369
ESS11e04_2,11,4.2,02.07.2026,69237,FR,0.989611029624939,1.48692786693573,3.184376906,4.734938760357979,3,3,4,3,88,2,66,8,999,17,11,7,1.2339165550656617e-4,647,9536
ESS11e04_2,11,4.2,02.07.2026,69264,FR,1.0119718313217163,0.6162539720535278,3.184376906,1.9623849168380232,1,6,5,4,3,2,88,4,2,56,12,7,1.2066517228959128e-4,643,9388
ESS11e04_2,11,4.2,02.07.2026,69291,FR,1.010336995124817,1.1058542728424072,3.184376906,3.521456807840784,5,7,5,3,4,7,66,5,1,74,5,5,1.2086040078429504e-4,644,9520
ESS11e04_2,11,4.2,02.07.2026,69294,FR,1.0048445463180542,0.917280375957489,3.184376906,2.920966445526026,5,1,0,1,0,8,9,5,2,40,11,8,1.2152102863183244e-4,653,9565
ESS11e04_2,11,4.2,02.07.2026,69303,FR,0.9887039065361024,0.5848664045333862,3.184376906,1.862435071691369,7,7,5,1,8,6,6,9,2,65,20,10,1.2350486940704286e-4,653,9564
ESS11e04_2,11,4.2,02.07.2026,69326,FR,1.0017054080963137,1.1425718069076538,3.184376906,3.638379275363424,7,8,6,1,7,6,3,7,99,25,18,8,1.219018449774012e-4,642,9599
ESS11e04_2,11,4.2,02.07.2026,69329,FR,1.003964900970459,1.1082030534744265,3.184376906,3.528936210642646,5,6,4,3,7,4,5,8,2,48,12,8,1.216274977196008e-4,656,9441
ESS11e04_2,11,4.2,02.07.2026,69357,FR,1.0019445419311523,1.7257521152496338,3.184376906,5.495445181281584,4,5,8,2,3,3,77,6,2,23,12,10,1.2187275569885968e-4,642,9603
ESS11e04_2,11,4.2,02.07.2026,69382,FR,0.9881000518798828,1.1350758075714111,3.184376906,3.614509188189701,7,7,4,3,4,5,66,7,1,26,17,5,1.235803501913324e-4,642,9593
ESS11e04_2,11,4.2,02.07.2026,69405,FR,0.994040310382843,1.3442150354385376,3.184376906,4.28048731554845,8,7,6,3,8,5,66,6,2,27,17,10,1.22841855045408e-4,663,9361
ESS11e04_2,11,4.2,02.07.2026,69426,FR,0.9962031841278076,0.6066517233848572,3.184376906,1.9318077379318392,2,8,5,3,77,4,66,8,2,81,-2,77,1.2257513299118727e-4,643,9390
ESS11e04_2,11,4.2,02.07.2026,69446,FR,0.9887039065361024,0.9599185585975648,3.184376906,3.0567424896388924,6,4,7,3,5,5,66,8,1,18,13,88,1.2350486940704286e-4,653,9564
ESS11e04_2,11,4.2,02.07.2026,69465,FR,1.0107375383377075,0.7384646534919739,3.184376906,2.3515497884771337,0,2,2,3,0,0,66,7,1,33,9,9,1.2081251770723612e-4,653,9447
ESS11e04_2,11,4.2,02.07.2026,69467,FR,1.0009958744049072,1.3387627601623535,3.184376906,4.263125216073815,5,7,5,3,88,5,66,9,1,16,9,88,1.2198826880194248e-4,662,9365
ESS11e04_2,11,4.2,02.07.2026,69494,FR,0.9893606901168824,1.5693811178207395,3.184376906,4.997500988300828,4,10,9,2,8,9,9,10,2,34,12,2,1.2342288391664624e-4,649,9299
ESS11e04_2,11,4.2,02.07.2026,69499,FR,1.005337476730347,0.8417516350746155,3.184376906,2.680454467319345,5,7,7,1,5,10,66,8,1,21,14,4,1.2146145309088752e-4,648,9488
ESS11e04_2,11,4.2,02.07.2026,69500,FR,1.0006026029586792,0.8517577648162842,3.184376906,2.7123177557871543,3,7,2,1,8,3,88,8,2,68,14,8,1.2203621008666232e-4,660,9369
ESS11e04_2,11,4.2,02.07.2026,69516,FR,0.9880545139312744,0.6394640803337097,3.184376906,2.036294649631194,4,8,3,3,4,5,66,9,2,62,12,6,1.235860399901867e-4,653,9524
ESS11e04_2,11,4.2,02.07.2026,69544,FR,0.997140884399414,1.1652629375457764,3.184376906,3.7106363877384902,5,5,1,3,1,0,66,5,2,58,9,8,1.224598818225786e-4,649,9485
ESS11e04_2,11,4.2,02.07.2026,69556,FR,0.9968600273132324,0.911266267299652,3.184376906,2.901815256805835,5,8,8,3,5,5,66,7,1,35,16,7,1.2249436986166984e-4,661,9313
ESS11e04_2,11,4.2,02.07.2026,69603,FR,0.9883246421813964,0.7107630372047424,3.184376906,2.2633374013132004,7,7,6,2,6,6,8,9,2,1980,18,8,1.2355225044302642e-4,652,9461
ESS11e04_2,11,4.2,02.07.2026,69611,FR,0.98800528049469,0.6456468105316162,3.184376906,2.055982792889436,6,5,5,2,8,5,5,8,1,69,11,6,1.235921954503283e-4,644,9473
ESS11e04_2,11,4.2,02.07.2026,69633,FR,0.997140884399414,0.6066517233848572,3.184376906,1.9318077379318392,9,9,7,2,7,8,4,8,1,56,17,10,1.224598818225786e-4,649,9485
ESS11e04_2,11,4.2,02.07.2026,69638,FR,1.0051755905151367,0.9175834059715272,3.184376906,2.921931407304553,2,5,0,4,0,0,66,6,2,52,11,8,1.2148101086495444e-4,653,9460
ESS11e04_2,11,4.2,02.07.2026,69666,FR,1.007500410079956,0.6853391528129578,3.184376906,2.1823781709951873,5,8,5,4,3,-1,66,8,2,60,14,4,1.212006900459528e-4,661,9312
ESS11e04_2,11,4.2,02.07.2026,69671,FR,1.0134499073028564,0.9794401526451112,3.184376906,3.1189066028922063,3,5,4,9,4,-1,66,6,1,53,11,1,1.2048918870277704e-4,651,9368
ESS11e04_2,11,4.2,02.07.2026,69746,FR,0.9919002056121826,0.6579160690307617,3.184376906,2.0950527363078595,8,7,3,1,3,2,1,8,1,35,14,3,1.2310688907746226e-4,653,9453
ESS11e04_2,11,4.2,02.07.2026,69775,FR,1.0078994035720823,1.3479961156845093,3.184376906,4.292527700163456,0,10,5,8,0,5,66,5,1,18,88,10,1.2115270510548726e-4,662,9271
ESS11e04_2,11,4.2,02.07.2026,69799,FR,1.0047086477279663,1.1150078773498535,3.184376906,3.5506053346409536,3,4,3,4,2,0,66,6,2,39,12,3,1.215374722960405e-4,626,9300
ESS11e04_2,11,4.2,02.07.2026,69822,FR,1.0111894607543943,0.9417413473129272,3.184376906,2.9988593978086104,0,5,5,3,3,2,66,8,2,58,17,7,1.2075853010173888e-4,659,9411
ESS11e04_2,11,4.2,02.07.2026,69840,FR,0.9937158823013306,1.7115780115127563,3.184376906,5.450309492678623,5,6,6,3,0,5,66,10,2,31,11,7,1.2288194557186216e-4,646,9457
ESS11e04_2,11,4.2,02.07.2026,69860,FR,1.0072211027145386,0.8421396613121033,3.184376906,2.681690089108923,1,9,5,9,5,4,66,5,2,60,12,6,1.212342904182151e-4,647,9535
ESS11e04_2,11,4.2,02.07.2026,69903,FR,1.003964900970459,0.7548908591270447,3.184376906,2.4038570183546604,5,0,5,3,0,0,88,6,1,70,14,5,1.216274977196008e-4,656,9441
ESS11e04_2,11,4.2,02.07.2026,69946,FR,0.9953275322914124,0.9731227159500122,3.184376906,3.0987895033752166,3,5,4,2,5,4,8,7,1,70,88,9,1.226829772349447e-4,642,9584
ESS11e04_2,11,4.2,02.07.2026,69947,FR,0.998822033405304,0.9765381217002868,3.184376906,3.10966544257101,5,6,3,3,8,5,31,5,1,57,12,4,1.222537539433688e-4,642,9538
ESS11e04_2,11,4.2,02.07.2026,69959,FR,0.9919002056121826,0.6373240351676941,3.184376906,2.0294799392267366,7,8,7,3,6,5,5,7,2,46,17,10,1.2310688907746226e-4,653,9453
ESS11e04_2,11,4.2,02.07.2026,69991,FR,0.9981385469436646,0.6504682302474976,3.184376906,2.0713360104868217,4,6,4,2,6,6,66,7,2,65,11,6,1.223374711116776e-4,654,9467
ESS11e04_2,11,4.2,02.07.2026,70025,FR,1.0089750289916992,0.8105369210243225,3.184376906,2.581055052770198,7,3,7,4,99,3,66,6,1,62,11,1,1.2102354958187787e-4,646,9487
ESS11e04_2,11,4.2,02.07.2026,70029,FR,0.997140884399414,0.7342274188995361,3.184376906,2.3380568364956704,4,9,5,Not at all,3,2,66,9,2,43,12,9,1.224598818225786e-4,649,9485
ESS11e04_2,11,4.2,02.07.2026,70043,FR,1.0029857158660889,0.7582244277000427,3.184376906,2.4144723571330826,7,3,8,2,5,7,3,10,1,67,12,88,1.2174624862382188e-4,652,9463
ESS11e04_2,11,4.2,02.07.2026,70054,FR,0.9942508339881896,1.385758876800537,3.184376906,4.4127785645681294,4,6,4,4,2,5,66,9,2,17,12,9,1.2281582166906446e-4,654,9433
ESS11e04_2,11,4.2,02.07.2026,70077,FR,0.9971608519554138,1.7175135612487793,3.184376906,5.469210520182429,5,7,6,2,6,2,66,7,2,19,12,7,1.22457422548905e-4,642,9540
ESS11e04_2,11,4.2,02.07.2026,70090,FR,0.9967845678329468,0.7129995822906494,3.184376906,2.2704594038339905,5,8,7,1,3,4,66,10,2,77,15,8,1.225036394316703e-4,657,9570
ESS11e04_2,11,4.2,02.07.2026,70100,FR,0.9901106953620912,2.9865431785583496,3.184376906,9.510279126573042,5,3,5,3,4,5,66,7,2,43,2,5,1.23329387861304e-4,660,9501
ESS11e04_2,11,4.2,02.07.2026,70145,FR,0.993082880973816,0.7312390804290771,3.184376906,2.3285408404830297,7,7,4,4,0,0,31,10,2,49,14,9,1.2296027853153646e-4,648,9482
ESS11e04_2,11,4.2,02.07.2026,70186,FR,1.0084747076034546,1.028965711593628,3.184376906,3.276614649064605,2,9,5,2,5,2,9,7,1,23,11,8,1.2108359806006774e-4,645,9393
ESS11e04_2,11,4.2,02.07.2026,70214,FR,1.0004289150238037,0.9145280718803406,3.184376906,2.9122020719844643,4,5,3,2,5,1,1,7,1,999,14,3,1.2205740495119244e-4,661,9496
ESS11e04_2,11,4.2,02.07.2026,70243,FR,0.992255926132202,0.8878819346427917,3.184376906,2.8273507279311074,6,5,3,1,8,7,5,8,1,67,11,7,1.2306275311857462e-4,660,9500
ESS11e04_2,11,4.2,02.07.2026,70271,FR,0.9934048652648926,0.9131237268447876,3.184376906,2.9077301080851936,4,8,4,4,5,6,66,9,2,36,12,5,1.2292042083572596e-4,654,9408
ESS11e04_2,11,4.2,02.07.2026,70307,FR,0.9923677444458008,0.7332219481468201,3.184376906,2.3348550386510634,8,7,5,3,2,0,66,10,3,-5,20,6,1.23048885143362e-4,662,9446
ESS11e04_2,11,4.2,02.07.2026,70315,FR,0.9936723709106444,1.6271973848342896,3.184376906,5.181609773769906,3,3,3,3,3,3,66,5,1,56,0,4,1.2288732978049666e-4,642,9578
ESS11e04_2,11,4.2,02.07.2026,70317,FR,1.0096471309661863,0.8594554662704468,3.184376906,2.7368301385270724,5,9,8,2,8,5,66,9,2,62,15,8,1.2094299017917363e-4,660,9374
ESS11e04_2,11,4.2,02.07.2026,70325,FR,1.0091465711593628,0.6576426029205322,3.184376906,2.0941819171418707,3,5,6,2,4,4,77,8,2,71,9,7,1.210029877256602e-4,654,9431
ESS11e04_2,11,4.2,02.07.2026,70334,FR,0.993885338306427,0.7473118901252747,3.184376906,2.3797227244941337,6,7,4,Not at all,9,8,5,7,3,1980,10,8,1.2286100536584854e-4,658,9568
ESS11e04_2,11,4.2,02.07.2026,70343,FR,0.9995038509368896,1.197104811668396,3.184376906,3.8120329163383193,7,7,5,3,5,4,66,6,2,39,16,6,1.2217035691719502e-4,663,9363
ESS11e04_2,11,4.2,02.07.2026,70351,FR,0.98800528049469,0.67198944091796875,3.184376906,2.139867656735031,5,6,6,4,5,5,8,6,2,80,12,4,1.235921954503283e-4,644,9473
ESS11e04_2,11,4.2,02.07.2026,70361,FR,0.9981845021247864,1.1954864263534546,3.184376906,3.8068793675164105,5,5,7,2,20,0,66,7,1,67,9,5,1.223318395204842e-4,662,9526
ESS11e04_2,11,4.2,02.07.2026,70364,FR,0.9916536211967468,1.8849581480026243,3.184376906,6.002417195276087,8,7,6,7,4,88,66,8,2,73,9,7,1.231374917551875e-4,663,9379
ESS11e04_2,11,4.2,02.07.2026,70376,FR,0.993885338306427,0.7109256982803345,3.184376906,2.263855375485821,7,3,2,2,3,3,66,8,2,66,15,2,1.2286100536584854e-4,658,9568
ESS11e04_2,11,4.2,02.07.2026,70382,FR,0.989611029624939,1.2412433624267578,3.184376906,3.952586698037555,3,5,5,2,2,5,66,9,1,28,11,5,1.2339165550656617e-4,647,9536
ESS11e04_2,11,4.2,02.07.2026,70390,FR,1.0036118030548096,0.7415297627449036,3.184376906,2.36131025159653,5,5,5,3,5,4,66,7,2,53,16,2,1.2167030217824504e-4,661,9323
ESS11e04_2,11,4.2,02.07.2026,70455,FR,0.9868563413619996,1.0063296556472778,3.184376906,3.2045329152661237,3,6,4,3,2,3,9,8,2,67,9,5,1.2373608478810638e-4,653,9522
ESS11e04_2,11,4.2,02.07.2026,70484,FR,1.0016851425170898,0.7640179395675659,3.184376906,2.43292108252866,5,8,5,4,0,5,66,7,1,46,15,9,1.219043115270324e-4,661,9497
ESS11e04_2,11,4.2,02.07.2026,70493,FR,1.013024926185608,0.6168956160545349,3.184376906,1.9644281531767036,5,6,6,2,5,3,8,8,2,67,11,2,1.2053972022840752e-4,643,9435
ESS11e04_2,11,4.2,02.07.2026,70510,FR,1.0017054080963137,1.5291204452514648,3.184376906,4.8692958323512014,7,6,4,2,880,3,77,8,3,999,12,2,1.219018449774012e-4,642,9599
ESS11e04_2,11,4.2,02.07.2026,70515,FR,0.996854603290558,1.7169854640960691,3.184376906,5.467528859805215,4,6,5,3,5,3,66,5,2,18,12,88,1.2249503924977034e-4,642,9537
ESS11e04_2,11,4.2,02.07.2026,70535,FR,1.0016095638275146,0.605545699596405,3.184376906,1.9282857413224057,5,5,3,3,2,2,66,8,2,45,15,4,1.2191351561341436e-4,643,9443
ESS11e04_2,11,4.2,02.07.2026,70542,FR,0.9868563413619996,0.7845032215118408,3.184376906,2.498153941264908,3,7,7,2,3,2,8,8,1,1980,13,8,1.2373608478810638e-4,653,9522
ESS11e04_2,11,4.2,02.07.2026,70551,FR,0.9977354407310486,0.8382558822631836,3.184376906,2.6693226727975365,2,0,3,3,1,0,8,8,1,-5,14,4,1.2238690396770835e-4,662,9285
ESS11e04_2,11,4.2,02.07.2026,70562,FR,0.99128919839859,0.6477926969528198,3.184376906,2.062816104052016,7,6,7,3,5,5,88,3,1,89,14,6,1.2318276276346296e-4,645,9400
ESS11e04_2,11,4.2,02.07.2026,70572,FR,1.0004289150238037,0.7391780614852905,3.184376906,2.353821548415607,1,88,6,3,2,6,66,6,999,52,15,4,1.2205740495119244e-4,661,9496
ESS11e04_2,11,4.2,02.07.2026,70577,FR,0.9925038814544678,1.1887202262878418,3.184376906,3.7853332362860974,3,7,4,3,2,2,66,5,2,44,15,6,1.2303200492169708e-4,663,9555
ESS11e04_2,11,4.2,02.07.2026,70598,FR,0.9901106953620912,0.9450388550758362,3.184376906,3.0093599053761735,7,9,5,2,5,3,2,7,1,40,17,8,1.23329387861304e-4,660,9501
ESS11e04_2,11,4.2,02.07.2026,70600,FR,0.9986799359321594,1.5659055709838867,3.184376906,4.986433537217832,3,4,2,3,6,7,66,10,1,53,5,4,1.2227115803398192e-4,653,9563
ESS11e04_2,11,4.2,02.07.2026,70608,FR,0.9965704083442688,1.0067780017852783,3.184376906,3.205960618353867,5,8,6,2,3,2,66,8,2,54,16,10,1.2252997839823365e-4,642,9582
ESS11e04_2,11,4.2,02.07.2026,70612,FR,1.0029433965682983,1.0300092697143557,3.184376906,3.2799377314443188,0,8,0,1,5,5,66,5,1,43,12,9,1.217513854498975e-4,646,9486
ESS11e04_2,11,4.2,02.07.2026,70626,FR,1.0079792737960815,1.343488693237305,3.184376906,4.278174368216991,6,7,7,4,6,6,66,9,1,16,10,88,1.2114311539335176e-4,648,9494
ESS11e04_2,11,4.2,02.07.2026,70666,FR,0.996062397956848,1.2016472816467283,3.184376906,3.82649785283352,2,5,4,3,3,4,9,5,2,65,12,3,1.2259246432222426e-4,663,9562
ESS11e04_2,11,4.2,02.07.2026,70675,FR,1.005337476730347,0.7164096832275391,3.184376906,2.2813184505045507,2,2,5,2,5,5,9,4,1,58,12,6,1.2146145309088752e-4,648,9488
ESS11e04_2,11,4.2,02.07.2026,70680,FR,0.9893606901168824,0.7337892651557922,3.184376906,2.336661589832815,5,5,2,3,4,2,66,8,2,71,14,6,1.2342288391664624e-4,649,9299
ESS11e04_2,11,4.2,02.07.2026,70701,FR,0.9920310378074646,1.1632733345031738,3.184376906,3.7043007417575193,3,8,5,4,77,7,66,10,2,74,7,7,1.230906491400674e-4,662,9364
ESS11e04_2,11,4.2,02.07.2026,70708,FR,0.9974681735038756,0.7608023285865784,3.184376906,2.4226813651821235,4,4,3,3,2,2,66,7,1,52,18,10,1.2241968943271786e-4,662,9439
ESS11e04_2,11,4.2,02.07.2026,70725,FR,1.003327250480652,1.2584469318389893,3.184376906,4.007369347174634,6,8,4,3,7,6,66,9,1,-5,16,6,1.217048047692515e-4,647,9532
ESS11e04_2,11,4.2,02.07.2026,70737,FR,1.0041191577911377,0.5875017046928406,3.184376906,1.870826860659513,4,5,5,2,0,88,5,9,1,62,12,10,1.216088203364052e-4,643,9406
ESS11e04_2,11,4.2,02.07.2026,70748,FR,1.003327250480652,1.419933557510376,3.184376906,4.521603628590464,8,8,3,Not at all,99,5,77,9,2,21,12,5,1.217048047692515e-4,647,9532
ESS11e04_2,11,4.2,02.07.2026,70753,FR,1.0069727897644043,1.648977518081665,3.184376906,5.250965927092452,4,5,5,3,9,5,66,6,1,60,8,2,1.212641946040094e-4,642,9587
ESS11e04_2,11,4.2,02.07.2026,70763,FR,0.9942508339881896,1.0208985805511477,3.184376906,3.2509258632752545,3,4,5,3,3,5,66,5,3,60,9,1,1.2281582166906446e-4,654,9433
ESS11e04_2,11,4.2,02.07.2026,70799,FR,0.982022225856781,1.2141660451889038,3.184376906,3.8663623143488977,5,7,0,Not at all,7,2,66,6,1,45,17,5,1.2434519885573536e-4,665,9262
ESS11e04_2,11,4.2,02.07.2026,70873,FR,1.0078994035720823,0.8408079743385315,3.184376906,2.67744949586426,3,3,2,4,4,5,66,10,2,34,15,10,1.2115270510548726e-4,662,9271
ESS11e04_2,11,4.2,02.07.2026,70881,FR,1.0019445419311523,1.0122073888778689,3.184376906,3.223249833225246,0,4,5,3,1,1,66,8,3,35,14,3,1.2187275569885968e-4,642,9603
ESS11e04_2,11,4.2,02.07.2026,70886,FR,1.0066765546798706,0.8074023723602295,3.184376906,2.5710734683935272,5,4,4,Not at all,3,3,66,8,1,43,17,10,1.2129988317610696e-4,656,9422
ESS11e04_2,11,4.2,02.07.2026,70896,FR,1.000524878501892,1.0434300899505615,3.184376906,3.32267468146407,7,7,6,3,4,88,5,9,1,51,20,8,1.22045683383476e-4,642,9543
ESS11e04_2,11,4.2,02.07.2026,70903,FR,1.0116831064224243,1.3473494052886963,3.184376906,4.290468330514159,5,7,5,3,7,-1,66,8,2,19,11,2,1.206996021210216e-4,651,9459
ESS11e04_2,11,4.2,02.07.2026,70911,FR,0.9920310378074646,0.605614960193634,3.184376906,1.9285062931687176,8,7,3,1,5,5,2,7,1,61,15,6,1.230906491400674e-4,662,9364
ESS11e04_2,11,4.2,02.07.2026,70952,FR,1.013024926185608,0.5927124619483948,3.184376906,1.887419875726872,1,3,2,2,0,0,9,5,1,1980,88,3,1.2053972022840752e-4,643,9435
ESS11e04_2,11,4.2,02.07.2026,70955,FR,1.0046193599700928,0.7422738075256348,3.184376906,2.36367957061332,6,6,4,4,50,5,66,9,2,35,15,3,1.2154826254118234e-4,662,9270
ESS11e04_2,11,4.2,02.07.2026,70956,FR,1.0017061233520508,0.931673526763916,3.184376906,2.966799662558587,8,8,5,1,8,8,77,10,2,999,19,10,1.2190175766590984e-4,633,9330
ESS11e04_2,11,4.2,02.07.2026,70986,FR,1.0079360008239746,1.3351547718048096,3.184376906,4.251636021270936,4,7,5,4,5,3,66,5,2,19,14,1,1.211483177030459e-4,658,9567
ESS11e04_2,11,4.2,02.07.2026,70999,FR,1.0117672681808472,0.9778149127960204,3.184376906,3.113731226650051,6,8,3,4,0,2,66,7,1,39,9,1,1.2068956129951404e-4,651,9371
ESS11e04_2,11,4.2,02.07.2026,71009,FR,1.0006026029586792,0.931881308555603,3.184376906,2.9674613180975222,5,3,4,4,3,3,3,4,2,58,9,2,1.2203621008666232e-4,660,9369
ESS11e04_2,11,4.2,02.07.2026,71083,FR,0.997926652431488,0.7348060011863708,3.184376906,2.339899260568088,5,7,7,2,5,6,66,7,2,43,18,4,1.2236344628036022e-4,648,9480
ESS11e04_2,11,4.2,02.07.2026,71086,FR,1.003964900970459,0.7856906652450562,3.184376906,2.501935209666134,9,7,5,1,7,5,3,9,2,69,12,88,1.216274977196008e-4,656,9441
ESS11e04_2,11,4.2,02.07.2026,71106,FR,0.993347704410553,1.4719645977020264,3.184376906,4.687290071371913,5,5,2,3,60,4,66,7,1,37,13,9,1.2292749306652695e-4,663,9362
ESS11e04_2,11,4.2,02.07.2026,71107,FR,1.011772871017456,1.656837821006775,3.184376906,5.275996094201336,5,5,7,1,4,5,66,8,1,71,9,7,1.2068889191141352e-4,642,9577
ESS11e04_2,11,4.2,02.07.2026,71137,FR,1.0023843050003052,1.0464242696762085,3.184376906,3.332209278234834,6,8,6,3,4,3,2,3,2,34,15,1,1.2181929923826829e-4,660,9554
ESS11e04_2,11,4.2,02.07.2026,71139,FR,1.0094072818756104,0.5905959010124207,3.184376906,1.8806799479622145,4,7,5,4,0,0,66,8,1,64,9,4,1.2097173748770727e-4,643,9436
ESS11e04_2,11,4.2,02.07.2026,71181,FR,1.0054736137390137,0.7165057063102722,3.184376906,2.281624224191649,5,4,6,3,0,5,66,6,1,59,88,77,1.2144500942667946e-4,648,9495
ESS11e04_2,11,4.2,02.07.2026,71189,FR,0.9914478659629822,1.103110671043396,3.184376906,3.512720145632753,7,9,5,8,3,88,66,8,1,18,150,7,1.2316305947024375e-4,648,9490
ESS11e04_2,11,4.2,02.07.2026,71226,FR,1.0019445419311523,1.0449113845825195,3.184376906,3.3273916818810596,7,8,5,1,3,3,2,6,1,35,17,7,1.2187275569885968e-4,642,9603
ESS11e04_2,11,4.2,02.07.2026,71258,FR,1.003327250480652,1.3217610120773315,3.184376906,4.208985242110241,1,5,2,4,2,0,9,3,2,84,5,2,1.217048047692515e-4,647,9532
ESS11e04_2,11,4.2,02.07.2026,71269,FR,0.989917814731598,0.7562487125396729,3.184376906,2.408180935403567,2,3,5,1,6,2,77,9,1,56,77,4,1.2335341307334602e-4,659,9502
ESS11e04_2,11,4.2,02.07.2026,71315,FR,0.9970020055770874,0.9285280704498292,3.184376906,2.956783344113177,4,7,5,2,88,5,3,8,2,80,10,3,1.2247693666722623e-4,622,9279
ESS11e04_2,11,4.2,02.07.2026,71327,FR,0.9938702583312988,1.6377089023590088,3.184376906,5.215082407422636,7,8,7,Not at all,6,8,66,8,1,50,9,4,1.2286286801099777e-4,645,9517
ESS11e04_2,11,4.2,02.07.2026,71348,FR,1.012199640274048,2.4953911304473877,3.184376906,7.946265887233895,0,10,3,9,6,8,5,10,1,50,6,2,1.2063800386385992e-4,642,9595
ESS11e04_2,11,4.2,02.07.2026,71389,FR,0.9922994375228882,0.7331714034080505,3.184376906,2.3346940851522056,5,10,7,2,4,99,66,10,2,36,14,8,1.230573543580249e-4,654,9407
ESS11e04_2,11,4.2,02.07.2026,71390,FR,1.0134499073028564,0.7288316488265991,3.184376906,2.320874670885324,5,8,4,2,77,6,66,8,2,57,17,2,1.2048918870277704e-4,651,9368
ESS11e04_2,11,4.2,02.07.2026,71506,FR,1.0051031112670898,0.7865814566612244,3.184376906,2.5047718252798425,5,3,7,3,4,2,66,5,2,55,12,3,1.2148975656600668e-4,656,9419
ESS11e04_2,11,4.2,02.07.2026,71542,FR,1.0066198110580444,0.792019248008728,3.184376906,2.52208780246648,3,3,3,3,0,2,66,3,2,65,15,5,1.2130672257626428e-4,651,9366
ESS11e04_2,11,4.2,02.07.2026,71567,FR,0.9994892477989196,0.7623433470726013,3.184376906,2.4275885488607343,3,7,3,3,7,6,5,8,1,37,18,10,1.221721468027681e-4,662,9529
ESS11e04_2,11,4.2,02.07.2026,71571,FR,0.9922994375228882,0.912106990814209,3.184376906,2.904492437349921,5,7,6,Not at all,4,5,10,10,2,36,12,6,1.230573543580249e-4,654,9407
ESS11e04_2,11,4.2,02.07.2026,71575,FR,0.9942508339881896,0.5314925909042358,3.184376906,1.6924727321855542,5,5,5,3,5,5,3,6,1,71,14,6,1.2281582166906446e-4,654,9433
ESS11e04_2,11,4.2,02.07.2026,71581,FR,0.9892414808273317,0.7438201308250427,3.184376906,2.3686036468171645,1,2,8,3,0,2,66,8,1,76,-2,6,1.2343775597400963e-4,656,9421
ESS11e04_2,11,4.2,02.07.2026,71616,FR,0.9958574175834656,1.1051853895187378,3.184376906,3.5193268312320827,4,6,4,4,4,5,66,8,2,46,15,8,1.2261769734323025e-4,650,9504
ESS11e04_2,11,4.2,02.07.2026,71675,FR,0.993885338306427,0.7971433997154236,3.184376906,2.5384050328241217,5,8,5,9,0,0,31,7,1,50,15,3,1.2286100536584854e-4,658,9568
ESS11e04_2,11,4.2,02.07.2026,71677,FR,0.9974681735038756,1.1946284770965576,3.184376906,3.804147333716228,6,10,0,1,0,0,3,0,1,63,9,3,1.2241968943271786e-4,662,9439
ESS11e04_2,11,4.2,02.07.2026,71684,FR,1.010336995124817,1.0827308893203735,3.184376906,3.4478232393646393,5,7,8,4,4,2,66,8,2,60,9,1,1.2086040078429504e-4,644,9520
ESS11e04_2,11,4.2,02.07.2026,71696,FR,0.9965491890907288,0.6083731651306152,3.184376906,1.9372894572720556,3,7,4,2,6,4,88,7,3,61,14,8,1.2253258319105953e-4,662,9438
ESS11e04_2,11,4.2,02.07.2026,71731,FR,0.992255926132202,0.844651997089386,3.184376906,2.68969031313822,8,8,5,1,0,0,88,8,3,65,14,5,1.2306275311857462e-4,660,9500
ESS11e04_2,11,4.2,02.07.2026,71732,FR,0.9937443733215332,1.711626648902893,3.184376906,5.450464372460543,0,7,0,4,0,0,8,10,2,18,13,2,1.228784240083769e-4,642,9589
ESS11e04_2,11,4.2,02.07.2026,71738,FR,0.9978333115577698,0.6070730090141296,3.184376906,1.933149270160524,7,8,6,1,7,4,4,9,1,80,15,8,1.2237489863764495e-4,649,9484
ESS11e04_2,11,4.2,02.07.2026,71769,FR,1.008131504058838,3.3225483894348145,3.184376906,10.580246360383716,3,7,10,3,5,2,77,8,2,54,7,77,1.2112481635995208e-4,632,9329
ESS11e04_2,11,4.2,02.07.2026,71785,FR,1.0047937631607056,0.6834087371826172,3.184376906,2.1762310000429497,3,8,9,3,2,3,9,8,2,64,11,5,1.2152717681601644e-4,645,9392
ESS11e04_2,11,4.2,02.07.2026,71809,FR,0.9919002056121826,1.0114731788635254,3.184376906,3.220911831811417,1,5,7,3,88,4,5,8,2,84,6,3,1.2310688907746226e-4,653,9453
ESS11e04_2,11,4.2,02.07.2026,71824,FR,0.9950170516967772,1.2436699867248535,3.184376906,3.96031398441195,3,3,2,8,3,3,66,7,1,38,-2,4,1.227212633239105e-4,642,9590
ESS11e04_2,11,4.2,02.07.2026,71869,FR,1.002301573753357,1.9458858966827393,3.184376906,6.196434111107616,2,5,4,1,2,2,9,10,1,85,150,2,1.2182934733573347e-4,663,9376
ESS11e04_2,11,4.2,02.07.2026,71902,FR,0.9968600273132324,1.168935775756836,3.184376906,3.722332088917262,5,10,9,3,7,6,5,10,2,73,7,2,1.2249436986166984e-4,661,9313
ESS11e04_2,11,4.2,02.07.2026,71903,FR,0.99416184425354,0.5314455628395081,3.184376906,1.6923229771023012,7,8,8,1,7,7,3,7,1,83,20,8,1.228268229169771e-4,654,9395
ESS11e04_2,11,4.2,02.07.2026,71957,FR,1.0043915510177612,0.8987417817115784,3.184376906,2.8619325741396433,3,5,5,3,2,0,66,5,1,75,14,7,1.215758384205401e-4,660,9552
ESS11e04_2,11,4.2,02.07.2026,71962,FR,1.0051755905151367,0.6505447626113892,3.184376906,2.0715797183789597,5,8,5,9,5,8,66,9,2,68,10,3,1.2148101086495444e-4,653,9460
ESS11e04_2,11,4.2,02.07.2026,71976,FR,1.0023843050003052,0.896946132183075,3.184376906,2.856214549249807,3,5,0,3,99,2,9,8,1,57,7,6,1.2181929923826829e-4,660,9554
ESS11e04_2,11,4.2,02.07.2026,72021,FR,1.0106914043426514,0.8603445291519165,3.184376906,2.7396612498348065,0,5,3,2,7,6,5,9,2,63,15,77,1.2081803288310766e-4,649,9550
ESS11e04_2,11,4.2,02.07.2026,72028,FR,0.989611029624939,1.3036917448043823,3.184376906,4.15144588469792,4,7,6,4,1,0,66,5,2,56,9,1,1.2339165550656617e-4,647,9536
ESS11e04_2,11,4.2,02.07.2026,72092,FR,1.0019445419311523,1.0449113845825195,3.184376906,3.3273916818810596,5,7,7,8,5,6,66,7,1,43,15,6,1.2187275569885968e-4,642,9603
ESS11e04_2,11,4.2,02.07.2026,72141,FR,0.9977903366088868,0.9643056988716124,3.184376906,3.070712797810953,0,5,5,2,99,0,66,10,1,1980,14,9,1.2238016643095762e-4,652,9468
ESS11e04_2,11,4.2,02.07.2026,72155,FR,0.9969398975372314,0.8316652774810791,3.184376906,2.64833570313283,5,8,6,3,3,5,66,10,2,28,15,6,1.2248456187080592e-4,662,9530
ESS11e04_2,11,4.2,02.07.2026,72181,FR,0.9937443733215332,1.242078423500061,3.184376906,3.955245847234482,0,2,3,3,5,4,66,8,999,42,12,6,1.228784240083769e-4,642,9589
ESS11e04_2,11,4.2,02.07.2026,72213,FR,0.99384605884552,0.7343139052391052,3.184376906,2.3383322415980787,7,7,4,2,3,3,77,6,2,46,16,8,1.228658511536196e-4,662,9401
ESS11e04_2,11,4.2,02.07.2026,72238,FR,0.9971608519554138,0.8323391079902649,3.184376906,2.650481433444839,6,8,7,1,7,99,66,8,1,65,14,10,1.22457422548905e-4,642,9540
ESS11e04_2,11,4.2,02.07.2026,72241,FR,1.0074642896652222,0.8837648630142212,3.184376906,2.8142404201167395,0,5,4,8,0,-1,66,5,2,34,18,1,1.2120503379264846e-4,656,9424
ESS11e04_2,11,4.2,02.07.2026,72245,FR,1.005853295326233,0.7871682643890381,3.184376906,2.506640442256555,5,4,4,4,5,7,66,7,3,63,12,6,1.2139916361775248e-4,656,9442
ESS11e04_2,11,4.2,02.07.2026,72271,FR,0.9934048652648926,0.6427161693572998,3.184376906,2.04665052681417,2,8,3,4,8,88,66,5,2,50,17,9,1.2292042083572596e-4,654,9408
ESS11e04_2,11,4.2,02.07.2026,72290,FR,1.0037598609924316,0.7629799842834473,3.184376906,2.4296158416924523,8,8,8,1,3,3,66,7,1,51,15,7,1.2165234511485325e-4,649,9483
ESS11e04_2,11,4.2,02.07.2026,72306,FR,1.0043915510177612,1.5053260326385498,3.184376906,4.7935254543348,0,2,0,4,0,0,66,5,1,57,9,5,1.215758384205401e-4,660,9552
ESS11e04_2,11,4.2,02.07.2026,72339,FR,0.9937158823013306,1.03632915019989,3.184376906,3.3000626129111352,7,7,3,2,7,4,7,8,99,38,17,9,1.2288194557186216e-4,646,9457
ESS11e04_2,11,4.2,02.07.2026,72396,FR,0.989165425300598,1.0065549612045288,3.184376906,3.2052503730794273,2,3,3,2,2,0,66,5,2,71,11,6,1.2344724382273853e-4,642,9601
ESS11e04_2,11,4.2,02.07.2026,72399,FR,1.009801149368286,0.7377795577049255,3.184376906,2.349368185274459,6,7,3,2,2,88,3,8,1,22,15,6,1.2092453835066408e-4,653,9455
ESS11e04_2,11,4.2,02.07.2026,72402,FR,1.0045478343963623,1.2651211023330688,3.184376906,4.0286224215626865,5,5,3,4,5,5,77,9,1,71,5,2,1.2155692093074322e-4,658,9386
ESS11e04_2,11,4.2,02.07.2026,72417,FR,1.0070327520370483,0.6261977553367615,3.184376906,1.9940496706834216,6,5,4,3,4,99,66,8,999,60,11,9,1.2125697685405612e-4,653,9448
ESS11e04_2,11,4.2,02.07.2026,72495,FR,0.993557333946228,1.0131629705429075,3.184376906,3.2262927654111935,6,8,7,4,0,1,9,7,2,78,9,88,1.2290156155359e-4,653,9525
ESS11e04_2,11,4.2,02.07.2026,72498,FR,0.994291365146637,0.7974683046340942,3.184376906,2.5394396525437823,7,8,5,2,60,6,5,7,1,43,150,8,1.2281083036214113e-4,656,9425
ESS11e04_2,11,4.2,02.07.2026,72543,FR,0.989614188671112,0.7980011105537415,3.184376906,2.541136307409687,0,0,0,2,0,1,66,5,1,54,-2,10,1.23391262604855e-4,650,9508
ESS11e04_2,11,4.2,02.07.2026,72544,FR,1.0011866092681885,0.9675878882408142,3.184376906,3.0811645258393576,5,7,3,2,2,1,66,9,1,38,15,7,1.2196501484140754e-4,652,9471
ESS11e04_2,11,4.2,02.07.2026,72545,FR,1.010384440422058,0.6849496960639954,3.184376906,2.181137993917906,7,7,5,1,7,4,8,7,2,55,20,77,1.208547328133136e-4,648,9477
ESS11e04_2,11,4.2,02.07.2026,72554,FR,0.9988994002342224,0.9789068102836608,3.184376906,3.117208239793413,5,6,8,4,0,88,66,10,1,87,8,7,1.2224429519847035e-4,643,9452
ESS11e04_2,11,4.2,02.07.2026,72589,FR,0.9995234608650208,0.6422222256660461,3.184376906,2.0450776239308777,5,8,9,8,8,7,8,8,2,41,14,3,1.2216795585118234e-4,653,9454
ESS11e04_2,11,4.2,02.07.2026,72605,FR,0.9986799359321594,0.7296550273895264,3.184376906,2.323496618566005,8,4,7,4,5,6,66,10,1,31,14,6,1.2227115803398192e-4,653,9563
ESS11e04_2,11,4.2,02.07.2026,72627,FR,1.0019445419311523,1.019558668136597,3.184376906,3.246659077126296,7,5,3,1,8,4,66,8,2,72,88,88,1.2187275569885968e-4,642,9603
ESS11e04_2,11,4.2,02.07.2026,72663,FR,1.0029857158660889,1.2434163093566897,3.184376906,3.9595061800591935,5,5,6,2,6,5,3,5,2,80,9,5,1.2174624862382188e-4,652,9463
ESS11e04_2,11,4.2,02.07.2026,72701,FR,1.0046160221099854,0.9152132272720336,3.184376906,2.914383864990793,2,5,2,2,77,1,66,10,1,1980,13,6,1.2154866999480872e-4,649,9551
ESS11e04_2,11,4.2,02.07.2026,72747,FR,1.010336995124817,0.66024017333984375,3.184376906,2.1024535603968353,8,7,5,4,0,0,3,7,1,58,13,5,1.2086040078429504e-4,644,9520
ESS11e04_2,11,4.2,02.07.2026,72823,FR,1.011772871017456,0.8445358872413635,3.184376906,2.6893205756196177,4,8,6,2,3,5,66,10,1,64,17,8,1.2068889191141352e-4,642,9577
ESS11e04_2,11,4.2,02.07.2026,72827,FR,0.990227222442627,0.6470992565155029,3.184376906,2.0606079283377374,4,7,7,Not at all,6,5,66,8,1,58,12,77,1.233148796018213e-4,645,9518
ESS11e04_2,11,4.2,02.07.2026,72849,FR,0.996854603290558,0.927162766456604,3.184376906,2.952435701607481,3,5,5,2,7,5,66,8,2,58,15,9,1.2249503924977034e-4,642,9537
ESS11e04_2,11,4.2,02.07.2026,72882,FR,1.0011866092681885,0.8352079391479492,3.184376906,2.6596168731305827,3,5,3,4,5,5,66,7,2,22,15,6,1.2196501484140754e-4,652,9471
ESS11e04_2,11,4.2,02.07.2026,72912,FR,0.9974681735038756,0.8321069478988647,3.184376906,2.6497421482112897,7,7,6,3,5,4,66,7,2,30,18,4,1.2241968943271786e-4,662,9439
ESS11e04_2,11,4.2,02.07.2026,72915,FR,0.9875574111938475,1.32079017162323,3.184376906,4.20589372018879,5,7,5,2,8,5,66,7,1,18,12,6,1.2364824942778796e-4,630,9320
ESS11e04_2,11,4.2,02.07.2026,72921,FR,1.0134499073028564,0.9794401526451112,3.184376906,3.1189066028922063,3,5,3,2,2,2,2,7,99,51,13,7,1.2048918870277704e-4,651,9368
ESS11e04_2,11,4.2,02.07.2026,72930,FR,0.9999796152114868,1.4352498054504397,3.184376906,4.570376334817372,5,3,2,4,2,1,66,5,2,51,13,5,1.2211223656777292e-4,642,9602
ESS11e04_2,11,4.2,02.07.2026,72934,FR,1.0081826448440552,0.7184361219406128,3.184376906,2.287771395143887,5,5,5,9,0,88,66,7,1,58,150,7,1.2111867545172572e-4,648,9493
ESS11e04_2,11,4.2,02.07.2026,72936,FR,0.994799554347992,0.7088995575904846,3.184376906,2.257403379864756,3,6,6,4,4,2,9,5,1,67,9,3,1.2274809705559164e-4,648,9489
ESS11e04_2,11,4.2,02.07.2026,72954,FR,0.996062397956848,1.2016472816467283,3.184376906,3.82649785283352,0,9,6,4,88,6,66,10,2,72,9,6,1.2259246432222426e-4,663,9562
ESS11e04_2,11,4.2,02.07.2026,72976,FR,1.0102531909942627,1.0280139446258545,3.184376906,3.2735838643125335,4,7,3,2,8,7,5,8,2,75,12,5,1.2087044160580264e-4,642,9596
ESS11e04_2,11,4.2,02.07.2026,73006,FR,1.0111021995544434,0.8392894268035889,3.184376906,2.672613868163326,3,9,5,2,2,2,66,7,2,42,14,5,1.2076894199708477e-4,647,9533
ESS11e04_2,11,4.2,02.07.2026,73024,FR,1.005337476730347,0.915870487689972,3.184376906,2.9164768298869035,2,0,2,3,77,3,66,5,1,46,12,7,1.2146145309088752e-4,648,9488
ESS11e04_2,11,4.2,02.07.2026,73046,FR,1.005337476730347,1.1748415231704712,3.184376906,3.741138214593912,6,2,5,3,0,4,3,10,2,76,9,5,1.2146145309088752e-4,648,9488
ESS11e04_2,11,4.2,02.07.2026,73065,FR,0.9869859218597412,1.2497116327285769,3.184376906,3.979552862420433,4,7,4,3,1,3,66,8,1,64,9,4,1.2371984485071152e-4,652,9462
ESS11e04_2,11,4.2,02.07.2026,73078,FR,1.0125740766525269,0.7738230228424072,3.184376906,2.464144163270472,4,7,6,9,6,4,66,9,2,57,14,88,1.2059339496772736e-4,646,9383
ESS11e04_2,11,4.2,02.07.2026,73097,FR,1.005853295326233,1.3323962688446045,3.184376906,4.2428519081493254,6,8,5,4,5,0,66,7,2,26,14,5,1.2139916361775248e-4,656,9442
ESS11e04_2,11,4.2,02.07.2026,73104,FR,1.0011390447616575,1.398705005645752,3.184376906,4.454003918284932,5,8,6,4,4,5,66,8,1,19,12,88,1.2197081377962604e-4,660,9415
ESS11e04_2,11,4.2,02.07.2026,73145,FR,1.0125740766525269,0.8466161489486694,3.184376906,2.695944912958799,5,6,4,3,1,1,66,5,2,58,13,5,1.2059339496772736e-4,646,9383
ESS11e04_2,11,4.2,02.07.2026,73147,FR,1.00242018699646,0.9323381781578064,3.184376906,2.968916163107832,5,6,5,1,5,4,3,8,2,58,14,6,1.218149409396574e-4,640,9352
ESS11e04_2,11,4.2,02.07.2026,73160,FR,1.0006026029586792,1.5773459672927856,3.184376906,5.022864071019377,4,7,7,3,6,5,66,8,2,18,13,10,1.2203621008666232e-4,660,9369
ESS11e04_2,11,4.2,02.07.2026,73176,FR,1.0021493434906006,0.6274808645248413,3.184376906,1.9981355739498192,5,8,5,1,0,3,2,7,1,58,13,3,1.2184785737190396e-4,654,9466
ESS11e04_2,11,4.2,02.07.2026,73179,FR,1.0111021995544434,0.7726976871490479,3.184376906,2.4605606702770406,5,5,4,2,8,5,66,5,2,59,88,2,1.2076894199708477e-4,647,9533
ESS11e04_2,11,4.2,02.07.2026,73188,FR,0.9981845021247864,0.7428760528564453,3.184376906,2.3655973467364997,9,2,6,3,2,3,77,9,2,61,11,10,1.223318395204842e-4,662,9526
ESS11e04_2,11,4.2,02.07.2026,73189,FR,0.9924683570861816,0.7710931897163391,3.184376906,2.455451345706587,4,5,4,Not at all,3,4,66,8,2,47,20,10,1.2303641415201128e-4,623,9286
ESS11e04_2,11,4.2,02.07.2026,73244,FR,0.9914103746414183,0.8439329862594604,3.184376906,2.687400711656241,7,6,4,2,4,3,66,7,2,60,77,9,1.231677015312016e-4,660,9553
ESS11e04_2,11,4.2,02.07.2026,73253,FR,1.0107375383377075,0.6285013556480408,3.184376906,2.001385202315314,1,8,6,Not at all,6,6,3,9,1,59,12,8,1.2081251770723612e-4,653,9447
ESS11e04_2,11,4.2,02.07.2026,73272,FR,1.0046160221099854,0.7636315226554871,3.184376906,2.4316905854377486,4,8,6,1,9,88,6,9,1,53,17,10,1.2154866999480872e-4,649,9551
ESS11e04_2,11,4.2,02.07.2026,73281,FR,1.0125740766525269,0.9557449817657472,3.184376906,3.0434522479602357,7,9,6,2,4,4,66,4,1,28,19,9,1.2059339496772736e-4,646,9383
ESS11e04_2,11,4.2,02.07.2026,73297,FR,1.0084998607635498,1.16895854473114,3.184376906,3.72240459391321,2,5,3,4,5,8,66,7,1,68,150,2,1.2108057853765786e-4,663,9557
ESS11e04_2,11,4.2,02.07.2026,73299,FR,0.9937443733215332,1.1334906816482544,3.184376906,3.609461549806899,5,5,3,4,5,5,66,10,2,33,14,8,1.228784240083769e-4,642,9589
ESS11e04_2,11,4.2,02.07.2026,73301,FR,0.9953275322914124,1.7143535614013672,3.184376906,5.459147889645366,5,5,3,2,50,2,2,7,2,28,15,2,1.226829772349447e-4,642,9584
ESS11e04_2,11,4.2,02.07.2026,73372,FR,1.0004289150238037,0.7153593301773071,3.184376906,2.2779737305082457,2,5,3,3,2,2,66,3,1,77,9,1,1.2205740495119244e-4,661,9496
ESS11e04_2,11,4.2,02.07.2026,73381,FR,0.9984743595123292,1.4330891370773315,3.184376906,4.563495952348522,3,3,3,4,77,5,66,7,2,48,12,2,1.2229631829541177e-4,642,9586
ESS11e04_2,11,4.2,02.07.2026,73426,FR,0.997926652431488,1.1661827564239502,3.184376906,3.71356543773185,5,10,3,3,0,88,66,5,2,70,10,88,1.2236344628036022e-4,648,9480
ESS11e04_2,11,4.2,02.07.2026,73473,FR,0.989611029624939,0.8214497566223145,3.184376906,2.6158056344274185,1,5,2,3,2,2,66,5,999,48,14,5,1.2339165550656617e-4,647,9536
ESS11e04_2,11,4.2,02.07.2026,73522,FR,1.0011167526245115,0.6477057337760925,3.184376906,2.062539180520373,7,8,5,4,2,2,66,8,2,43,15,9,1.2197353498777376e-4,654,9409
ESS11e04_2,11,4.2,02.07.2026,73548,FR,1.0007920265197754,1.1945083141326904,3.184376906,3.8037646895491326,2,8,8,1,0,0,1,5,1,999,5,77,1.2201310892123728e-4,648,9492
ESS11e04_2,11,4.2,02.07.2026,73549,FR,1.00359308719635,0.9224891662597656,3.184376906,2.9375531970727917,2,6,4,1,7,6,66,8,2,54,13,5,1.2167257227702066e-4,654,9465
ESS11e04_2,11,4.2,02.07.2026,73552,FR,1.0134499073028564,0.7661350965499878,3.184376906,2.4396629083298613,5,7,3,4,0,1,66,8,1,58,11,3,1.2048918870277704e-4,651,9368
ESS11e04_2,11,4.2,02.07.2026,73574,FR,1.0057075023651123,0.7913020253181458,3.184376906,2.5198038950941304,4,7,7,2,3,4,66,7,2,72,12,77,1.214167568832636e-4,652,9472
ESS11e04_2,11,4.2,02.07.2026,73597,FR,0.9872881770133972,0.6771255135536194,3.184376906,2.1562228478235355,8,9,3,1,0,4,2,10,1,76,77,77,1.2368196621537209e-4,647,9534
ESS11e04_2,11,4.2,02.07.2026,73612,FR,0.990227222442627,0.5524645447731018,3.184376906,1.7592553377592683,3,6,7,1,5,5,6,6,1,85,14,6,1.233148796018213e-4,645,9518
ESS11e04_2,11,4.2,02.07.2026,73643,FR,1.0041191577911377,0.6902904510498047,3.184376906,2.1981449707553216,4,8,2,4,5,88,9,9,1,30,14,7,1.216088203364052e-4,643,9406
ESS11e04_2,11,4.2,02.07.2026,73648,FR,1.003964900970459,0.7548908591270447,3.184376906,2.4038570183546604,4,4,4,4,2,2,66,5,1,66,12,2,1.216274977196008e-4,656,9441
ESS11e04_2,11,4.2,02.07.2026,73655,FR,1.00359308719635,0.6283852458000183,3.184376906,2.0010154647967116,5,7,5,4,3,99,66,8,1,73,9,7,1.2167257227702066e-4,654,9465
ESS11e04_2,11,4.2,02.07.2026,73710,FR,0.9936723709106444,1.1334083080291748,3.184376906,3.6091992411566385,5,6,7,4,8,2,66,9,2,28,19,88,1.2288732978049666e-4,642,9578
ESS11e04_2,11,4.2,02.07.2026,73712,FR,1.0014375448226929,0.9385507702827454,3.184376906,2.988699397996885,5,9,5,2,5,88,5,9,3,20,13,10,1.2193446309538558e-4,647,9405
ESS11e04_2,11,4.2,02.07.2026,73722,FR,1.0102531909942627,0.9396236538887024,3.184376906,2.992115863774521,7,8,3,2,6,7,66,8,2,56,18,10,1.2087044160580264e-4,642,9596
ESS11e04_2,11,4.2,02.07.2026,73724,FR,0.997140884399414,0.9084033370018004,3.184376906,2.8926986076818686,7,7,7,4,6,5,66,7,1,36,12,6,1.224598818225786e-4,649,9485
ESS11e04_2,11,4.2,02.07.2026,73732,FR,1.0047937631607056,0.7660452723503113,3.184376906,2.4393768742228112,7,8,6,3,5,99,66,9,2,34,18,7,1.2152717681601644e-4,645,9392
ESS11e04_2,11,4.2,02.07.2026,73737,FR,1.0046160221099854,1.173998475074768,3.184376906,3.738453631707307,2,7,1,4,1,5,66,0,2,74,9,1,1.2154866999480872e-4,649,9551
ESS11e04_2,11,4.2,02.07.2026,73787,FR,0.9986799359321594,0.9116538166999816,3.184376906,2.9030493601661784,77,4,4,3,3,88,66,5,999,42,14,4,1.2227115803398192e-4,653,9563
ESS11e04_2,11,4.2,02.07.2026,73801,FR,0.9933719635009766,1.0359703302383425,3.184376906,3.2989199949121706,1,5,3,2,1,1,9,7,1,37,14,9,1.229244953719899e-4,642,9598
ESS11e04_2,11,4.2,02.07.2026,73829,FR,0.9971608519554138,1.0073745250701904,3.184376906,3.207860173326232,2,4,0,2,3,4,3,6,2,52,17,7,1.22457422548905e-4,642,9540
ESS11e04_2,11,4.2,02.07.2026,73841,FR,1.004305720329285,0.6243440508842468,3.184376906,1.9881467770342844,5,8,6,2,8,6,6,8,2,57,-2,10,1.2158622121205552e-4,645,9399
ESS11e04_2,11,4.2,02.07.2026,73849,FR,0.9934048652648926,0.6220059990882874,3.184376906,1.9807015388901992,2,3,1,3,4,1,66,8,3,1980,11,4,1.2292042083572596e-4,654,9408
ESS11e04_2,11,4.2,02.07.2026,73863,FR,1.005853295326233,0.7194864153862,3.184376906,2.291115925336538,5,7,7,3,5,4,2,9,2,67,14,7,1.2139916361775248e-4,656,9442
ESS11e04_2,11,4.2,02.07.2026,73865,FR,0.9878065586090088,0.5244125723838806,3.184376906,1.6699272847152826,6,5,7,1,4,5,9,7,1,78,10,7,1.2361706467345357e-4,653,9523
ESS11e04_2,11,4.2,02.07.2026,73870,FR,0.9942724108695984,1.4590004682540894,3.184376906,4.646007396951508,5,7,4,4,0,0,66,10,2,80,12,7,1.228131732204929e-4,659,9428
ESS11e04_2,11,4.2,02.07.2026,73902,FR,1.006055235862732,1.147531509399414,3.184376906,3.654172837438816,4,8,6,3,5,5,2,7,2,23,10,88,1.2137478915974498e-4,642,9579
ESS11e04_2,11,4.2,02.07.2026,73904,FR,1.0011167526245115,0.978708028793335,3.184376906,3.116575244606279,6,7,4,3,2,3,77,8,1,23,12,88,1.2197353498777376e-4,654,9409
ESS11e04_2,11,4.2,02.07.2026,73910,FR,0.993885338306427,0.8718540668487549,3.184376906,2.776311955875355,4,7,5,3,2,3,66,7,2,31,15,8,1.2286100536584854e-4,658,9568
ESS11e04_2,11,4.2,02.07.2026,73913,FR,1.0017054080963137,0.8361325860023499,3.184376906,2.6625612972199417,7,5,3,3,5,7,5,8,999,62,15,8,1.219018449774012e-4,642,9599
ESS11e04_2,11,4.2,02.07.2026,73914,FR,1.0065927505493164,0.6129785180091858,3.184376906,1.951954636622556,7,6,6,3,88,7,5,8,2,62,12,6,1.2130996765336022e-4,643,9450
ESS11e04_2,11,4.2,02.07.2026,73926,FR,0.9863346219062804,1.181331753730774,3.184376906,3.761805554904756,2,8,2,2,8,5,5,8,2,51,20,9,1.2380153930280358e-4,663,9380
ESS11e04_2,11,4.2,02.07.2026,73943,FR,1.0047937631607056,2.213430881500244,3.184376906,7.0483981820766,2,2,2,3,1,2,66,8,2,44,9,1,1.2152717681601644e-4,645,9392
ESS11e04_2,11,4.2,02.07.2026,73949,FR,1.0046193599700928,1.178035020828247,3.184376906,3.7513075147846986,3,4,0,3,99,4,9,9,2,86,9,88,1.2154826254118234e-4,662,9270
ESS11e04_2,11,4.2,02.07.2026,74016,FR,1.0119718313217163,1.3180042505264282,3.184376906,4.197022297386196,2,5,7,3,4,3,66,9,2,16,10,9,1.2066517228959128e-4,643,9388
ESS11e04_2,11,4.2,02.07.2026,74017,FR,1.0014375448226929,0.8373047113418579,3.184376906,2.6662937860820084,2,5,3,3,2,2,66,9,2,57,9,5,1.2193446309538558e-4,647,9405
ESS11e04_2,11,4.2,02.07.2026,74026,FR,0.9964633584022522,0.8035232424736023,3.184376906,2.5587208567671773,5,7,1,1,6,-1,66,7,1,50,150,6,1.225431333296001e-4,650,9505
ESS11e04_2,11,4.2,02.07.2026,74031,FR,1.0119718313217163,0.6118105053901672,3.184376906,1.948235244212637,3,6,3,3,30,3,66,7,2,54,17,8,1.2066517228959128e-4,643,9388
ESS11e04_2,11,4.2,02.07.2026,74041,FR,0.9914103746414183,2.2369496822357178,3.184376906,7.123290907995457,5,8,5,4,3,5,4,10,1,40,12,7,1.231677015312016e-4,660,9553
ESS11e04_2,11,4.2,02.07.2026,74052,FR,0.9970905184745787,0.9771352410316468,3.184376906,3.1115668955799194,5,5,5,1,99,5,66,5,1,68,5,2,1.2246605183463544e-4,643,9451
ESS11e04_2,11,4.2,02.07.2026,74092,FR,1.0017054080963137,1.1425718069076538,3.184376906,3.638379275363424,0,4,0,9,3,5,66,7,2,31,18,9,1.219018449774012e-4,642,9599
ESS11e04_2,11,4.2,02.07.2026,74135,FR,0.992700219154358,0.6372606158256531,3.184376906,2.029277988138547,7,8,1,3,0,88,66,7,1,67,15,5,1.2300767411943525e-4,658,9566
ESS11e04_2,11,4.2,02.07.2026,74158,FR,0.9868563413619996,1.1477707624435425,3.184376906,3.654934709307229,2,3,2,3,7,5,66,8,1,17,11,7,1.2373608478810638e-4,653,9522
ESS11e04_2,11,4.2,02.07.2026,74161,FR,1.0111021995544434,1.3320058584213257,3.184376906,4.241608694213575,7,7,3,3,99,3,77,7,2,74,5,3,1.2076894199708477e-4,647,9533
ESS11e04_2,11,4.2,02.07.2026,74165,FR,0.9970905184745787,0.583389401435852,3.184376906,1.8577317371374904,2,5,3,3,0,4,66,4,1,87,12,6,1.2246605183463544e-4,643,9451
ESS11e04_2,11,4.2,02.07.2026,74193,FR,0.9983616471290588,1.0927473306655884,3.184376906,3.479719363864645,3,7,3,2,5,7,9,7,1,80,5,2,1.2231012806296349e-4,644,9572
ESS11e04_2,11,4.2,02.07.2026,74220,FR,0.995244801044464,0.8777579665184021,3.184376906,2.7951121976387205,6,8,5,1,7,4,5,8,2,26,17,4,1.226931781275198e-4,650,9506
ESS11e04_2,11,4.2,02.07.2026,74254,FR,1.0036118030548096,0.8431918621063232,3.184376906,2.685040693018512,5,8,7,3,5,7,66,9,1,999,14,10,1.2167030217824504e-4,661,9323
ESS11e04_2,11,4.2,02.07.2026,74255,FR,1.006980061531067,1.3227795362472534,3.184376906,4.212228606955144,5,6,5,3,5,4,66,7,2,40,17,3,1.2126332148909567e-4,659,9413
ESS11e04_2,11,4.2,02.07.2026,74286,FR,0.9919158816337584,0.8305135369300842,3.184376906,2.6446681271205383,5,7,7,3,8,5,66,8,1,30,17,3,1.2310495367273688e-4,649,9549
ESS11e04_2,11,4.2,02.07.2026,74317,FR,0.992255926132202,0.844651997089386,3.184376906,2.68969031313822,8,9,9,2,6,7,77,8,2,68,16,4,1.2306275311857462e-4,660,9500
ESS11e04_2,11,4.2,02.07.2026,74385,FR,0.9933843016624452,1.397063970565796,3.184376906,4.448778244074384,5,5,5,3,5,2,66,10,1,32,9,3,1.2292296742089093e-4,657,9391
ESS11e04_2,11,4.2,02.07.2026,74429,FR,0.9942508339881896,0.9139007329940796,3.184376906,2.910204388522819,5,7,6,2,6,88,88,9,2,47,12,7,1.2281582166906446e-4,654,9433
ESS11e04_2,11,4.2,02.07.2026,74501,FR,0.995616853237152,1.1540248394012451,3.184376906,3.674850047539683,5,7,5,2,2,4,66,9,1,1980,11,6,1.226473250426352e-4,663,9560
ESS11e04_2,11,4.2,02.07.2026,74509,FR,0.99384605884552,0.6067230701446533,3.184376906,1.932034932906052,4,5,5,1,9,4,66,8,1,-5,20,7,1.228658511536196e-4,662,9401
ESS11e04_2,11,4.2,02.07.2026,74514,FR,0.9969398975372314,0.6781553626060486,3.184376906,2.159502275362757,7,7,5,3,5,4,66,8,2,57,15,7,1.2248456187080592e-4,662,9530
ESS11e04_2,11,4.2,02.07.2026,74533,FR,0.9976764917373656,0.6617469787597656,3.184376906,2.10725179677787,7,7,6,2,3,2,88,8,1,40,15,8,1.2239412171766162e-4,657,9396
ESS11e04_2,11,4.2,02.07.2026,74566,FR,0.9988287091255188,0.7348214387893677,3.184376906,2.339948419714555,3,5,3,1,2,2,4,9,1,30,17,9,1.22252939036116e-4,654,9432
ESS11e04_2,11,4.2,02.07.2026,74581,FR,1.000601291656494,0.5960074663162231,3.184376906,1.8979124115409536,5,5,5,2,7,7,5,6,2,56,16,5,1.2203637015772983e-4,654,9430
ESS11e04_2,11,4.2,02.07.2026,74591,FR,0.9905755519866944,0.9158911108970642,3.184376906,2.916542501951296,6,5,3,3,5,4,2,7,2,43,16,8,1.2327151489444077e-4,659,9372
ESS11e04_2,11,4.2,02.07.2026,74592,FR,1.0016095638275146,0.5860334634780884,3.184376906,1.866151427242819,0,5,10,3,4,5,88,8,1,85,150,4,1.2191351561341436e-4,643,9443
ESS11e04_2,11,4.2,02.07.2026,74599,FR,0.99416184425354,0.7957896590232849,3.184376906,2.534094212227363,5,5,5,3,88,4,66,8,1,36,12,7,1.228268229169771e-4,654,9395
ESS11e04_2,11,4.2,02.07.2026,74609,FR,0.9943851828575134,0.9539512395858764,3.184376906,3.0377402967873377,1,5,1,2,1,1,2,8,2,52,17,7,1.2279924703761935e-4,645,9440
ESS11e04_2,11,4.2,02.07.2026,74617,FR,1.0046193599700928,0.8440397381782532,3.184376906,2.687740650001116,6,6,3,3,2,3,8,9,1,33,18,7,1.2154826254118234e-4,662,9270
ESS11e04_2,11,4.2,02.07.2026,74641,FR,0.99416184425354,1.096624732017517,3.184376906,3.49206647118502,6,7,4,1,8,5,66,4,2,19,14,88,1.228268229169771e-4,654,9395
ESS11e04_2,11,4.2,02.07.2026,74655,FR,1.0072211027145386,1.263330101966858,3.184376906,4.022919201357888,4,6,2,3,2,88,66,9,1,21,12,9,1.212342904182151e-4,647,9535
ESS11e04_2,11,4.2,02.07.2026,74678,FR,1.0051809549331665,0.7480831742286682,3.184376906,2.382178783780945,77,5,5,4,2,0,2,5,2,67,12,88,1.2148036330472678e-4,661,9498
ESS11e04_2,11,4.2,02.07.2026,74684,FR,1.0083423852920532,0.7450255155563354,3.184376906,2.372442046118338,5,7,5,3,8,99,66,7,2,44,14,6,1.210994814755395e-4,662,9531
ESS11e04_2,11,4.2,02.07.2026,74721,FR,0.9942508339881896,0.62253570556640625,3.184376906,1.9823883239660796,5,5,5,9,1,2,6,8,1,66,12,10,1.2281582166906446e-4,654,9433
ESS11e04_2,11,4.2,02.07.2026,74723,FR,0.9965491890907288,0.7601006031036377,3.184376906,2.420446806759895,4,5,2,3,8,2,66,5,1,52,18,7,1.2253258319105953e-4,662,9438
ESS11e04_2,11,4.2,02.07.2026,74730,FR,1.001470685005188,1.2382144927978516,3.184376906,3.942941635539982,5,5,3,3,5,5,66,7,1,51,15,3,1.2193042493890972e-4,663,9360
ESS11e04_2,11,4.2,02.07.2026,74753,FR,1.0079360008239746,0.9688836336135864,3.184376906,3.0852906674804697,6,6,5,2,4,3,66,7,1,40,17,4,1.211483177030459e-4,658,9567
ESS11e04_2,11,4.2,02.07.2026,74820,FR,0.9950170516967772,1.819555401802063,3.184376906,5.7941502006860395,5,6,5,2,6,5,88,7,1,19,12,88,1.227212633239105e-4,642,9590
ESS11e04_2,11,4.2,02.07.2026,74839,FR,1.0047937631607056,0.7660452723503113,3.184376906,2.4393768742228112,5,8,6,1,7,7,3,7,2,24,17,1,1.2152717681601644e-4,645,9392
ESS11e04_2,11,4.2,02.07.2026,74861,FR,0.9967845678329468,1.889897704124451,3.184376906,6.018146603716321,3,5,5,3,5,2,66,10,1,36,9,7,1.225036394316703e-4,657,9570
ESS11e04_2,11,4.2,02.07.2026,74876,FR,1.0081826448440552,1.054686188697815,3.184376906,3.3585183423664797,2,5,8,4,1,4,66,4,2,43,12,2,1.2111867545172572e-4,648,9493
ESS11e04_2,11,4.2,02.07.2026,74905,FR,1.0084747076034546,2.221536159515381,3.184376906,7.074208442204711,5,8,5,2,3,2,9,8,2,54,9,10,1.2108359806006774e-4,645,9393
ESS11e04_2,11,4.2,02.07.2026,74911,FR,1.004451036453247,0.7593310475349426,3.184376906,2.4179962517790594,6,6,5,1,2,3,8,9,1,63,14,7,1.2156864249845968e-4,651,9370
ESS11e04_2,11,4.2,02.07.2026,74915,FR,1.0019608736038208,0.926417887210846,3.184376906,2.9500637253395303,8,8,6,3,7,7,66,9,999,42,17,10,1.2187076936243102e-4,659,9412
ESS11e04_2,11,4.2,02.07.2026,74919,FR,0.9914103746414183,0.9166629314422609,3.184376906,2.919000269470996,4,7,4,3,0,88,66,9,2,47,15,9,1.231677015312016e-4,660,9553
ESS11e04_2,11,4.2,02.07.2026,74931,FR,0.9994892477989196,0.7384834289550781,3.184376906,2.3516095766282423,6,7,3,3,4,3,66,7,2,36,17,8,1.221721468027681e-4,662,9529
ESS11e04_2,11,4.2,02.07.2026,74944,FR,1.0051031112670898,0.7809098362922668,3.184376906,2.4867112483573353,0,3,3,2,6,3,66,7,2,44,19,77,1.2148975656600668e-4,656,9419
ESS11e04_2,11,4.2,02.07.2026,74951,FR,0.9905755519866944,1.4846186637878418,3.184376906,4.7275853871825815,0,5,3,3,77,0,66,7,1,63,9,77,1.2327151489444077e-4,659,9372
ESS11e04_2,11,4.2,02.07.2026,74966,FR,1.0017681121826172,0.6483392715454102,3.184376906,2.064556603562067,6,6,8,4,4,3,3,9,3,65,12,7,1.2189422704977916e-4,653,9449
ESS11e04_2,11,4.2,02.07.2026,74986,FR,1.0057075023651123,0.6490951776504517,3.184376906,2.0669636935060653,0,0,2,1,0,0,66,5,1,60,19,77,1.214167568832636e-4,652,9472
ESS11e04_2,11,4.2,02.07.2026,75007,FR,0.9968600273132324,1.3332313299179075,3.184376906,4.245511057346252,5,5,9,4,1,0,66,9,1,25,9,5,1.2249436986166984e-4,661,9313
ESS11e04_2,11,4.2,02.07.2026,75036,FR,1.003503918647766,1.2641253471374512,3.184376906,4.025451561713733,3,4,2,3,3,4,66,4,2,18,12,2,1.2168336979812012e-4,662,9269
ESS11e04_2,11,4.2,02.07.2026,75065,FR,1.010384440422058,0.720005214214325,3.184376906,2.2927679763436792,0,7,8,1,5,5,88,10,99,76,12,7,1.208547328133136e-4,648,9477
ESS11e04_2,11,4.2,02.07.2026,75070,FR,1.0019608736038208,1.9957520961761477,3.184376906,6.355226885164415,4,6,3,3,2,2,66,7,2,17,12,10,1.2187076936243102e-4,659,9412
ESS11e04_2,11,4.2,02.07.2026,75122,FR,0.9953275322914124,1.1433783769607544,3.184376906,3.640947698413589,7,7,5,2,6,3,4,10,1,33,14,9,1.226829772349447e-4,642,9584
ESS11e04_2,11,4.2,02.07.2026,75125,FR,1.000241756439209,1.2366946935653689,3.184376906,3.9381020219623064,3,7,4,1,7,7,8,7,1,38,15,10,1.2208023690618577e-4,663,9381
ESS11e04_2,11,4.2,02.07.2026,75140,FR,1.011655330657959,1.1539192199707031,3.184376906,3.674513715464241,3,10,5,2,4,3,3,7,2,20,15,88,1.2070291995769368e-4,642,9588
ESS11e04_2,11,4.2,02.07.2026,75144,FR,0.9962031841278076,0.9100642204284668,3.184376906,2.8979874865093027,3,6,2,3,3,3,66,8,1,24,11,6,1.2257513299118727e-4,643,9390
ESS11e04_2,11,4.2,02.07.2026,75157,FR,1.012199640274048,0.8448916673660278,3.184376906,2.6904535136322125,6,7,2,3,2,6,8,6,1,58,14,10,1.2063800386385992e-4,642,9595
ESS11e04_2,11,4.2,02.07.2026,75171,FR,1.012199640274048,1.5451407432556152,3.184376906,4.920310499342856,3,5,2,3,5,1,66,6,1,26,12,10,1.2063800386385992e-4,642,9595
ESS11e04_2,11,4.2,02.07.2026,75172,FR,1.0079360008239746,0.6470412015914917,3.184376906,2.0604230595784365,5,9,9,3,5,5,2,6,1,61,19,8,1.211483177030459e-4,658,9567
ESS11e04_2,11,4.2,02.07.2026,75177,FR,1.0052027702331543,0.8994668126106262,3.184376906,2.864241345790707,6,6,4,1,8,88,9,9,1,55,13,10,1.2147772213211284e-4,660,9414
ESS11e04_2,11,4.2,02.07.2026,75191,FR,1.0121078491210938,2.202683448791504,3.184376906,7.014174305560098,5,7,6,3,6,5,3,8,2,17,12,8,1.2064893235219644e-4,642,9541
ESS11e04_2,11,4.2,02.07.2026,75209,FR,1.005473017692566,0.9717315435409546,3.184376906,3.0943594860835493,2,6,6,3,4,2,4,8,1,42,12,10,1.21445074910298e-4,650,9507
ESS11e04_2,11,4.2,02.07.2026,75225,FR,0.9891202449798584,0.7308220863342285,3.184376906,2.327212974117455,5,7,5,3,0,0,66,10,999,54,77,8,1.234528899658471e-4,662,9528
ESS11e04_2,11,4.2,02.07.2026,75232,FR,0.9976764917373656,0.7501627802848816,3.184376906,2.388801033279929,6,5,6,2,7,5,3,8,1,-5,12,8,1.2239412171766162e-4,657,9396
ESS11e04_2,11,4.2,02.07.2026,75246,FR,1.0017061233520508,0.5925582051277161,3.184376906,1.8869286638695095,5,6,3,3,6,1,77,7,2,80,9,2,1.2190175766590984e-4,625,9292
ESS11e04_2,11,4.2,02.07.2026,75255,FR,0.990227222442627,0.9499611854553224,3.184376906,3.025034460560311,2,3,3,4,0,0,9,4,2,52,11,3,1.233148796018213e-4,645,9518
ESS11e04_2,11,4.2,02.07.2026,75286,FR,1.0081826448440552,0.6834559440612793,3.184376906,2.1763813245371657,7,7,6,2,4,5,66,7,2,62,18,9,1.2111867545172572e-4,648,9493
ESS11e04_2,11,4.2,02.07.2026,75289,FR,1.0119712352752686,1.1866555213928225,3.184376906,3.778758437700692,3,5,7,4,1,2,66,8,2,71,7,2,1.2066524504916742e-4,662,9402
ESS11e04_2,11,4.2,02.07.2026,75331,FR,1.0020408630371094,0.7403689026832581,3.184376906,2.3576136356251283,77,5,5,3,2,2,7,8,2,38,16,77,1.2186103413114324e-4,662,9516
ESS11e04_2,11,4.2,02.07.2026,75336,FR,0.9922994375228882,0.621313214302063,3.184376906,1.978495451016118,7,4,5,4,4,4,66,4,99,60,12,1,1.230573543580249e-4,654,9407
ESS11e04_2,11,4.2,02.07.2026,75356,FR,0.996065080165863,0.7837151885032654,3.184376906,2.495644547151235,3,5,8,3,5,88,66,5,2,64,12,2,1.2259214418008924e-4,650,9510
ESS11e04_2,11,4.2,02.07.2026,75436,FR,1.0081826448440552,0.7477498650550842,3.184376906,2.3811174017460264,0,0,4,2,5,5,66,5,2,70,12,4,1.2111867545172572e-4,648,9493
ESS11e04_2,11,4.2,02.07.2026,75469,FR,1.005853295326233,1.1102875471115112,3.184376906,3.535574024041283,6,6,4,4,0,0,66,5,2,49,12,2,1.2139916361775248e-4,656,9442
ESS11e04_2,11,4.2,02.07.2026,75479,FR,0.994291365146637,0.747617244720459,3.184376906,2.38069508861518,4,5,2,4,99,2,66,7,1,-5,-2,6,1.2281083036214113e-4,656,9425
ESS11e04_2,11,4.2,02.07.2026,75499,FR,0.9924787282943726,0.8003102540969849,3.184376906,2.54848949078143,4,6,5,4,99,99,66,8,1,37,77,77,1.2303511903155595e-4,652,9571
ESS11e04_2,11,4.2,02.07.2026,75516,FR,0.9934048652648926,0.795183539390564,3.184376906,2.532164098866653,5,7,6,4,8,-1,66,7,1,42,12,7,1.2292042083572596e-4,654,9408
ESS11e04_2,11,4.2,02.07.2026,75530,FR,0.9967845678329468,0.6398825645446777,3.184376906,2.037627261088126,7,8,7,1,5,6,66,8,1,73,14,6,1.225036394316703e-4,657,9570
ESS11e04_2,11,4.2,02.07.2026,75547,FR,1.0060895681381226,0.7408164143562317,3.184376906,2.359038681461711,5,6,4,3,3,2,66,8,2,45,19,5,1.213706418639049e-4,648,9478
ESS11e04_2,11,4.2,02.07.2026,75549,FR,1.004228115081787,0.7448158264160156,3.184376906,2.3717743168624645,7,8,7,2,5,6,66,10,2,57,12,8,1.2159562174929306e-4,649,9298
ESS11e04_2,11,4.2,02.07.2026,75557,FR,0.9958574175834656,1.1754403114318848,3.184376906,3.7430449821051415,9,2,3,2,1,1,9,8,1,28,13,7,1.2261769734323025e-4,650,9504
ESS11e04_2,11,4.2,02.07.2026,75568,FR,0.9934048652648926,0.7308313250541687,3.184376906,2.327242393683874,5,7,6,3,6,5,66,7,1,22,88,4,1.2292042083572596e-4,654,9408
ESS11e04_2,11,4.2,02.07.2026,75625,FR,0.997140884399414,0.710567831993103,3.184376906,2.262715794345325,5,8,3,3,5,4,31,8,1,1980,12,7,1.224598818225786e-4,649,9485
ESS11e04_2,11,4.2,02.07.2026,75648,FR,0.9869859218597412,1.0953402519226074,3.184376906,3.487976202434573,5,7,4,3,5,4,66,7,2,39,12,7,1.2371984485071152e-4,652,9462
ESS11e04_2,11,4.2,02.07.2026,75661,FR,1.0045478343963623,0.6448663473129272,3.184376906,2.0534975038398606,0,0,0,1,0,0,66,7,1,68,17,10,1.2155692093074322e-4,658,9386
ESS11e04_2,11,4.2,02.07.2026,75771,FR,1.0106914043426514,0.7202239036560059,3.184376906,2.293464365951354,7,88,3,4,3,1,88,7,99,61,10,3,1.2081803288310766e-4,649,9550
ESS11e04_2,11,4.2,02.07.2026,75784,FR,1.0066200494766235,1.840773344039917,3.184376906,5.861716125941104,7,6,6,2,3,4,66,7,1,23,1,7,1.2130669347243384e-4,642,9547
ESS11e04_2,11,4.2,02.07.2026,75837,FR,1.007404923439026,1.7351555824279783,3.184376906,5.525389365000634,4,6,7,3,7,6,31,5,2,19,12,3,1.212121787830256e-4,642,9548
ESS11e04_2,11,4.2,02.07.2026,75892,FR,1.0107375383377075,0.5979001522064209,3.184376906,1.9039394367800115,5,8,5,8,5,7,4,8,2,73,15,8,1.2081251770723612e-4,653,9447
ESS11e04_2,11,4.2,02.07.2026,75991,FR,1.0021493434906006,0.8021825551986694,3.184376906,2.554451603170713,5,8,2,1,0,2,66,5,99,50,13,7,1.2184785737190396e-4,654,9466
ESS11e04_2,11,4.2,02.07.2026,75995,FR,0.994271755218506,0.8463674187660217,3.184376906,2.6951528623093504,6,9,5,1,6,-1,66,5,2,62,15,4,1.2281324598006904e-4,659,9429
ESS11e04_2,11,4.2,02.07.2026,76006,FR,0.9913966059684752,0.7454408407211304,3.184376906,2.373764597981592,5,7,7,2,10,6,66,9,1,71,12,7,1.2316941865719855e-4,658,9384
ESS11e04_2,11,4.2,02.07.2026,76012,FR,1.003796100616455,0.7979695200920105,3.184376906,2.541035711472901,5,6,2,4,3,4,66,9,1,49,12,2,1.2164795771241188e-4,653,9456
ESS11e04_2,11,4.2,02.07.2026,76025,FR,1.0102577209472656,0.7906151413917542,3.184376906,2.5176165977818266,0,10,10,2,0,99,66,5,2,74,13,5,1.2086990318493918e-4,658,9387
ESS11e04_2,11,4.2,02.07.2026,76029,FR,1.00359308719635,0.5977895855903625,3.184376906,1.9035873510012609,5,8,5,2,8,8,66,8,2,73,14,77,1.2167257227702066e-4,654,9465
ESS11e04_2,11,4.2,02.07.2026,76037,FR,0.990227222442627,0.7603155374526978,3.184376906,2.4211312387373485,4,5,3,3,5,4,9,6,1,28,16,9,1.233148796018213e-4,645,9518
ESS11e04_2,11,4.2,02.07.2026,76077,FR,0.9937443733215332,0.9715742468833924,3.184376906,3.093858594239817,0,2,2,4,77,-1,66,5,1,61,15,2,1.228784240083769e-4,642,9589
ESS11e04_2,11,4.2,02.07.2026,76096,FR,0.995616853237152,1.1540248394012451,3.184376906,3.674850047539683,6,3,3,4,0,-1,66,5,1,63,10,1,1.226473250426352e-4,663,9560
ESS11e04_2,11,4.2,02.07.2026,76105,FR,1.0007920265197754,1.1695305109024048,3.184376906,3.7242259497799983,2,8,7,4,88,8,66,8,2,79,5,77,1.2201310892123728e-4,648,9492
ESS11e04_2,11,4.2,02.07.2026,76116,FR,0.9937443733215332,1.003922939300537,3.184376906,3.19686902331227,2,4,4,3,4,99,66,5,2,41,15,4,1.228784240083769e-4,642,9589
ESS11e04_2,11,4.2,02.07.2026,76151,FR,0.993925929069519,0.8350540995597839,3.184376906,2.6591269898988004,7,8,3,4,3,4,66,8,1,27,14,6,1.2285598495509475e-4,662,9445
ESS11e04_2,11,4.2,02.07.2026,76162,FR,1.002301573753357,1.1052076816558838,3.184376906,3.519397817798796,6,7,8,2,2,2,66,7,2,55,17,10,1.2182934733573347e-4,663,9376
ESS11e04_2,11,4.2,02.07.2026,76163,FR,1.010336995124817,1.0308659076690674,3.184376906,3.282665589564106,4,4,5,3,5,5,66,6,1,22,77,6,1.2086040078429504e-4,644,9520
ESS11e04_2,11,4.2,02.07.2026,76194,FR,1.00359308719635,1.0524994134902954,3.184376906,3.351554825897041,8,9,6,1,0,1,1,7,1,77,9,6,1.2167257227702066e-4,654,9465
ESS11e04_2,11,4.2,02.07.2026,76200,FR,0.9991207122802734,0.9127304553985596,3.184376906,2.906477783574036,4,9,4,3,4,88,66,9,1,20,13,8,1.2221721408423036e-4,643,9389
ESS11e04_2,11,4.2,02.07.2026,76211,FR,0.9872881770133972,0.9252904653549194,3.184376906,2.9464735892181984,8,9,9,4,5,4,66,10,2,28,15,77,1.2368196621537209e-4,647,9534
ESS11e04_2,11,4.2,02.07.2026,76234,FR,0.9868563413619996,1.02782142162323,3.184376906,3.2729707985091023,4,0,5,2,0,0,66,10,1,1980,5,5,1.2373608478810638e-4,653,9522
ESS11e04_2,11,4.2,02.07.2026,76246,FR,1.0119712352752686,0.6883803009986877,3.184376906,2.1920623330455498,4,7,3,2,3,4,66,8,2,65,16,4,1.2066524504916742e-4,662,9402
ESS11e04_2,11,4.2,02.07.2026,76253,FR,1.0119712352752686,0.8442046046257019,3.184376906,2.688265646908946,5,7,5,9,5,4,66,7,2,21,14,10,1.2066524504916742e-4,662,9402
ESS11e04_2,11,4.2,02.07.2026,76310,FR,0.9586294889450072,1.093436360359192,3.184376906,3.4819134941085044,5,4,4,2,5,2,66,8,2,29,19,10,1.273795060114935e-4,634,9332
ESS11e04_2,11,4.2,02.07.2026,76331,FR,1.000524878501892,1.0107731819152832,3.184376906,3.2186827776951645,5,4,4,8,5,3,4,9,2,44,17,10,1.22045683383476e-4,642,9543
ESS11e04_2,11,4.2,02.07.2026,76363,FR,1.003327250480652,1.5075360536575315,3.184376906,4.800562994229421,2,5,5,3,5,5,66,10,1,16,11,1,1.217048047692515e-4,647,9532
ESS11e04_2,11,4.2,02.07.2026,76372,FR,0.9965704083442688,0.974337875843048,3.184376906,3.1026590304756976,5,3,3,4,7,5,66,8,1,77,12,4,1.2252997839823365e-4,642,9582
ESS11e04_2,11,4.2,02.07.2026,76376,FR,1.0083423852920532,0.8411787152290344,3.184376906,2.6786300745940874,6,7,6,2,7,6,66,6,2,31,17,9,1.210994814755395e-4,662,9531
ESS11e04_2,11,4.2,02.07.2026,76377,FR,0.9976764917373656,0.8814107179641724,3.184376906,2.8067439349859895,6,7,3,Not at all,50,4,66,8,1,32,14,2,1.2239412171766162e-4,657,9396
ESS11e04_2,11,4.2,02.07.2026,76399,FR,1.010847806930542,1.054195761680603,3.184376906,3.356956637898792,7,7,7,2,4,-1,66,8,1,53,15,10,1.2079934822395444e-4,642,9546
ESS11e04_2,11,4.2,02.07.2026,76406,FR,0.9938450455665588,0.7082198262214661,3.184376906,2.2552388589909698,6,7,5,2,6,5,5,8,1,74,12,4,1.2286598212085664e-4,648,9476
ESS11e04_2,11,4.2,02.07.2026,76429,FR,0.9943851828575134,0.6714520454406738,3.184376906,2.138156386987744,4,6,3,2,77,3,66,7,2,41,15,6,1.2279924703761935e-4,645,9440
ESS11e04_2,11,4.2,02.07.2026,76435,FR,1.0017061233520508,0.7963085770606995,3.184376906,2.5357466428418127,7,7,6,3,6,5,3,8,1,38,16,2,1.2190175766590984e-4,625,9293
ESS11e04_2,11,4.2,02.07.2026,76448,FR,1.0075217485427856,0.8409877419471741,3.184376906,2.6780219436856685,7,7,7,2,70,5,66,8,1,64,20,10,1.21198121632915e-4,642,9542
ESS11e04_2,11,4.2,02.07.2026,76449,FR,0.9893606901168824,0.7520357966423035,3.184376906,2.3947654233130633,5,8,5,1,8,8,5,8,1,44,-2,8,1.2342288391664624e-4,649,9299
ESS11e04_2,11,4.2,02.07.2026,76496,FR,0.996065080165863,0.8032029867172241,3.184376906,2.557701041732553,5,6,6,1,5,5,66,9,1,49,16,5,1.2259214418008924e-4,650,9510
ESS11e04_2,11,4.2,02.07.2026,76516,FR,1.0028046369552612,1.2365180253982544,3.184376906,3.9375394439309224,2,8,8,2,50,5,5,8,2,86,-2,88,1.2176822201581672e-4,658,9569
ESS11e04_2,11,4.2,02.07.2026,76523,FR,1.0084998607635498,1.9169797897338867,3.184376906,6.104386171697325,5,8,8,4,3,4,66,5,2,71,5,4,1.2108057853765786e-4,663,9557
ESS11e04_2,11,4.2,02.07.2026,76543,FR,0.98800528049469,1.3360545635223389,3.184376906,4.2545012972364455,2,4,3,3,7,3,66,10,2,26,20,8,1.235921954503283e-4,644,9473
ESS11e04_2,11,4.2,02.07.2026,76576,FR,1.0046160221099854,0.745104193687439,3.184376906,2.3726925869420317,7,8,5,2,8,6,3,7,2,75,12,4,1.2154866999480872e-4,649,9551
ESS11e04_2,11,4.2,02.07.2026,76607,FR,0.9988287091255188,0.6509185433387756,3.184376906,2.0727699770951573,5,7,5,4,5,6,66,5,2,62,14,2,1.22252939036116e-4,654,9432
ESS11e04_2,11,4.2,02.07.2026,76622,FR,1.0011866092681885,1.3333700895309448,3.184376906,4.245952920253493,4,10,4,4,8,3,66,10,2,25,7,9,1.2196501484140754e-4,652,9471
ESS11e04_2,11,4.2,02.07.2026,76637,FR,1.0069788694381714,1.6145092248916626,3.184376906,5.141205890268971,3,8,8,8,0,-1,66,8,2,90,12,77,1.2126346700824796e-4,642,9592
ESS11e04_2,11,4.2,02.07.2026,76638,FR,0.98800528049469,0.6744118928909302,3.184376906,2.1475816568536237,2,4,1,2,5,5,9,7,3,22,15,8,1.235921954503283e-4,644,9473
ESS11e04_2,11,4.2,02.07.2026,76654,FR,0.9791849851608276,1.558573603630066,3.184376906,4.963085789700779,6,8,7,2,6,6,66,9,2,16,11,9,1.247054897248745e-4,638,9342
ESS11e04_2,11,4.2,02.07.2026,76689,FR,1.0052027702331543,0.767924964427948,3.184376906,2.445362522265229,5,3,4,1,8,6,66,6,1,55,14,7,1.2147772213211284e-4,660,9414
ESS11e04_2,11,4.2,02.07.2026,76736,FR,1.0011866092681885,0.9675878882408142,3.184376906,3.0811645258393576,5,4,4,4,0,0,66,8,1,48,14,6,1.2196501484140754e-4,652,9471
ESS11e04_2,11,4.2,02.07.2026,76756,FR,1.010336995124817,0.5636839866638184,3.184376906,1.794982269414275,5,8,5,2,5,5,66,9,1,73,17,8,1.2086040078429504e-4,644,9520
ESS11e04_2,11,4.2,02.07.2026,76796,FR,1.003503918647766,0.7468345165252686,3.184376906,2.3782025870267405,4,4,4,9,6,4,66,6,2,64,12,77,1.2168336979812012e-4,662,9269
ESS11e04_2,11,4.2,02.07.2026,76814,FR,0.9887412190437316,1.399289846420288,3.184376906,4.455866271741052,7,6,6,3,6,6,66,7,2,1980,15,1,1.2350021279416978e-4,646,9382
ESS11e04_2,11,4.2,02.07.2026,76829,FR,1.000187873840332,0.9137043356895448,3.184376906,2.9095789854818577,4,6,3,4,6,4,66,8,1,20,15,1,1.2208679981995374e-4,643,9437
ESS11e04_2,11,4.2,02.07.2026,76844,FR,0.9882932901382446,1.089760422706604,3.184376906,3.4702079231397076,5,8,7,4,3,6,66,5,2,56,15,7,1.2355617946013808e-4,663,9561
ESS11e04_2,11,4.2,02.07.2026,76881,FR,0.9950170516967772,2.16549015045166,3.184376906,6.895736825268732,4,8,3,3,8,88,66,8,2,17,11,88,1.227212633239105e-4,642,9590
ESS11e04_2,11,4.2,02.07.2026,76907,FR,0.9937443733215332,2.1627190113067627,3.184376906,6.886912473772408,2,2,2,3,5,4,66,10,2,17,12,7,1.228784240083769e-4,642,9589
ESS11e04_2,11,4.2,02.07.2026,76930,FR,1.0011167526245115,1.027948975563049,3.184376906,3.2733769783293325,5,9,5,8,5,3,66,9,2,79,9,5,1.2197353498777376e-4,654,9409
ESS11e04_2,11,4.2,02.07.2026,76964,FR,1.0028046369552612,0.9639499187469482,3.184376906,3.0695798597983583,4,4,2,4,5,2,66,4,1,54,13,2,1.2176822201581672e-4,658,9569
ESS11e04_2,11,4.2,02.07.2026,76980,FR,1.0084747076034546,0.5626447796821594,3.184376906,1.7916730427013263,5,7,5,1,2,2,66,6,999,86,15,9,1.2108359806006774e-4,645,9393
ESS11e04_2,11,4.2,02.07.2026,76996,FR,0.9981385469436646,0.7989729046821594,3.184376906,2.5442308661896074,2,7,5,2,0,0,66,8,1,49,12,6,1.223374711116776e-4,654,9467
ESS11e04_2,11,4.2,02.07.2026,77010,FR,1.0102531909942627,1.0535768270492554,3.184376906,3.3549857167524046,7,8,7,1,7,5,5,9,1,47,19,10,1.2087044160580264e-4,642,9596
ESS11e04_2,11,4.2,02.07.2026,77042,FR,1.0047086477279663,0.9709919095039368,3.184376906,3.092004212537178,6,7,4,2,7,6,9,8,1,50,12,9,1.215374722960405e-4,626,9303
ESS11e04_2,11,4.2,02.07.2026,77058,FR,1.002301573753357,1.9458858966827393,3.184376906,6.196434111107616,7,3,7,4,1,2,77,10,1,56,9,9,1.2182934733573347e-4,663,9376
ESS11e04_2,11,4.2,02.07.2026,77104,FR,1.0048445463180542,0.6456412076950073,3.184376906,2.055964951345931,2,9,6,2,50,4,4,8,2,50,14,9,1.2152102863183244e-4,653,9565
ESS11e04_2,11,4.2,02.07.2026,77159,FR,1.000241756439209,1.3525996208190918,3.184376906,4.307186995600673,4,5,4,3,7,6,4,6,2,21,15,10,1.2208023690618577e-4,663,9381
ESS11e04_2,11,4.2,02.07.2026,77202,FR,1.0008659362792969,0.9149286150932312,3.184376906,2.9134775525414485,5,8,4,3,5,5,66,9,1,39,13,6,1.2200409400975332e-4,662,9444
ESS11e04_2,11,4.2,02.07.2026,77206,FR,1.0014375448226929,0.9452334046363832,3.184376906,3.009979424503851,5,7,2,1,6,4,66,8,1,25,17,7,1.2193446309538558e-4,647,9405
ESS11e04_2,11,4.2,02.07.2026,77217,FR,1.0111894607543943,0.7724992036819458,3.184376906,2.459928624108178,7,9,5,1,99,7,3,10,1,57,16,7,1.2075853010173888e-4,659,9411
ESS11e04_2,11,4.2,02.07.2026,77228,FR,0.9906727075576782,1.588363766670227,3.184376906,5.057948896911843,1,5,2,9,5,4,66,7,2,84,9,77,1.23259422252886e-4,639,9344
ESS11e04_2,11,4.2,02.07.2026,77270,FR,1.0065141916275024,1.1110161542892456,3.184376906,3.5378941839116065,4,9,3,2,4,1,9,5,2,48,12,5,1.2131945550208913e-4,656,9398
ESS11e04_2,11,4.2,02.07.2026,77272,FR,0.9887412190437316,1.399289846420288,3.184376906,4.455866271741052,4,6,3,9,7,4,66,3,2,18,13,8,1.2350021279416978e-4,646,9382
ESS11e04_2,11,4.2,02.07.2026,77295,FR,0.9937443733215332,1.5169686079025269,3.184376906,4.8305998021317755,5,7,6,3,5,4,66,9,1,18,12,10,1.228784240083769e-4,642,9589
ESS11e04_2,11,4.2,02.07.2026,77333,FR,1.012199640274048,0.9896185398101808,3.184376906,3.151318423920981,5,5,7,8,88,77,66,5,1,74,9,3,1.2063800386385992e-4,642,9595
ESS11e04_2,11,4.2,02.07.2026,77343,FR,0.9933843016624452,1.1662269830703735,3.184376906,3.7137062720433502,5,5,3,4,4,3,88,8,1,16,11,6,1.2292296742089093e-4,657,9391
ESS11e04_2,11,4.2,02.07.2026,77388,FR,1.011655330657959,1.656645655632019,3.184376906,5.27538416721983,5,5,6,8,77,5,66,8,1,68,5,2,1.2070291995769368e-4,642,9588
ESS11e04_2,11,4.2,02.07.2026,77392,FR,0.9994892477989196,0.7146873474121094,3.184376906,2.27583388410952,3,5,4,1,3,4,8,8,1,80,13,10,1.221721468027681e-4,662,9529
ESS11e04_2,11,4.2,02.07.2026,77393,FR,0.9933719635009766,1.8165483474731443,3.184376906,5.784574606325944,5,5,4,4,5,4,66,9,1,18,9,77,1.229244953719899e-4,642,9598
ESS11e04_2,11,4.2,02.07.2026,77418,FR,1.0094072818756104,1.0404551029205322,3.184376906,3.3132012014699956,4,5,4,3,99,6,66,7,2,20,12,2,1.2097173748770727e-4,643,9436
ESS11e04_2,11,4.2,02.07.2026,77444,FR,1.0057075023651123,1.1161164045333862,3.184376906,3.5541353030038687,7,8,8,3,4,99,1,9,2,50,16,8,1.214167568832636e-4,652,9472
ESS11e04_2,11,4.2,02.07.2026,77466,FR,1.003503918647766,0.9173402786254884,3.184376906,2.92115719819861,6,4,4,Not at all,6,4,66,6,1,40,88,5,1.2168336979812012e-4,662,9269
ESS11e04_2,11,4.2,02.07.2026,77467,FR,0.9880545139312744,1.1491663455963137,3.184376906,3.6593787720693154,3,7,5,2,5,3,9,3,1,16,10,3,1.235860399901867e-4,653,9524
ESS11e04_2,11,4.2,02.07.2026,77471,FR,0.998822033405304,0.9289922118186952,3.184376906,2.9582613451693125,5,7,5,1,4,6,2,7,2,59,23,1,1.222537539433688e-4,642,9538
ESS11e04_2,11,4.2,02.07.2026,77513,FR,0.9953275322914124,1.0055227279663086,3.184376906,3.2019633533940333,5,7,6,3,4,3,2,8,2,35,17,7,1.226829772349447e-4,642,9584
ESS11e04_2,11,4.2,02.07.2026,77531,FR,1.0019445419311523,1.529484510421753,3.184376906,4.870455153071746,3,3,5,3,4,5,66,7,1,21,14,88,1.2187275569885968e-4,642,9603
ESS11e04_2,11,4.2,02.07.2026,77538,FR,0.996854603290558,1.2459654808044434,3.184376906,3.967623702746855,4,8,4,3,77,6,4,10,1,46,12,7,1.2249503924977034e-4,642,9537
ESS11e04_2,11,4.2,02.07.2026,77604,FR,0.9968600273132324,0.7128073573112488,3.184376906,2.269847287048831,6,8,5,Not at all,8,9,3,8,1,71,150,3,1.2249436986166984e-4,661,9313
ESS11e04_2,11,4.2,02.07.2026,77606,FR,1.0036118030548096,1.2019866704940796,3.184376906,3.8275785948411785,1,2,3,1,1,1,9,7,1,76,13,1,1.2167030217824504e-4,661,9323
ESS11e04_2,11,4.2,02.07.2026,77625,FR,0.9942724108695984,0.7595744132995605,3.184376906,2.41877122009962,7,8,4,1,9,5,4,8,1,60,150,10,1.228131732204929e-4,659,9428
ESS11e04_2,11,4.2,02.07.2026,77644,FR,1.024106740951538,1.266199827194214,3.184376906,4.032057488098445,7,7,6,1,8,5,4,10,999,54,17,9,1.1923536658287048e-4,664,9349
ESS11e04_2,11,4.2,02.07.2026,77726,FR,0.9939138293266296,1.5935609340667725,3.184376906,5.074498636746019,4,7,7,2,6,3,9,6,2,69,10,2,1.2285748380236328e-4,642,9539
ESS11e04_2,11,4.2,02.07.2026,77732,FR,1.0102577209472656,1.115148901939392,3.184376906,3.5510544100870587,5,5,4,4,5,5,66,6,2,45,12,3,1.2086990318493918e-4,658,9387
ESS11e04_2,11,4.2,02.07.2026,77735,FR,1.0051809549331665,1.2662397623062134,3.184376906,4.032184656546835,4,9,7,3,6,4,2,10,2,33,12,2,1.2148036330472678e-4,661,9498
ESS11e04_2,11,4.2,02.07.2026,77744,FR,0.9962031841278076,0.8556713461875916,3.184376906,2.7247800739256975,3,5,5,3,3,4,66,6,2,43,16,8,1.2257513299118727e-4,643,9390
ESS11e04_2,11,4.2,02.07.2026,77820,FR,1.0078994035720823,0.921357035636902,3.184376906,2.933948066462769,7,8,8,2,3,3,9,8,1,35,13,10,1.2115270510548726e-4,662,9271
ESS11e04_2,11,4.2,02.07.2026,77884,FR,0.9958574175834656,0.8030345439910889,3.184376906,2.5571646566054644,6,7,6,3,7,88,66,9,1,36,15,7,1.2261769734323025e-4,650,9504
ESS11e04_2,11,4.2,02.07.2026,77973,FR,0.9934048652648926,0.6634814143180847,3.184376906,2.1127748933147266,7,7,7,3,7,7,66,7,1,49,14,9,1.2292042083572596e-4,654,9408
ESS11e04_2,11,4.2,02.07.2026,78005,FR,1.0007227659225464,0.9307597279548644,3.184376906,2.963889782734313,6,7,4,3,4,4,4,4,2,57,17,10,1.2202155630802736e-4,642,9585
ESS11e04_2,11,4.2,02.07.2026,78009,FR,0.9988994002342224,0.6234190464019775,3.184376906,1.9852012141229995,5,2,2,1,0,0,88,9,1,40,17,9,1.2224429519847035e-4,643,9452
ESS11e04_2,11,4.2,02.07.2026,78019,FR,0.9936723709106444,1.593175172805786,3.184376906,5.073270227495304,5,5,2,3,99,4,66,6,2,68,10,88,1.2288732978049666e-4,642,9578
ESS11e04_2,11,4.2,02.07.2026,78043,FR,0.9970020055770874,0.9218340516090392,3.184376906,2.9354670651082366,8,8,7,1,2,88,2,6,2,39,15,3,1.2247693666722623e-4,622,9356
ESS11e04_2,11,4.2,02.07.2026,78067,FR,1.0007920265197754,1.1695305109024048,3.184376906,3.7242259497799983,1,5,5,4,0,0,9,9,2,-5,7,77,1.2201310892123728e-4,648,9492
ESS11e04_2,11,4.2,02.07.2026,78074,FR,1.0054736137390137,0.7165057063102722,3.184376906,2.281624224191649,5,9,2,3,99,6,66,4,1,82,13,4,1.2144500942667946e-4,648,9495
ESS11e04_2,11,4.2,02.07.2026,78082,FR,1.0091465711593628,0.6739948987960815,3.184376906,2.146253790488049,6,7,6,1,6,5,5,7,1,48,15,9,1.210029877256602e-4,654,9431
ESS11e04_2,11,4.2,02.07.2026,78086,FR,1.0091465711593628,2.129977226257324,3.184376906,6.78265028959976,6,8,6,3,4,5,66,8,2,40,9,4,1.210029877256602e-4,654,9431
ESS11e04_2,11,4.2,02.07.2026,78124,FR,1.0020408630371094,0.7457464337348938,3.184376906,2.374737721317255,5,7,6,3,2,88,66,8,2,70,12,9,1.2186103413114324e-4,662,9516
ESS11e04_2,11,4.2,02.07.2026,78147,FR,0.9991207122802734,0.6084285974502563,3.184376906,1.9374659746705667,1,7,3,2,5,0,66,7,2,60,13,2,1.2221721408423036e-4,643,9389
ESS11e04_2,11,4.2,02.07.2026,78162,FR,1.0017054080963137,1.2520283460617063,3.184376906,3.9869301508562742,5,4,5,4,2,5,4,8,1,35,7,4,1.219018449774012e-4,642,9599
ESS11e04_2,11,4.2,02.07.2026,78214,FR,1.0172017812728882,1.1790437698364258,3.184376906,3.7545197518302937,6,7,4,3,7,8,5,7,1,62,12,3,1.2004476593574508e-4,666,9265
ESS11e04_2,11,4.2,02.07.2026,78224,FR,1.0011866092681885,0.9675878882408142,3.184376906,3.0811645258393576,2,5,2,3,2,2,66,8,1,54,12,6,1.2196501484140754e-4,652,9471
ESS11e04_2,11,4.2,02.07.2026,78257,FR,0.9950170516967772,1.1349409818649292,3.184376906,3.6140798523236457,5,4,4,3,3,4,66,7,2,23,15,5,1.227212633239105e-4,642,9590
ESS11e04_2,11,4.2,02.07.2026,78293,FR,0.9999796152114868,1.1406019926071167,3.184376906,3.632106644195685,3,4,5,3,5,5,66,8,2,32,17,4,1.2211223656777292e-4,642,9602
ESS11e04_2,11,4.2,02.07.2026,78300,FR,1.0102531909942627,1.5421675443649292,3.184376906,4.91084271345841,5,3,3,2,0,4,66,6,1,1980,13,2,1.2087044160580264e-4,642,9596
ESS11e04_2,11,4.2,02.07.2026,78308,FR,0.990227222442627,0.6686449646949768,3.184376906,2.1292175838878693,6,8,6,3,5,6,66,9,999,37,17,9,1.233148796018213e-4,645,9518
ESS11e04_2,11,4.2,02.07.2026,78316,FR,1.0069727897644043,1.017287015914917,3.184376906,3.239425280253116,5,8,2,4,5,2,66,8,2,44,150,5,1.212641946040094e-4,642,9587
ESS11e04_2,11,4.2,02.07.2026,78333,FR,1.0011390447616575,1.500450849533081,3.184376906,4.778001033841224,6,6,3,3,7,5,66,7,1,66,12,5,1.2197081377962604e-4,660,9415
ESS11e04_2,11,4.2,02.07.2026,78354,FR,0.9904276132583618,1.3837401866912842,3.184376906,4.406350294403854,6,8,7,1,4,6,5,9,1,18,13,88,1.2328992306720463e-4,660,9375
ESS11e04_2,11,4.2,02.07.2026,78369,FR,0.9988287091255188,0.5339398384094238,3.184376906,1.700265690624341,8,5,5,1,8,8,7,8,1,63,15,10,1.22252939036116e-4,654,9432
ESS11e04_2,11,4.2,02.07.2026,78372,FR,1.013024926185608,0.5060315132141113,3.184376906,1.61139506438725,6,3,3,1,8,4,88,8,1,74,17,9,1.2053972022840752e-4,643,9435
ESS11e04_2,11,4.2,02.07.2026,78375,FR,0.9977354407310486,0.7425427436828613,3.184376906,2.364535964701581,7,6,7,3,7,6,4,8,2,59,14,2,1.2238690396770835e-4,662,9285
ESS11e04_2,11,4.2,02.07.2026,78405,FR,1.0014375448226929,1.319273591041565,3.184376906,4.201064356008447,3,8,2,2,5,7,66,8,2,89,5,3,1.2193446309538558e-4,647,9405
ESS11e04_2,11,4.2,02.07.2026,78445,FR,0.9916536211967468,1.7946640253067017,3.184376906,5.71488667621566,8,7,2,3,3,5,66,7,1,20,14,1,1.231374917551875e-4,663,9379
ESS11e04_2,11,4.2,02.07.2026,78464,FR,1.0079360008239746,0.6470412015914917,3.184376906,2.0604230595784365,3,5,5,2,5,99,66,8,1,71,15,7,1.211483177030459e-4,658,9567
ESS11e04_2,11,4.2,02.07.2026,78483,FR,0.9966332912445068,0.7799529433250427,3.184376906,2.4836641404909927,5,5,0,4,0,0,66,8,2,-5,8,6,1.225222513312474e-4,658,9385
ESS11e04_2,11,4.2,02.07.2026,78500,FR,0.9919002056121826,0.9630228877067566,3.184376906,3.0666278435628267,5,7,2,4,5,5,66,9,1,22,12,5,1.2310688907746226e-4,653,9453
ESS11e04_2,11,4.2,02.07.2026,78504,FR,0.990239143371582,1.2210243940353394,3.184376906,3.8882018820287785,5,3,2,4,0,0,66,3,2,61,150,1,1.23313395306468e-4,656,9423
ESS11e04_2,11,4.2,02.07.2026,78541,FR,0.9892414808273317,1.2458438873291016,3.184376906,3.9672365032920567,3,7,5,1,4,6,9,6,1,59,9,8,1.2343775597400963e-4,656,9421
ESS11e04_2,11,4.2,02.07.2026,78566,FR,0.9942508339881896,0.6479349136352539,3.184376906,2.063268975571207,2,9,4,4,1,5,66,7,2,63,12,5,1.2281582166906446e-4,654,9433
ESS11e04_2,11,4.2,02.07.2026,78568,FR,1.0029857158660889,0.7582244277000427,3.184376906,2.4144723571330826,7,5,7,4,5,5,66,6,1,68,12,3,1.2174624862382188e-4,652,9463
ESS11e04_2,11,4.2,02.07.2026,78582,FR,1.0119712352752686,1.129813313484192,3.184376906,3.597751423550399,5,5,5,4,88,5,66,10,1,17,-2,6,1.2066524504916742e-4,662,9402
ESS11e04_2,11,4.2,02.07.2026,78636,FR,0.9969398975372314,0.7603985667228699,3.184376906,2.4213956352278068,7,7,5,4,5,3,66,8,1,47,16,10,1.2248456187080592e-4,662,9530
ESS11e04_2,11,4.2,02.07.2026,78670,FR,0.9920310378074646,1.0413538217544556,3.184376906,3.3160630609697286,10,10,7,4,0,88,2,10,2,44,10,4,1.230906491400674e-4,662,9364
ESS11e04_2,11,4.2,02.07.2026,78709,FR,0.9966332912445068,0.9580181837081908,3.184376906,3.0506909797284285,0,3,0,3,5,0,66,8,3,45,150,7,1.225222513312474e-4,658,9385
ESS11e04_2,11,4.2,02.07.2026,78713,FR,0.993111491203308,0.970881462097168,3.184376906,3.091652506365736,6,8,7,3,5,5,66,10,1,18,-2,88,1.2295672786422074e-4,654,9410
ESS11e04_2,11,4.2,02.07.2026,78719,FR,0.9924951195716858,0.680697500705719,3.184376906,2.16759740121921,5,5,4,1,4,5,8,8,1,999,15,8,1.230330963153392e-4,620,9254
ESS11e04_2,11,4.2,02.07.2026,78723,FR,1.0047086477279663,0.8861032724380493,3.184376906,2.82168679708275,7,7,6,9,5,5,2,8,2,31,20,5,1.215374722960405e-4,626,9305
ESS11e04_2,11,4.2,02.07.2026,78730,FR,1.0016851425170898,1.1056861877441406,3.184376906,3.5209215615356215,2,9,7,4,0,0,66,5,2,37,12,77,1.219043115270324e-4,661,9497
ESS11e04_2,11,4.2,02.07.2026,78744,FR,1.0051755905151367,0.7990666627883911,3.184376906,2.5445294273378423,4,1,6,2,1,0,9,10,1,48,12,4,1.2148101086495444e-4,653,9460
ESS11e04_2,11,4.2,02.07.2026,78760,FR,0.9981892108917236,0.7178575396537781,3.184376906,2.28592897107147,0,5,2,3,77,4,66,8,2,58,16,10,1.2233125744387507e-4,650,9509
ESS11e04_2,11,4.2,02.07.2026,78774,FR,0.9994892477989196,0.7623433470726013,3.184376906,2.4275885488607343,3,6,4,3,7,7,5,8,1,42,20,10,1.221721468027681e-4,662,9529
ESS11e04_2,11,4.2,02.07.2026,78793,FR,1.0016851425170898,0.7162580490112305,3.184376906,2.280835590007978,5,5,5,3,7,7,5,7,1,69,11,5,1.219043115270324e-4,661,9497
ESS11e04_2,11,4.2,02.07.2026,78893,FR,1.0029433965682983,0.8325170278549194,3.184376906,2.651047997352964,6,5,5,4,5,5,88,6,2,48,16,1,1.217513854498975e-4,646,9486
ESS11e04_2,11,4.2,02.07.2026,78894,FR,1.00359308719635,0.6283852458000183,3.184376906,2.0010154647967116,6,8,4,3,770,5,3,7,99,68,11,4,1.2167257227702066e-4,654,9465
ESS11e04_2,11,4.2,02.07.2026,78898,FR,0.9991207122802734,0.8581781983375549,3.184376906,2.7327628360187974,0,4,3,3,4,0,66,10,2,39,11,8,1.2221721408423036e-4,643,9389
ESS11e04_2,11,4.2,02.07.2026,78917,FR,1.0032333135604858,0.9330946207046508,3.184376906,2.9713249612847195,8,8,8,2,6,4,3,7,2,72,17,8,1.2171620619483292e-4,642,9576
ESS11e04_2,11,4.2,02.07.2026,78918,FR,1.0082485675811768,1.916500449180603,3.184376906,6.102859770709339,5,7,5,3,30,99,4,8,2,82,7,88,1.211107664857991e-4,663,9378
ESS11e04_2,11,4.2,02.07.2026,78925,FR,0.9988287091255188,0.729627251625061,3.184376906,2.3234081700630953,4,4,4,2,6,3,2,5,2,23,15,9,1.22252939036116e-4,654,9432
ESS11e04_2,11,4.2,02.07.2026,79018,FR,1.0083423852920532,0.9217628836631776,3.184376906,2.935240439544987,5,5,3,4,0,0,9,10,1,40,12,7,1.210994814755395e-4,662,9531
ESS11e04_2,11,4.2,02.07.2026,79034,FR,1.0102577209472656,1.420794129371643,3.184376906,4.524344013751437,3,5,4,3,4,88,66,8,1,16,11,3,1.2086990318493918e-4,658,9387
ESS11e04_2,11,4.2,02.07.2026,79039,FR,1.003964900970459,0.7181356549263,3.184376906,2.286814594922495,5,5,8,2,5,6,77,8,2,999,17,6,1.216274977196008e-4,656,9441
ESS11e04_2,11,4.2,02.07.2026,79051,FR,0.9955366253852844,0.7330459356307983,3.184376906,2.3342945484598765,6,6,3,8,6,5,4,6,2,46,15,2,1.2265720579307526e-4,648,9481
ESS11e04_2,11,4.2,02.07.2026,79086,FR,1.003964900970459,1.1082030534744265,3.184376906,3.528936210642646,3,7,5,4,0,0,66,8,2,42,12,2,1.216274977196008e-4,656,9441
ESS11e04_2,11,4.2,02.07.2026,79098,FR,0.994271755218506,1.4901596307754517,3.184376906,4.745229914494835,7,7,7,Not at all,0,0,10,7,1,78,9,8,1.2281324598006904e-4,659,9429
ESS11e04_2,11,4.2,02.07.2026,79120,FR,0.9920310378074646,0.7382962107658386,3.184376906,2.351013403350045,5,9,8,4,1,1,66,9,2,999,12,5,1.230906491400674e-4,662,9364
ESS11e04_2,11,4.2,02.07.2026,79141,FR,1.0011167526245115,0.5351635217666626,3.184376906,1.7041623596473885,5,5,5,1,5,1,66,5,1,76,-2,8,1.2197353498777376e-4,654,9409
ESS11e04_2,11,4.2,02.07.2026,79159,FR,1.007404923439026,0.8408888578414917,3.184376906,2.677707059423163,3,7,2,9,3,3,3,7,1,999,14,9,1.212121787830256e-4,642,9548
ESS11e04_2,11,4.2,02.07.2026,79179,FR,0.9965491890907288,0.8372581005096436,3.184376906,2.6661453596243354,5,7,4,3,5,2,66,7,1,27,14,8,1.2253258319105953e-4,662,9438
ESS11e04_2,11,4.2,02.07.2026,79192,FR,0.9919158816337584,0.7539774775505066,3.184376906,2.4009484671559664,5,8,7,3,7,5,2,6,99,45,17,2,1.2310495367273688e-4,649,9549
ESS11e04_2,11,4.2,02.07.2026,79213,FR,1.0066200494766235,2.190737724304199,3.184376906,6.976134616377286,3,5,8,4,8,7,66,8,2,20,14,2,1.2130669347243384e-4,642,9547
ESS11e04_2,11,4.2,02.07.2026,79263,FR,1.0019608736038208,0.8965660333633423,3.184376906,2.8550041713462524,5,5,5,4,2,4,66,8,1,57,9,7,1.2187076936243102e-4,659,9412
ESS11e04_2,11,4.2,02.07.2026,79290,FR,0.990227222442627,0.673500657081604,3.184376906,2.144679938586485,10,3,1,4,0,0,66,3,2,57,11,1,1.233148796018213e-4,645,9518
ESS11e04_2,11,4.2,02.07.2026,79306,FR,1.0052027702331543,1.0493652820587158,3.184376906,3.3415745701459505,7,8,4,3,5,5,3,8,2,32,17,9,1.2147772213211284e-4,660,9414
ESS11e04_2,11,4.2,02.07.2026,79319,FR,1.0065927505493164,0.6870992183685303,3.184376906,2.1879828831033987,6,6,4,3,4,3,9,6,2,23,17,2,1.2130996765336022e-4,643,9450
ESS11e04_2,11,4.2,02.07.2026,79342,FR,0.9986799359321594,0.6624135375022888,3.184376906,2.109374371044053,7,6,7,2,5,6,9,8,1,39,14,9,1.2227115803398192e-4,653,9563
ESS11e04_2,11,4.2,02.07.2026,79408,FR,0.9937255382537842,1.1056448221206665,3.184376906,3.520789837799528,0,3,3,4,0,0,66,77,1,30,88,88,1.2288075231481344e-4,648,9474
ESS11e04_2,11,4.2,02.07.2026,79409,FR,0.994271755218506,0.7595741152763367,3.184376906,2.4187702710813483,3,3,3,8,3,0,66,7,1,72,15,7,1.2281324598006904e-4,659,9429
ESS11e04_2,11,4.2,02.07.2026,79427,FR,1.0011167526245115,0.6686322689056396,3.184376906,2.1291771557095007,2,2,2,3,2,2,66,7,1,39,14,9,1.2197353498777376e-4,654,9409
ESS11e04_2,11,4.2,02.07.2026,79428,FR,1.0066765546798706,1.2412923574447632,3.184376906,3.9527427166414006,2,8,4,3,3,3,66,7,2,87,150,1,1.2129988317610696e-4,656,9422
ESS11e04_2,11,4.2,02.07.2026,79487,FR,0.9868563413619996,1.0810725688934326,3.184376906,3.4425425220943406,2,3,3,1,0,2,77,8,2,30,11,2,1.2373608478810638e-4,653,9522
ESS11e04_2,11,4.2,02.07.2026,79495,FR,1.0323402881622314,1.0836671590805054,3.184376906,3.450804675166589,8,7,2,4,0,3,9,8,2,52,12,77,1.1828439892269672e-4,628,9317
ESS11e04_2,11,4.2,02.07.2026,79497,FR,0.9887412190437316,1.330363392829895,3.184376906,4.236378464715323,7,10,10,3,70,5,66,7,1,72,5,1,1.2350021279416978e-4,646,9382
ESS11e04_2,11,4.2,02.07.2026,79550,FR,1.0047937631607056,0.6246475577354431,3.184376906,1.989113257242047,9,9,4,9,6,-1,66,8,2,59,15,10,1.2152717681601644e-4,645,9392
ESS11e04_2,11,4.2,02.07.2026,79569,FR,0.9880545139312744,0.6553658246994019,3.184376906,2.0869317971544197,6,4,3,3,4,4,66,7,1,39,-2,7,1.235860399901867e-4,653,9524
ESS11e04_2,11,4.2,02.07.2026,79601,FR,0.9906035661697388,1.1299068927764893,3.184376906,3.5980494152876705,3,10,1,3,3,3,66,7,2,33,17,5,1.2326802243478596e-4,642,9597
ESS11e04_2,11,4.2,02.07.2026,79609,FR,0.9920310378074646,0.6748163104057312,3.184376906,2.1488694746481376,3,5,7,3,10,6,66,2,2,59,15,2,1.230906491400674e-4,662,9364
ESS11e04_2,11,4.2,02.07.2026,79620,FR,0.9936885833740234,0.918769359588623,3.184376906,2.9257079306144207,7,7,6,2,2,4,2,9,2,49,15,4,1.2288532161619514e-4,624,9350
ESS11e04_2,11,4.2,02.07.2026,79621,FR,1.0016851425170898,0.745481014251709,3.184376906,2.373892525644598,3,5,4,3,5,5,66,7,2,67,12,77,1.219043115270324e-4,661,9497
ESS11e04_2,11,4.2,02.07.2026,79675,FR,0.9953275322914124,1.2440565824508667,3.184376906,3.961545050913824,2,5,6,3,5,4,66,5,1,43,12,3,1.226829772349447e-4,642,9584
ESS11e04_2,11,4.2,02.07.2026,79733,FR,0.9990290403366088,0.9603212475776672,3.184376906,3.0580248031274317,7,8,8,3,7,7,66,10,1,49,-2,4,1.2222843361087143e-4,656,9420
ESS11e04_2,11,4.2,02.07.2026,79734,FR,1.0051755905151367,0.9175834059715272,3.184376906,2.921931407304553,5,7,3,3,50,88,9,8,2,43,88,8,1.2148101086495444e-4,653,9460
ESS11e04_2,11,4.2,02.07.2026,79754,FR,1.010384440422058,1.2684379816055298,3.184376906,4.039184615317901,5,5,0,1,3,2,66,3,2,30,14,4,1.208547328133136e-4,648,9477
ESS11e04_2,11,4.2,02.07.2026,79773,FR,0.9978333115577698,0.8295623660087585,3.184376906,2.6416392404050097,7,8,7,3,5,5,66,7,2,-5,14,7,1.2237489863764495e-4,649,9484
ESS11e04_2,11,4.2,02.07.2026,79793,FR,1.0017681121826172,1.165115475654602,3.184376906,3.71016681349772,7,7,6,3,6,7,3,7,3,33,9,1,1.2189422704977916e-4,653,9449
ESS11e04_2,11,4.2,02.07.2026,79803,FR,0.993111491203308,0.6218224167823792,3.184376906,1.9801169436349149,3,4,3,3,0,0,66,10,1,76,11,5,1.2295672786422074e-4,654,9410
ESS11e04_2,11,4.2,02.07.2026,79879,FR,0.9882932901382446,1.1836785078048706,3.184376906,3.7692785043823704,2,4,2,3,3,2,66,9,2,42,15,10,1.2355617946013808e-4,663,9561
ESS11e04_2,11,4.2,02.07.2026,79881,FR,1.0015629529953003,0.7571478486061096,3.184376906,2.4110441235288795,4,5,2,2,77,1,66,8,1,72,10,8,1.2191920541226864e-4,652,9470
ESS11e04_2,11,4.2,02.07.2026,79907,FR,0.9887039065361024,1.083096981048584,3.184376906,3.44898901340943,6,8,6,3,20,5,9,9,2,29,13,7,1.2350486940704286e-4,653,9564
ESS11e04_2,11,4.2,02.07.2026,79908,FR,0.992700219154358,0.7961925268173218,3.184376906,2.535377095126865,7,7,5,3,7,5,66,8,1,46,15,8,1.2300767411943525e-4,658,9566
ESS11e04_2,11,4.2,02.07.2026,79918,FR,0.9976764917373656,0.8751794099807739,3.184376906,2.786901101749482,7,7,5,4,5,6,66,9,2,21,88,9,1.2239412171766162e-4,657,9396
ESS11e04_2,11,4.2,02.07.2026,79960,FR,0.993111491203308,0.9128540754318236,3.184376906,2.9068714363530814,6,8,7,3,5,0,66,8,2,41,12,3,1.2295672786422074e-4,654,9410
ESS11e04_2,11,4.2,02.07.2026,79968,FR,1.004228115081787,2.4123167991638184,3.184376906,7.681725905213103,0,0,0,9,0,5,9,10,2,37,12,1,1.2159562174929306e-4,649,9298
ESS11e04_2,11,4.2,02.07.2026,79984,FR,1.0079360008239746,0.6470412015914917,3.184376906,2.0604230595784365,7,8,5,1,7,7,3,10,1,-5,20,9,1.211483177030459e-4,658,9567
ESS11e04_2,11,4.2,02.07.2026,79985,FR,1.0015689134597778,1.1704376935958862,3.184376906,3.727114761398644,0,0,0,4,0,0,66,8,2,63,13,2,1.2191847781650722e-4,648,9491
ESS11e04_2,11,4.2,02.07.2026,79996,FR,0.996065080165863,0.7529928684234619,3.184376906,2.3978131005903687,10,0,5,4,2,5,66,5,1,62,11,2,1.2259214418008924e-4,650,9510
ESS11e04_2,11,4.2,02.07.2026,80011,FR,0.9965936541557312,0.8313767313957214,3.184376906,2.6474168636423,5,5,7,4,50,8,66,9,2,29,12,88,1.2252711167093366e-4,662,9515
ESS11e04_2,11,4.2,02.07.2026,80038,FR,0.9953275322914124,1.2440565824508667,3.184376906,3.961545050913824,0,2,3,4,0,88,66,10,1,52,12,5,1.226829772349447e-4,642,9584
ESS11e04_2,11,4.2,02.07.2026,80048,FR,0.9876084923744202,1.1026122570037842,3.184376906,3.511133007475387,0,5,0,2,2,2,66,10,1,21,12,5,1.236418611370027e-4,662,9511
ESS11e04_2,11,4.2,02.07.2026,80051,FR,1.0016095638275146,0.5003290772438049,3.184376906,1.5932363589754623,7,7,4,3,8,4,66,9,3,56,17,9,1.2191351561341436e-4,643,9443
ESS11e04_2,11,4.2,02.07.2026,80116,FR,0.9906727075576782,1.1299856901168823,3.184376906,3.5983003357186725,3,7,5,3,5,6,77,9,2,-5,17,77,1.23259422252886e-4,639,9351
ESS11e04_2,11,4.2,02.07.2026,80174,FR,1.00359308719635,1.1070277690887451,3.184376906,3.5251936621869,3,6,3,4,3,2,88,8,2,27,12,3,1.2167257227702066e-4,654,9465
ESS11e04_2,11,4.2,02.07.2026,80188,FR,0.9971608519554138,1.01469087600708,3.184376906,3.231158192285855,5,8,5,2,6,6,3,7,2,62,-2,4,1.22457422548905e-4,642,9540
ESS11e04_2,11,4.2,02.07.2026,80202,FR,1.0006026029586792,0.9251631498336792,3.184376906,2.9460681686125856,3,5,5,3,0,0,88,6,2,39,16,6,1.2203621008666232e-4,660,9369
ESS11e04_2,11,4.2,02.07.2026,80240,FR,1.000187873840332,0.55670928955078125,3.184376906,1.7727722050011747,3,7,5,3,6,6,8,8,2,70,13,5,1.2208679981995374e-4,643,9437
ESS11e04_2,11,4.2,02.07.2026,80250,FR,0.9965704083442688,1.1367127895355225,3.184376906,3.619721955751756,3,6,7,2,7,6,66,8,2,29,20,10,1.2252997839823365e-4,642,9582
ESS11e04_2,11,4.2,02.07.2026,80273,FR,0.989614188671112,0.773025393486023,3.184376906,2.461604210768454,3,5,5,2,1,3,66,6,2,37,16,4,1.23391262604855e-4,650,9508
ESS11e04_2,11,4.2,02.07.2026,80282,FR,0.9965936541557312,0.8372954726219177,3.184376906,2.66626436651559,3,6,88,4,3,-1,66,7,1,22,16,88,1.2252711167093366e-4,662,9515
ESS11e04_2,11,4.2,02.07.2026,80290,FR,1.0065927505493164,1.1015671491622925,3.184376906,3.507804990200661,6,5,7,3,99,7,66,6,1,29,9,4,1.2130996765336022e-4,643,9450
ESS11e04_2,11,4.2,02.07.2026,80298,FR,1.010847806930542,0.9401760697364808,3.184376906,2.9938749640426945,5,10,5,2,5,5,66,7,2,82,14,5,1.2079934822395444e-4,642,9546
ESS11e04_2,11,4.2,02.07.2026,80352,FR,1.0008659362792969,1.1736348867416382,3.184376906,3.737295829415998,4,7,3,3,2,5,66,10,2,85,8,4,1.2200409400975332e-4,662,9444
ESS11e04_2,11,4.2,02.07.2026,80358,FR,1.00359308719635,1.030490756034851,3.184376906,3.2814709653638596,8,7,5,3,2,3,66,9,2,77,5,88,1.2167257227702066e-4,654,9465
ESS11e04_2,11,4.2,02.07.2026,80361,FR,1.045515537261963,2.029783248901367,3.184376906,6.463594901987163,5,7,7,2,6,88,66,8,1,84,77,2,1.1679382441798224e-4,621,9267
ESS11e04_2,11,4.2,02.07.2026,80439,FR,0.9874551296234132,0.7323756217956543,3.184376906,2.3321600165634715,3,5,4,3,4,-1,9,5,2,77,12,2,1.2366105511318892e-4,648,9479
ESS11e04_2,11,4.2,02.07.2026,80447,FR,0.9880545139312744,0.6394640803337097,3.184376906,2.036294649631194,4,4,3,4,2,2,66,6,2,59,9,1,1.235860399901867e-4,653,9524
ESS11e04_2,11,4.2,02.07.2026,80451,FR,0.964946985244751,1.0773121118545532,3.184376906,3.430567809543728,4,2,2,Not at all,2,3,66,5,1,34,12,3,1.2654555030167103e-4,629,9319
ESS11e04_2,11,4.2,02.07.2026,80456,FR,0.9937158823013306,0.9715461730957032,3.184376906,3.093769196718635,5,7,7,3,7,7,3,9,1,69,12,7,1.2288194557186216e-4,646,9457
ESS11e04_2,11,4.2,02.07.2026,80480,FR,0.992255926132202,0.8878819346427917,3.184376906,2.8273507279311074,1,3,2,2,880,2,5,7,1,61,12,3,1.2306275311857462e-4,660,9500
ESS11e04_2,11,4.2,02.07.2026,80500,FR,1.0047937631607056,1.4616281986236572,3.184376906,4.654375080855555,3,7,8,3,5,3,66,9,2,31,9,4,1.2152717681601644e-4,645,9392
ESS11e04_2,11,4.2,02.07.2026,80546,FR,0.9905755519866944,1.1331623792648315,3.184376906,3.6084161112789426,3,7,7,3,4,88,66,5,1,41,15,3,1.2327151489444077e-4,659,9372
ESS11e04_2,11,4.2,02.07.2026,80576,FR,1.005473017692566,0.7601043581962585,3.184376906,2.4204587643901174,5,8,4,9,5,2,66,9,1,70,11,6,1.21445074910298e-4,650,9507
ESS11e04_2,11,4.2,02.07.2026,80585,FR,0.990239143371582,0.9518728852272034,3.184376906,3.031122033165095,3,5,3,3,0,2,66,8,1,41,13,7,1.23313395306468e-4,656,9423
ESS11e04_2,11,4.2,02.07.2026,80633,FR,0.994799554347992,1.2488714456558228,3.184376906,3.976877390109235,5,7,3,4,88,88,66,8,2,34,150,6,1.2274809705559164e-4,648,9489
ESS11e04_2,11,4.2,02.07.2026,80695,FR,0.9917095899581908,0.8808661699295044,3.184376906,2.805009888800185,2,4,2,3,4,2,66,7,1,22,-2,9,1.2313055049162358e-4,652,9464
ESS11e04_2,11,4.2,02.07.2026,80705,FR,0.9938702583312988,0.6711052656173706,3.184376906,2.1370521093269508,3,3,3,4,5,2,66,8,2,36,15,77,1.2286286801099777e-4,645,9517
ESS11e04_2,11,4.2,02.07.2026,80709,FR,0.9968600273132324,0.7365416884422302,3.184376906,2.345426342981685,6,6,3,1,7,4,1,8,2,52,16,8,1.2249436986166984e-4,661,9313
ESS11e04_2,11,4.2,02.07.2026,80750,FR,1.005473017692566,0.7854132652282715,3.184376906,2.50105186345896,3,5,5,2,7,5,66,6,2,1980,17,5,1.21445074910298e-4,650,9507
ESS11e04_2,11,4.2,02.07.2026,80760,FR,0.9868563413619996,1.54736590385437,3.184376906,4.927396249365672,2,5,2,2,1,1,9,6,1,53,9,7,1.2373608478810638e-4,653,9522
ESS11e04_2,11,4.2,02.07.2026,80764,FR,1.0052027702331543,0.767924964427948,3.184376906,2.445362522265229,7,7,5,3,7,5,66,8,1,71,17,8,1.2147772213211284e-4,660,9414
ESS11e04_2,11,4.2,02.07.2026,80777,FR,1.0072211027145386,0.8360674977302551,3.184376906,2.6623540316294316,2,7,4,8,6,4,9,8,2,49,15,9,1.212342904182151e-4,647,9535
ESS11e04_2,11,4.2,02.07.2026,80787,FR,0.9917095899581908,1.668828010559082,3.184376906,5.314177376910265,5,7,7,2,8,8,66,10,2,16,10,4,1.2313055049162358e-4,652,9464
ESS11e04_2,11,4.2,02.07.2026,80789,FR,0.9917095899581908,1.229436993598938,3.184376906,3.914990769798528,7,5,5,2,7,7,9,7,999,74,8,3,1.2313055049162358e-4,652,9464
ESS11e04_2,11,4.2,02.07.2026,80817,FR,0.9914478659629822,1.158610701560974,3.184376906,3.689453161095224,4,5,6,4,1,1,66,10,2,55,11,2,1.2316305947024375e-4,648,9490
ESS11e04_2,11,4.2,02.07.2026,80860,FR,0.9977354407310486,0.8323297500610352,3.184376906,2.6504516342711124,7,7,6,2,7,6,4,7,2,20,15,88,1.2238690396770835e-4,662,9285
ESS11e04_2,11,4.2,02.07.2026,80867,FR,1.0121499300003052,1.340736746788025,3.184376906,4.269411133497356,6,7,4,3,2,3,4,8,2,27,12,5,1.2064393376931548e-4,656,9397
ESS11e04_2,11,4.2,02.07.2026,80886,FR,1.0063419342041016,0.7435466051101685,3.184376906,2.367732637847522,5,6,5,Not at all,5,4,66,7,2,39,15,7,1.2134021380916238e-4,662,9513
ESS11e04_2,11,4.2,02.07.2026,80901,FR,0.9964633584022522,0.8850884437561035,3.184376906,2.818455200064416,5,5,6,1,2,1,88,8,1,20,15,9,1.225431333296001e-4,650,9505
ESS11e04_2,11,4.2,02.07.2026,80911,FR,1.0081826448440552,1.5992356538772583,3.184376906,5.09256908345855,4,5,4,3,88,4,66,8,2,17,11,8,1.2111867545172572e-4,648,9493
ESS11e04_2,11,4.2,02.07.2026,80913,FR,1.0016095638275146,0.8786289095878601,3.184376906,2.7978856086355437,5,8,8,3,5,5,66,8,2,24,15,2,1.2191351561341436e-4,643,9443
ESS11e04_2,11,4.2,02.07.2026,80966,FR,1.0017061233520508,0.6644207835197449,3.184376906,2.1157661989067007,9,9,7,1,8,9,4,9,1,51,16,9,1.2190175766590984e-4,625,9291
ESS11e04_2,11,4.2,02.07.2026,80972,FR,0.9962031841278076,0.5828704237937927,3.184376906,1.8560791167193864,6,8,5,1,99,8,6,5,1,78,15,5,1.2257513299118727e-4,643,9390
ESS11e04_2,11,4.2,02.07.2026,81012,FR,0.9969398975372314,0.7365998029708862,3.184376906,2.34561140154464,0,10,0,4,0,0,66,10,2,49,15,1,1.2248456187080592e-4,662,9530
ESS11e04_2,11,4.2,02.07.2026,81039,FR,0.9953415393829346,1.2273155450820925,3.184376906,3.908235278134217,0,4,7,4,3,0,66,0,2,59,12,77,1.2268126010894775e-4,656,9499
ESS11e04_2,11,4.2,02.07.2026,81043,FR,1.010847806930542,1.0286186933517456,3.184376906,3.275509612189194,7,9,8,1,8,7,3,8,2,71,12,10,1.2079934822395444e-4,642,9546
ESS11e04_2,11,4.2,02.07.2026,81058,FR,0.9991207122802734,0.7473342418670654,3.184376906,2.3797939008645015,0,3,0,3,0,0,4,3,1,48,12,6,1.2221721408423036e-4,643,9389
ESS11e04_2,11,4.2,02.07.2026,81123,FR,0.993082880973816,1.1605209112167358,3.184376906,3.6955359886086496,2,5,4,3,88,4,66,8,2,86,8,6,1.2296027853153646e-4,648,9482
ESS11e04_2,11,4.2,02.07.2026,81134,FR,1.003796100616455,1.0454655885696411,3.184376906,3.3291564762588624,7,9,7,1,8,7,66,10,1,64,5,6,1.2164795771241188e-4,653,9456
ESS11e04_2,11,4.2,02.07.2026,81135,FR,0.9891202449798584,0.7308220863342285,3.184376906,2.327212974117455,5,5,2,3,2,0,4,9,2,-5,88,7,1.234528899658471e-4,662,9528
ESS11e04_2,11,4.2,02.07.2026,81139,FR,0.9965491890907288,0.7601006031036377,3.184376906,2.420446806759895,0,5,5,2,5,4,66,7,1,999,14,4,1.2253258319105953e-4,662,9438
ESS11e04_2,11,4.2,02.07.2026,81166,FR,1.0021493434906006,1.0290093421936035,3.184376906,3.2767535853395624,3,4,4,1,7,5,4,8,2,74,10,1,1.2184785737190396e-4,654,9466
ESS11e04_2,11,4.2,02.07.2026,81177,FR,0.9926573038101196,0.7583406567573547,3.184376906,2.414842474258993,3,3,1,3,4,99,66,8,1,60,17,8,1.230129855684936e-4,659,9373
ESS11e04_2,11,4.2,02.07.2026,81178,FR,0.9999796152114868,1.7223668098449707,3.184376906,5.484665092931218,0,7,5,3,88,1,66,10,2,20,12,77,1.2211223656777292e-4,642,9602
ESS11e04_2,11,4.2,02.07.2026,81185,FR,1.0019445419311523,1.1509795188903809,3.184376906,3.665152599233519,6,7,4,3,5,6,66,7,999,34,12,9,1.2187275569885968e-4,642,9603
ESS11e04_2,11,4.2,02.07.2026,81213,FR,0.9966332912445068,0.7743290662765503,3.184376906,2.46575559629559,6,6,5,2,5,2,4,7,2,47,17,10,1.225222513312474e-4,658,9385
ESS11e04_2,11,4.2,02.07.2026,81224,FR,1.0084651708602903,1.447428584098816,3.184376906,4.609158156288548,0,6,6,3,2,3,66,8,2,53,11,2,1.2108474766137078e-4,646,9458
ESS11e04_2,11,4.2,02.07.2026,81225,FR,0.9986799359321594,0.6416804790496826,3.184376906,2.043352498516826,4,7,7,2,7,6,5,9,2,44,17,6,1.2227115803398192e-4,653,9563
ESS11e04_2,11,4.2,02.07.2026,81254,FR,0.9955366253852844,0.7383692860603333,3.184376906,2.351246102630233,2,5,5,3,3,3,66,7,2,60,12,4,1.2265720579307526e-4,648,9481
ESS11e04_2,11,4.2,02.07.2026,81263,FR,1.004228115081787,0.6807761192321777,3.184376906,2.167847752239249,0,5,4,4,0,1,66,6,2,55,17,77,1.2159562174929306e-4,649,9298
ESS11e04_2,11,4.2,02.07.2026,81284,FR,0.9966332912445068,0.6397855281829834,3.184376906,2.037318260738904,7,8,6,2,77,1,3,2,1,72,20,1,1.225222513312474e-4,658,9385
ESS11e04_2,11,4.2,02.07.2026,81291,FR,1.0078994035720823,0.8408079743385315,3.184376906,2.67744949586426,3,4,6,2,3,0,2,6,2,22,15,10,1.2115270510548726e-4,662,9271
ESS11e04_2,11,4.2,02.07.2026,81306,FR,1.0052027702331543,0.9361655712127686,3.184376906,2.9811040251622383,8,9,9,3,6,88,77,9,2,64,14,7,1.2147772213211284e-4,660,9414
ESS11e04_2,11,4.2,02.07.2026,81314,FR,0.993347704410553,1.6902841329574585,3.184376906,5.382501757567964,5,8,6,3,3,3,66,8,2,40,12,77,1.2292749306652695e-4,663,9362
ESS11e04_2,11,4.2,02.07.2026,81320,FR,1.003503918647766,1.120358943939209,3.184376906,3.5676451475105657,8,8,4,3,80,4,66,6,1,23,12,4,1.2168336979812012e-4,662,9269
ESS11e04_2,11,4.2,02.07.2026,81341,FR,0.9942724108695984,1.3060882091522217,3.184376906,4.159077130423232,2,2,0,4,0,0,66,9,2,39,11,6,1.228131732204929e-4,659,9428
ESS11e04_2,11,4.2,02.07.2026,81371,FR,1.0040911436080933,0.8388457298278809,3.184376906,2.671200969760619,2,8,5,4,2,0,66,7,1,999,14,9,1.216122109326534e-4,644,9521
ESS11e04_2,11,4.2,02.07.2026,81376,FR,0.9942508339881896,0.731454074382782,3.184376906,2.329225462264137,4,5,4,1,77,4,66,8,1,23,17,7,1.2281582166906446e-4,654,9433
ESS11e04_2,11,4.2,02.07.2026,81394,FR,0.9971387982368468,1.4632084369659424,3.184376906,4.6594071553387035,5,8,7,2,99,7,8,10,2,82,9,7,1.224601292051375e-4,659,9426
ESS11e04_2,11,4.2,02.07.2026,81426,FR,1.0029857158660889,0.9693273901939392,3.184376906,3.086703755686831,4,5,5,4,5,5,66,8,3,999,11,9,1.2174624862382188e-4,652,9463
ESS11e04_2,11,4.2,02.07.2026,81439,FR,0.9953275322914124,1.0055227279663086,3.184376906,3.2019633533940333,5,7,3,3,6,6,5,7,99,38,15,8,1.226829772349447e-4,642,9584
ESS11e04_2,11,4.2,02.07.2026,81485,FR,1.0036118030548096,1.053510308265686,3.184376906,3.3547738958741915,6,5,3,3,7,4,66,8,2,36,15,8,1.2167030217824504e-4,661,9323
ESS11e04_2,11,4.2,02.07.2026,81496,FR,1.007500410079956,1.603642463684082,3.184376906,5.106602026836534,4,5,2,1,77,6,66,8,2,16,12,77,1.212006900459528e-4,661,9312
ESS11e04_2,11,4.2,02.07.2026,81510,FR,0.9914103746414183,0.8871254324913025,3.184376906,2.8249417399505656,3,5,5,2,77,5,5,6,1,84,11,8,1.231677015312016e-4,660,9553
ESS11e04_2,11,4.2,02.07.2026,81511,FR,0.9977903366088868,0.9643056988716124,3.184376906,3.070712797810953,4,6,3,1,2,1,9,7,1,41,13,8,1.2238016643095762e-4,652,9468
ESS11e04_2,11,4.2,02.07.2026,81520,FR,0.997140884399414,1.109445333480835,3.184376906,3.5328920984058394,7,5,3,3,5,5,66,5,1,30,13,88,1.224598818225786e-4,649,9485
ESS11e04_2,11,4.2,02.07.2026,81523,FR,1.0102577209472656,0.7226368188858032,3.184376906,2.3011479974852564,8,9,6,3,8,6,5,10,2,60,18,8,1.2086990318493918e-4,658,9387
ESS11e04_2,11,4.2,02.07.2026,81538,FR,0.993111491203308,0.7949489951133728,3.184376906,2.531417221486931,7,8,6,1,3,3,66,5,1,51,12,2,1.2295672786422074e-4,654,9410
ESS11e04_2,11,4.2,02.07.2026,81545,FR,0.988541841506958,0.7331814765930176,3.184376906,2.334726161969785,5,7,8,2,6,5,66,5,999,62,12,1,1.2352511112112552e-4,648,9475
ESS11e04_2,11,4.2,02.07.2026,81557,FR,0.9994892477989196,0.7146873474121094,3.184376906,2.27583388410952,5,5,4,3,2,88,9,7,1,1980,13,6,1.221721468027681e-4,662,9529
ESS11e04_2,11,4.2,02.07.2026,81596,FR,0.9967845678329468,0.7744466662406921,3.184376906,2.46613007890555,8,9,6,3,6,4,2,8,2,41,17,5,1.225036394316703e-4,657,9570
ESS11e04_2,11,4.2,02.07.2026,81605,FR,0.990227222442627,1.0611801147460938,3.184376906,3.37919745050389,1,2,2,4,6,6,66,5,2,83,10,1,1.233148796018213e-4,645,9518
ESS11e04_2,11,4.2,02.07.2026,81636,FR,1.0016095638275146,0.9815635085105896,3.184376906,3.1256681682734557,8,5,3,4,8,6,66,8,1,75,8,4,1.2191351561341436e-4,643,9443
ESS11e04_2,11,4.2,02.07.2026,81641,FR,0.9893606901168824,1.2420446872711182,3.184376906,3.9551384183661407,7,9,6,2,6,4,2,8,2,19,16,5,1.2342288391664624e-4,649,9299
ESS11e04_2,11,4.2,02.07.2026,81646,FR,0.9990290403366088,0.751179039478302,3.184376906,2.3920371855859672,5,7,7,3,5,2,3,8,1,70,15,7,1.2222843361087143e-4,656,9420
ESS11e04_2,11,4.2,02.07.2026,81675,FR,1.0004289150238037,1.1169275045394895,3.184376906,3.556718151131761,8,8,5,3,7,8,5,9,3,22,16,88,1.2205740495119244e-4,661,9496
ESS11e04_2,11,4.2,02.07.2026,81682,FR,0.9883246421813964,0.637876033782959,3.184376906,2.0312377108693305,3,8,0,2,6,99,88,7,1,63,16,10,1.2355225044302642e-4,652,9461
ESS11e04_2,11,4.2,02.07.2026,81699,FR,0.9876084923744202,0.9028086066246032,3.184376906,2.874882877473425,10,10,8,3,6,6,66,6,1,45,17,9,1.236418611370027e-4,662,9511
ESS11e04_2,11,4.2,02.07.2026,81713,FR,0.9887039065361024,0.6148003935813904,3.184376906,1.95775617512029,5,5,2,2,3,3,9,8,1,59,150,6,1.2350486940704286e-4,653,9564
ESS11e04_2,11,4.2,02.07.2026,81717,FR,1.0065927505493164,0.6302632689476013,3.184376906,2.0069957983368085,5,5,3,3,5,5,66,5,1,61,12,3,1.2130996765336022e-4,643,9450
ESS11e04_2,11,4.2,02.07.2026,81731,FR,1.0106914043426514,0.7496094107627869,3.184376906,2.3870388961532862,0,0,0,4,0,-1,66,5,2,59,11,2,1.2081803288310766e-4,649,9550
ESS11e04_2,11,4.2,02.07.2026,81738,FR,0.9923677444458008,0.7385470271110535,3.184376906,2.3518120971273944,0,4,5,2,0,4,9,5,2,75,12,1,1.23048885143362e-4,662,9446
ESS11e04_2,11,4.2,02.07.2026,81742,FR,0.989917814731598,0.9219313859939576,3.184376906,2.93577701447573,4,5,6,3,5,0,66,8,2,80,12,6,1.2335341307334602e-4,659,9502
ESS11e04_2,11,4.2,02.07.2026,81786,FR,0.9995038509368896,1.8998773097991943,3.184376906,6.049925429557962,7,7,7,1,7,5,66,5,2,63,12,1,1.2217035691719502e-4,663,9363
ESS11e04_2,11,4.2,02.07.2026,81888,FR,1.0007227659225464,1.7236474752426147,3.184376906,5.488743214247789,2,3,8,2,4,4,2,4,2,19,14,5,1.2202155630802736e-4,642,9585
ESS11e04_2,11,4.2,02.07.2026,81896,FR,0.9976764917373656,0.7501627802848816,3.184376906,2.388801033279929,2,7,3,2,2,3,66,7,1,83,8,4,1.2239412171766162e-4,657,9396
ESS11e04_2,11,4.2,02.07.2026,81944,FR,1.00588059425354,0.719257652759552,3.184376906,2.2903874589112845,6,6,2,3,6,4,66,6,1,71,12,4,1.2139586760895328e-4,662,9272
ESS11e04_2,11,4.2,02.07.2026,81989,FR,1.0078994035720823,0.7501057386398315,3.184376906,2.3886193911827514,3,4,4,3,4,2,4,6,2,64,12,10,1.2115270510548726e-4,662,9271
ESS11e04_2,11,4.2,02.07.2026,82018,FR,0.9883246421813964,0.7969605326652527,3.184376906,2.5378227152126893,8,8,5,1,60,99,2,7,1,39,17,8,1.2355225044302642e-4,652,9461
ESS11e04_2,11,4.2,02.07.2026,82032,FR,0.9868563413619996,1.0063296556472778,3.184376906,3.2045329152661237,3,3,3,9,77,3,66,4,2,67,5,1,1.2373608478810638e-4,653,9522
ESS11e04_2,11,4.2,02.07.2026,82063,FR,0.989611029624939,0.794981062412262,3.184376906,2.5315193358529515,2,2,2,Not at all,99,0,66,7,1,59,12,4,1.2339165550656617e-4,647,9536
ESS11e04_2,11,4.2,02.07.2026,82089,FR,0.9925038814544678,1.1887202262878418,3.184376906,3.7853332362860974,3,5,4,2,0,3,10,9,2,51,13,9,1.2303200492169708e-4,663,9555
ESS11e04_2,11,4.2,02.07.2026,82128,FR,0.9914478659629822,0.7353377342224121,3.184376906,2.341592498968214,8,10,1,2,8,8,5,9,2,64,12,8,1.2316305947024375e-4,648,9490
ESS11e04_2,11,4.2,02.07.2026,82131,FR,1.0066765546798706,0.7821324467658997,3.184376906,2.490604500914605,6,9,5,3,7,8,66,7,2,-5,14,6,1.2129988317610696e-4,656,9422
ESS11e04_2,11,4.2,02.07.2026,82201,FR,1.005337476730347,0.8417516350746155,3.184376906,2.680454467319345,5,5,4,3,4,4,2,6,1,26,15,7,1.2146145309088752e-4,648,9488
ESS11e04_2,11,4.2,02.07.2026,82209,FR,1.0048445463180542,0.6503309607505798,3.184376906,2.070898892670938,7,6,5,9,5,5,6,7,2,-5,12,4,1.2152102863183244e-4,653,9565
ESS11e04_2,11,4.2,02.07.2026,82296,FR,0.9983616471290588,1.018647313117981,3.184376906,3.2437569792518492,4,6,3,2,4,88,66,7,1,-5,12,4,1.2231012806296349e-4,644,9572
ESS11e04_2,11,4.2,02.07.2026,82315,FR,0.9876084923744202,0.6718078255653381,3.184376906,2.139289325000339,7,7,7,2,5,7,4,9,2,81,150,8,1.236418611370027e-4,662,9511
ESS11e04_2,11,4.2,02.07.2026,82323,FR,0.9937158823013306,1.0038944482803345,3.184376906,3.1967782971655083,7,3,6,9,1,1,88,7,2,35,15,9,1.2288194557186216e-4,646,9457
ESS11e04_2,11,4.2,02.07.2026,82334,FR,0.9988287091255188,0.6462253332138062,3.184376906,2.057825027158199,5,9,3,3,5,88,3,8,99,50,15,9,1.22252939036116e-4,654,9432
ESS11e04_2,11,4.2,02.07.2026,82358,FR,0.9914103746414183,0.9462800621986388,3.184376906,3.013312376673589,8,8,8,Not at all,6,6,66,10,1,54,17,9,1.231677015312016e-4,660,9553
ESS11e04_2,11,4.2,02.07.2026,82376,FR,0.988541841506958,1.5680817365646362,3.184376906,4.993363268636803,7,8,9,3,5,6,66,10,2,16,11,4,1.2352511112112552e-4,648,9475
ESS11e04_2,11,4.2,02.07.2026,82378,FR,0.993885338306427,1.166815161705017,3.184376906,3.715579254504112,5,7,7,4,3,2,66,8,1,30,12,6,1.2286100536584854e-4,658,9568
ESS11e04_2,11,4.2,02.07.2026,82379,FR,0.9921272993087769,1.4701558351516724,3.184376906,4.681530289678128,3,5,5,4,5,99,77,9,1,39,14,7,1.230787020176649e-4,663,9377
ESS11e04_2,11,4.2,02.07.2026,82397,FR,0.9977354407310486,0.7134333252906799,3.184376906,2.271840605026427,3,2,2,3,4,3,66,8,1,61,13,5,1.2238690396770835e-4,662,9285
ESS11e04_2,11,4.2,02.07.2026,82417,FR,0.9922994375228882,0.5304496884346008,3.184376906,1.689151737646038,7,8,6,3,6,4,9,9,1,57,14,10,1.230573543580249e-4,654,9407
ESS11e04_2,11,4.2,02.07.2026,82424,FR,1.00359308719635,1.030490756034851,3.184376906,3.2814709653638596,2,1,0,3,4,5,66,7,2,59,11,3,1.2167257227702066e-4,654,9465
ESS11e04_2,11,4.2,02.07.2026,82447,FR,0.9913966059684752,0.8758627772331238,3.184376906,2.7890772006461817,6,7,4,2,6,7,8,8,1,26,17,8,1.2316941865719855e-4,658,9384
ESS11e04_2,11,4.2,02.07.2026,82456,FR,0.9869859218597412,0.7958818078041077,3.184376906,2.534387648676931,6,8,7,1,7,7,6,9,1,48,20,77,1.2371984485071152e-4,652,9462
ESS11e04_2,11,4.2,02.07.2026,82462,FR,0.99128919839859,0.8281506299972534,3.184376906,2.6371437408526046,4,6,5,3,7,2,9,8,1,54,12,8,1.2318276276346296e-4,645,9400
ESS11e04_2,11,4.2,02.07.2026,82481,FR,1.007500410079956,0.7204166650772095,3.184376906,2.2940781909694024,5,5,1,2,3,99,3,5,1,76,88,77,1.212006900459528e-4,661,9312
ESS11e04_2,11,4.2,02.07.2026,82498,FR,1.0009958744049072,0.7395974397659302,3.184376906,2.355157006927354,8,8,5,3,7,5,4,9,2,43,18,7,1.2198826880194248e-4,662,9365
ESS11e04_2,11,4.2,02.07.2026,82519,FR,1.0017681121826172,0.7267362475395203,3.184376906,2.3142021234179473,7,10,8,4,5,5,66,8,2,29,16,7,1.2189422704977916e-4,653,9449
ESS11e04_2,11,4.2,02.07.2026,82520,FR,1.000116229057312,1.9010419845581057,3.184376906,6.053634192963239,3,3,7,3,99,0,8,7,2,64,9,4,1.2209556007292122e-4,663,9556
ESS11e04_2,11,4.2,02.07.2026,82525,FR,0.9965491890907288,0.8313393592834473,3.184376906,2.647297856751046,7,9,5,4,5,88,66,6,2,22,17,2,1.2253258319105953e-4,662,9438
ESS11e04_2,11,4.2,02.07.2026,82527,FR,1.0006026029586792,1.468290090560913,3.184376906,4.6755890556908195,0,6,2,8,0,2,66,5,2,63,11,2,1.2203621008666232e-4,660,9369
ESS11e04_2,11,4.2,02.07.2026,82537,FR,1.0028046369552612,0.885940432548523,3.184376906,2.821168253499167,2,2,1,1,6,0,31,8,99,33,15,8,1.2176822201581672e-4,658,9569
ESS11e04_2,11,4.2,02.07.2026,82572,FR,0.9936723709106444,1.516857028007507,3.184376906,4.830244489690902,5,7,2,3,4,0,66,5,1,32,16,5,1.2288732978049666e-4,642,9578
ESS11e04_2,11,4.2,02.07.2026,82573,FR,0.998822033405304,0.9289922118186952,3.184376906,2.9582613451693125,6,2,3,4,0,0,9,7,2,65,77,2,1.222537539433688e-4,642,9538
ESS11e04_2,11,4.2,02.07.2026,82582,FR,0.9898730516433716,1.5870823860168457,3.184376906,5.05386849795142,4,5,2,4,5,4,66,5,99,86,9,77,1.233590010087937e-4,642,9600
ESS11e04_2,11,4.2,02.07.2026,82601,FR,0.994291365146637,0.878419041633606,3.184376906,2.797217309968707,5,7,4,3,5,5,66,9,1,32,17,77,1.2281083036214113e-4,656,9425
ESS11e04_2,11,4.2,02.07.2026,82619,FR,1.0015629529953003,1.333871841430664,3.184376906,4.2475506874155,2,7,8,9,5,3,1,7,2,17,12,88,1.2191920541226864e-4,652,9470
ESS11e04_2,11,4.2,02.07.2026,82687,FR,0.989611029624939,1.3036917448043823,3.184376906,4.15144588469792,1,8,5,4,5,2,66,7,99,89,5,1,1.2339165550656617e-4,647,9536
ESS11e04_2,11,4.2,02.07.2026,82715,FR,0.999993085861206,0.534562885761261,3.184376906,1.7022497082228756,5,8,1,3,0,1,5,9,3,74,17,6,1.221105776494369e-4,654,9434
ESS11e04_2,11,4.2,02.07.2026,82750,FR,0.9981892108917236,0.88662189245224,3.184376906,2.8233382786789285,5,8,2,2,6,5,66,7,1,28,17,8,1.2233125744387507e-4,650,9509
ESS11e04_2,11,4.2,02.07.2026,82773,FR,1.0075217485427856,1.1492040157318115,3.184376906,3.659498727978841,6,7,5,3,7,4,5,8,2,31,150,88,1.21198121632915e-4,642,9542
ESS11e04_2,11,4.2,02.07.2026,82789,FR,1.0172017812728882,1.2183003425598145,3.184376906,3.8795274754193616,1,5,0,2,6,6,8,9,2,35,14,10,1.2004476593574508e-4,666,9266
ESS11e04_2,11,4.2,02.07.2026,82807,FR,0.98800528049469,0.6456468105316162,3.184376906,2.055982792889436,8,5,3,4,5,3,77,8,1,59,-2,2,1.235921954503283e-4,644,9473
ESS11e04_2,11,4.2,02.07.2026,82817,FR,0.9914478659629822,1.572691559791565,3.184376906,5.008042683261377,3,7,6,4,40,5,66,9,2,16,11,88,1.2316305947024375e-4,648,9490
ESS11e04_2,11,4.2,02.07.2026,82827,FR,1.0146218538284302,0.7496653199195862,3.184376906,2.387216931981032,6,9,9,2,4,4,66,7,2,41,17,77,1.2035001418553291e-4,631,9324
ESS11e04_2,11,4.2,02.07.2026,82838,FR,0.990227222442627,1.0611801147460938,3.184376906,3.37919745050389,2,9,9,4,0,99,77,6,2,71,9,3,1.233148796018213e-4,645,9518
ESS11e04_2,11,4.2,02.07.2026,82852,FR,0.992255926132202,1.6606900691986084,3.184376906,5.28826310437959,7,8,5,1,7,4,66,10,1,16,11,8,1.2306275311857462e-4,660,9500
ESS11e04_2,11,4.2,02.07.2026,82887,FR,1.0070327520370483,0.6679526567459106,3.184376906,2.127013014443023,5,6,5,8,4,3,66,8,1,45,13,9,1.2125697685405612e-4,653,9448
ESS11e04_2,11,4.2,02.07.2026,82913,FR,0.9914103746414183,0.9166629314422609,3.184376906,2.919000269470996,7,7,6,2,2,1,4,7,2,53,24,10,1.231677015312016e-4,660,9553
ESS11e04_2,11,4.2,02.07.2026,82939,FR,0.9970020055770874,1.0408045053482056,3.184376906,3.314313830491579,7,5,2,2,7,88,66,7,2,33,14,9,1.2247693666722623e-4,622,9284
ESS11e04_2,11,4.2,02.07.2026,82950,FR,1.009801149368286,0.6488261818885803,3.184376906,2.0661071096141503,7,8,5,1,5,99,4,6,2,51,17,8,1.2092453835066408e-4,653,9455
ESS11e04_2,11,4.2,02.07.2026,82961,FR,1.0016851425170898,0.9156776070594788,3.184376906,2.9158626252615467,8,8,9,1,99,99,7,9,1,-5,13,7,1.219043115270324e-4,661,9497
ESS11e04_2,11,4.2,02.07.2026,82965,FR,0.982022225856781,1.866649866104126,3.184376906,5.9441167252099705,5,7,6,Not at all,6,4,66,9,2,60,11,6,1.2434519885573536e-4,665,9354
ESS11e04_2,11,4.2,02.07.2026,82990,FR,1.009801149368286,0.6488261818885803,3.184376906,2.0661071096141503,7,7,7,Not at all,5,99,66,8,2,43,17,7,1.2092453835066408e-4,653,9455
ESS11e04_2,11,4.2,02.07.2026,83021,FR,1.0116831064224243,0.7960036993026733,3.184376906,2.534775797150001,5,9,5,4,5,2,66,7,999,83,12,6,1.206996021210216e-4,651,9459
ESS11e04_2,11,4.2,02.07.2026,83081,FR,0.9936723709106444,1.7115031480789185,3.184376906,5.450071099288806,5,4,3,2,4,5,66,6,2,26,18,88,1.2288732978049666e-4,642,9578
ESS11e04_2,11,4.2,02.07.2026,83106,FR,1.0051031112670898,0.755746603012085,3.184376906,2.406582029419633,5,8,8,2,2,88,1,9,1,55,11,4,1.2148975656600668e-4,656,9419
ESS11e04_2,11,4.2,02.07.2026,83122,FR,0.990207850933075,1.810762643814087,3.184376906,5.766150745209082,4,5,1,2,3,4,66,7,1,16,11,10,1.233172952197492e-4,642,9573
ESS11e04_2,11,4.2,02.07.2026,83133,FR,0.989611029624939,1.1670557260513306,3.184376906,3.71634530205292,1,5,1,2,5,0,66,7,2,45,9,4,1.2339165550656617e-4,647,9536
ESS11e04_2,11,4.2,02.07.2026,83135,FR,0.997926652431488,0.7348060011863708,3.184376906,2.339899260568088,7,6,5,2,6,6,66,7,2,47,150,6,1.2236344628036022e-4,648,9480
ESS11e04_2,11,4.2,02.07.2026,83174,FR,1.0121499300003052,0.7863848805427551,3.184376906,2.504145852827918,4,7,4,3,5,4,66,9,2,50,16,9,1.2064393376931548e-4,656,9397
ESS11e04_2,11,4.2,02.07.2026,83180,FR,0.9950170516967772,1.0052088499069214,3.184376906,3.2009638473504203,4,6,6,3,6,1,66,9,2,42,14,7,1.227212633239105e-4,642,9590
ESS11e04_2,11,4.2,02.07.2026,83182,FR,1.011772871017456,1.0295594930648804,3.184376906,3.278505473068872,4,4,5,3,6,4,66,5,2,65,13,1,1.2068889191141352e-4,642,9577
ESS11e04_2,11,4.2,02.07.2026,83255,FR,1.0116831064224243,0.7960036993026733,3.184376906,2.534775797150001,6,9,7,3,8,8,66,9,2,84,8,2,1.206996021210216e-4,651,9459
ESS11e04_2,11,4.2,02.07.2026,83265,FR,0.98800528049469,1.0080804824829102,3.184376906,3.2101082078079166,5,5,3,1,4,2,66,8,1,-5,13,2,1.235921954503283e-4,644,9473
ESS11e04_2,11,4.2,02.07.2026,83279,FR,1.0119712352752686,1.2119979858398438,3.184376906,3.859458396226913,5,8,10,Not at all,4,5,66,9,1,78,5,5,1.2066524504916742e-4,662,9402
ESS11e04_2,11,4.2,02.07.2026,83280,FR,0.9937255382537842,1.1612732410430908,3.184376906,3.6979316903333896,2,3,2,3,5,3,9,6,2,75,9,77,1.2288075231481344e-4,648,9474
ESS11e04_2,11,4.2,02.07.2026,83297,FR,0.9901106953620912,0.8859626650810242,3.184376906,2.8212390502622258,4,5,5,1,7,99,9,8,1,70,10,5,1.23329387861304e-4,660,9501
ESS11e04_2,11,4.2,02.07.2026,83312,FR,1.0043915510177612,0.8549820184707642,3.184376906,2.7225849946635665,7,8,2,4,2,3,66,8,2,56,15,8,1.215758384205401e-4,660,9552
ESS11e04_2,11,4.2,02.07.2026,83321,FR,0.993111491203308,1.095467448234558,3.184376906,3.488381243432877,4,5,6,3,3,3,66,5,2,20,88,88,1.2295672786422074e-4,654,9410
ESS11e04_2,11,4.2,02.07.2026,83327,FR,0.9923677444458008,0.6058205962181091,3.184376906,1.9291611157760975,6,8,7,1,60,7,2,9,1,61,20,10,1.23048885143362e-4,662,9446
ESS11e04_2,11,4.2,02.07.2026,83341,FR,1.0078994035720823,0.7446978688240051,3.184376906,2.371398695430579,7,6,4,2,3,4,66,10,2,38,17,10,1.2115270510548726e-4,662,9271
ESS11e04_2,11,4.2,02.07.2026,83391,FR,1.00359308719635,0.5977895855903625,3.184376906,1.9035873510012609,5,8,5,3,5,2,66,5,2,-5,17,4,1.2167257227702066e-4,654,9465
ESS11e04_2,11,4.2,02.07.2026,83397,FR,1.0075217485427856,0.937082827091217,3.184376906,2.9840249135984624,5,7,7,3,5,4,77,8,2,61,16,7,1.21198121632915e-4,642,9542
ESS11e04_2,11,4.2,02.07.2026,83399,FR,1.0016095638275146,0.9610401391983032,3.184376906,3.060314025002102,5,8,5,3,4,6,66,8,2,75,9,7,1.2191351561341436e-4,643,9443
ESS11e04_2,11,4.2,02.07.2026,83423,FR,1.0117672681808472,1.2543026208877563,3.184376906,3.994172299090245,3,5,5,4,2,88,66,5,2,67,88,77,1.2068956129951404e-4,651,9371
ESS11e04_2,11,4.2,02.07.2026,83425,FR,0.9919158816337584,0.7356841564178467,3.184376906,2.3426956378070827,5,5,8,4,7,6,88,8,2,90,12,6,1.2310495367273688e-4,649,9549
ESS11e04_2,11,4.2,02.07.2026,83495,FR,1.0066200494766235,1.6483999490737915,3.184376906,5.249126729682158,7,7,7,8,88,88,88,10,999,55,10,77,1.2130669347243384e-4,642,9547
ESS11e04_2,11,4.2,02.07.2026,83543,FR,0.9967845678329468,0.8743968605995178,3.184376906,2.7844091695720055,4,7,7,9,2,1,88,8,2,24,17,88,1.225036394316703e-4,657,9570
ESS11e04_2,11,4.2,02.07.2026,83575,FR,0.9875574111938475,0.729668140411377,3.184376906,2.323538375369954,7,8,7,8,8,5,66,8,2,37,20,9,1.2364824942778796e-4,630,9321
ESS11e04_2,11,4.2,02.07.2026,83596,FR,1.0080525875091553,0.985563099384308,3.184376906,3.1384043730851725,3,6,2,2,5,2,10,7,1,58,14,4,1.2113428965676576e-4,642,9583
ESS11e04_2,11,4.2,02.07.2026,83620,FR,0.996062397956848,1.3565391302108765,3.184376906,4.319731878328842,3,8,7,3,5,5,66,8,1,20,150,88,1.2259246432222426e-4,663,9562
ESS11e04_2,11,4.2,02.07.2026,83625,FR,1.0111021995544434,2.048133850097656,3.184376906,6.522030132647842,2,5,3,3,2,2,66,9,1,40,10,7,1.2076894199708477e-4,647,9533
ESS11e04_2,11,4.2,02.07.2026,83663,FR,1.0017681121826172,0.5925942063331604,3.184376906,1.8870433052767148,5,5,5,8,8,5,3,7,2,68,17,3,1.2189422704977916e-4,653,9449
ESS11e04_2,11,4.2,02.07.2026,83673,FR,0.9876084923744202,0.6029150485992432,3.184376906,1.9199087570392976,8,1,8,1,8,5,5,9,1,64,20,10,1.236418611370027e-4,662,9511
ESS11e04_2,11,4.2,02.07.2026,83676,FR,0.9988287091255188,1.0255995988845823,3.184376906,3.265895677490928,8,8,7,3,6,6,66,8,2,-5,9,2,1.22252939036116e-4,654,9432
ESS11e04_2,11,4.2,02.07.2026,83693,FR,1.0017681121826172,1.0974096059799194,3.184376906,3.494565805705015,4,8,6,3,3,4,88,8,99,18,12,3,1.2189422704977916e-4,653,9449
ESS11e04_2,11,4.2,02.07.2026,83721,FR,0.9917095899581908,1.1005829572677612,3.184376906,3.5046709522606436,1,1,1,4,2,3,66,8,2,52,150,4,1.2313055049162358e-4,652,9464
ESS11e04_2,11,4.2,02.07.2026,83726,FR,0.9892414808273317,0.7741681933403015,3.184376906,2.465243316232599,5,5,3,3,5,6,9,9,2,55,10,5,1.2343775597400963e-4,656,9421
ESS11e04_2,11,4.2,02.07.2026,83733,FR,0.99128919839859,1.2116295099258425,3.184376906,3.8582850300359497,4,6,5,3,7,3,66,8,1,17,11,88,1.2318276276346296e-4,645,9400
ESS11e04_2,11,4.2,02.07.2026,83788,FR,1.0121499300003052,0.7610446810722351,3.184376906,2.4234531068405607,1,4,5,3,0,1,66,3,1,62,88,5,1.2064393376931548e-4,656,9397
ESS11e04_2,11,4.2,02.07.2026,83796,FR,1.0107375383377075,0.5979001522064209,3.184376906,1.9039394367800115,7,5,7,1,4,2,66,7,2,61,15,10,1.2081251770723612e-4,653,9447
ESS11e04_2,11,4.2,02.07.2026,83828,FR,0.9965704083442688,1.52128267288208,3.184376906,4.844337411023648,7,7,1,3,8,7,3,9,1,33,14,5,1.2252997839823365e-4,642,9582
ESS11e04_2,11,4.2,02.07.2026,83833,FR,0.9904276132583618,1.0339428186416626,3.184376906,3.2924636338070563,4,6,5,3,7,3,66,9,2,18,16,9,1.2328992306720463e-4,660,9375
ESS11e04_2,11,4.2,02.07.2026,83835,FR,1.0011866092681885,0.9675878882408142,3.184376906,3.0811645258393576,2,2,1,4,1,0,9,3,1,999,15,3,1.2196501484140754e-4,652,9471
ESS11e04_2,11,4.2,02.07.2026,83892,FR,1.0070327520370483,0.7305556535720825,3.184376906,2.326364551782676,6,8,5,1,7,3,4,9,2,28,14,9,1.2125697685405612e-4,653,9448
ESS11e04_2,11,4.2,02.07.2026,83929,FR,1.010384440422058,1.2059561014175415,3.184376906,3.840218759003813,5,8,8,3,4,5,66,5,1,68,1,2,1.208547328133136e-4,648,9477
ESS11e04_2,11,4.2,02.07.2026,83950,FR,0.9970020055770874,2.249567985534668,3.184376906,7.163472341613538,0,2,4,3,0,88,66,5,1,37,9,1,1.2247693666722623e-4,622,9357
ESS11e04_2,11,4.2,02.07.2026,83990,FR,1.0011167526245115,0.6268347501754761,3.184376906,1.9960781023370653,5,8,6,4,5,5,2,9,1,71,12,5,1.2197353498777376e-4,654,9409
ESS11e04_2,11,4.2,02.07.2026,84046,FR,1.009801149368286,0.66978919506073,3.184376906,2.1328612446397175,6,5,2,1,5,2,4,7,1,52,14,8,1.2092453835066408e-4,653,9455
ESS11e04_2,11,4.2,02.07.2026,84048,FR,1.0081826448440552,1.203327775001526,3.184376906,3.831849177063223,5,8,5,2,5,5,77,6,1,90,5,2,1.2111867545172572e-4,648,9493
ESS11e04_2,11,4.2,02.07.2026,84120,FR,1.003964900970459,1.3298949003219604,3.184376906,4.234886607992422,5,6,6,3,4,3,66,8,2,32,12,7,1.216274977196008e-4,656,9441
ESS11e04_2,11,4.2,02.07.2026,84121,FR,0.9937158823013306,1.03632915019989,3.184376906,3.3000626129111352,8,10,4,2,7,7,5,8,1,46,17,9,1.2288194557186216e-4,646,9457
ESS11e04_2,11,4.2,02.07.2026,84128,FR,0.9964633584022522,0.7840278744697571,3.184376906,2.4966402571217614,6,9,5,2,5,6,8,8,2,89,12,4,1.225431333296001e-4,650,9505
ESS11e04_2,11,4.2,02.07.2026,84169,FR,0.99128919839859,0.6909882426261902,3.184376906,2.200367002136365,2,7,4,4,3,3,66,9,1,37,14,8,1.2318276276346296e-4,645,9400
ESS11e04_2,11,4.2,02.07.2026,84180,FR,1.0057075023651123,1.2467905282974243,3.184376906,3.9702509649298574,3,5,3,4,4,4,66,5,2,86,0,77,1.214167568832636e-4,652,9472
ESS11e04_2,11,4.2,02.07.2026,84231,FR,0.9916536211967468,1.226074457168579,3.184376906,3.904283186444109,4,5,5,2,7,5,8,7,3,40,19,10,1.231374917551875e-4,663,9379
ESS11e04_2,11,4.2,02.07.2026,84254,FR,0.9988287091255188,0.5339398384094238,3.184376906,1.700265690624341,1,5,5,1,80,88,5,8,1,55,14,10,1.22252939036116e-4,654,9432
ESS11e04_2,11,4.2,02.07.2026,84259,FR,0.9971608519554138,1.0399233102798462,3.184376906,3.3115077732662144,6,7,3,2,77,99,66,10,1,54,16,7,1.22457422548905e-4,642,9540
ESS11e04_2,11,4.2,02.07.2026,84307,FR,0.9967845678329468,1.3203834295272827,3.184376906,4.204598500051757,0,0,5,4,5,3,66,7,2,32,11,2,1.225036394316703e-4,657,9570
ESS11e04_2,11,4.2,02.07.2026,84359,FR,0.992255926132202,0.9174451231956482,3.184376906,2.9214910628265467,5,7,5,2,5,4,3,6,2,42,16,6,1.2306275311857462e-4,660,9500
ESS11e04_2,11,4.2,02.07.2026,84363,FR,1.0043915510177612,0.8549820184707642,3.184376906,2.7225849946635665,1,3,3,2,5,4,4,6,2,59,14,7,1.215758384205401e-4,660,9552
ESS11e04_2,11,4.2,02.07.2026,84385,FR,0.9988287091255188,0.799525260925293,3.184376906,2.545989776654127,5,8,3,4,99,2,66,8,1,48,15,8,1.22252939036116e-4,654,9432
ESS11e04_2,11,4.2,02.07.2026,84389,FR,1.0091317892074585,1.261311650276184,3.184376906,4.016491690408229,5,7,5,2,4,4,10,9,1,54,17,7,1.2100476305931808e-4,642,9594
ESS11e04_2,11,4.2,02.07.2026,84502,FR,1.0046160221099854,1.339005947113037,3.184376906,4.263899614983412,2,5,0,Not at all,3,3,66,7,1,17,12,9,1.2154866999480872e-4,649,9551
ESS11e04_2,11,4.2,02.07.2026,84512,FR,1.0100054740905762,1.0533183813095093,3.184376906,3.354162728107303,3,3,3,1,3,4,9,8,1,36,17,10,1.209000838571228e-4,642,9591
ESS11e04_2,11,4.2,02.07.2026,84543,FR,1.0117672681808472,2.5783181190490723,3.184376906,8.210336674621225,4,7,5,4,0,0,66,5,2,53,9,2,1.2068956129951404e-4,651,9371
ESS11e04_2,11,4.2,02.07.2026,84609,FR,1.0019608736038208,1.146186351776123,3.184376906,3.649889348568278,5,6,5,2,3,7,66,8,1,39,11,4,1.2187076936243102e-4,659,9412
ESS11e04_2,11,4.2,02.07.2026,84716,FR,0.993111491203308,0.7306159138679504,3.184376906,2.326556443277186,5,7,4,3,5,3,66,7,1,27,14,7,1.2295672786422074e-4,654,9410
ESS11e04_2,11,4.2,02.07.2026,84773,FR,0.9965491890907288,0.9109816551208496,3.184376906,2.90090894435649,8,5,3,2,0,2,66,0,1,53,12,1,1.2253258319105953e-4,662,9438
ESS11e04_2,11,4.2,02.07.2026,84775,FR,1.0079360008239746,0.890473484992981,3.184376906,2.835603201016986,8,6,8,3,6,6,66,8,1,24,17,6,1.211483177030459e-4,658,9567
ESS11e04_2,11,4.2,02.07.2026,84777,FR,1.0017061233520508,0.731864869594574,3.184376906,2.330533589049663,7,7,5,3,5,5,66,9,1,30,17,8,1.2190175766590984e-4,625,9297
ESS11e04_2,11,4.2,02.07.2026,84781,FR,0.992700219154358,0.7712732553482056,3.184376906,2.4560247425462665,0,10,0,2,0,7,66,10,2,49,17,10,1.2300767411943525e-4,658,9566
ESS11e04_2,11,4.2,02.07.2026,84788,FR,0.990227222442627,0.6686449646949768,3.184376906,2.1292175838878693,5,2,2,Not at all,4,3,9,6,2,43,16,7,1.233148796018213e-4,645,9518
ESS11e04_2,11,4.2,02.07.2026,84805,FR,1.010847806930542,0.6540014147758484,3.184376906,2.082587001703539,4,6,5,Not at all,6,4,66,7,2,43,17,77,1.2079934822395444e-4,642,9546
ESS11e04_2,11,4.2,02.07.2026,84824,FR,0.9868563413619996,0.7210158109664917,3.184376906,2.2959860973025576,5,6,6,4,77,4,66,8,1,33,14,7,1.2373608478810638e-4,653,9522
ESS11e04_2,11,4.2,02.07.2026,84830,FR,1.0069727897644043,0.8405289649963379,3.184376906,2.6765610249584206,3,5,2,1,6,88,66,8,1,70,18,5,1.212641946040094e-4,642,9587
ESS11e04_2,11,4.2,02.07.2026,84840,FR,1.0030673742294312,0.6473900675773621,3.184376906,2.061533980367131,5,8,7,8,8,88,4,8,1,73,17,6,1.2173633149359377e-4,652,9469
ESS11e04_2,11,4.2,02.07.2026,84845,FR,1.0121499300003052,1.2480413913726809,3.184376906,3.974234184419272,2,5,5,3,2,1,66,9,2,69,9,6,1.2064393376931548e-4,656,9397
ESS11e04_2,11,4.2,02.07.2026,84854,FR,1.0100054740905762,1.6539456844329834,3.184376906,5.266786441286755,3,3,5,4,40,2,2,5,1,58,8,7,1.209000838571228e-4,642,9591
ESS11e04_2,11,4.2,02.07.2026,84873,FR,0.9981385469436646,0.6666433215141296,3.184376906,2.122843597568727,7,7,5,3,8,5,8,7,1,51,16,6,1.223374711116776e-4,654,9467
ESS11e04_2,11,4.2,02.07.2026,84993,FR,0.9917095899581908,0.7802883982658386,3.184376906,2.4847323554574667,5,7,2,9,5,5,5,8,2,66,88,5,1.2313055049162358e-4,652,9464
ESS11e04_2,11,4.2,02.07.2026,84997,FR,0.9791849851608276,1.0211751461029053,3.184376906,3.251806552231267,8,8,5,2,9,6,77,7,1,46,17,8,1.247054897248745e-4,638,9340
ESS11e04_2,11,4.2,02.07.2026,85003,FR,1.0096471309661863,0.7713198661804199,3.184376906,2.456173169003939,9,8,5,1,8,-1,66,9,1,58,17,9,1.2094299017917363e-4,660,9374
ESS11e04_2,11,4.2,02.07.2026,85033,FR,1.0083423852920532,0.8471665978431702,3.184376906,2.6976977497063803,5,6,4,2,3,4,66,7,1,25,14,10,1.210994814755395e-4,662,9531
ESS11e04_2,11,4.2,02.07.2026,85071,FR,1.0186253786087036,0.6218502521514893,3.184376906,1.980205581941479,5,4,3,2,99,5,4,8,1,59,15,2,1.1987698235316202e-4,634,9358
ESS11e04_2,11,4.2,02.07.2026,85079,FR,1.0094072818756104,0.6146921515464783,3.184376906,1.9574114916840577,5,5,2,2,6,6,5,8,2,76,12,4,1.2097173748770727e-4,643,9436
ESS11e04_2,11,4.2,02.07.2026,85104,FR,0.9988287091255188,0.6254022121429443,3.184376906,1.9915163613093043,5,7,6,1,0,5,66,6,1,88,9,5,1.22252939036116e-4,654,9432
ESS11e04_2,11,4.2,02.07.2026,85127,FR,1.0016095638275146,0.9815635085105896,3.184376906,3.1256681682734557,2,3,1,3,4,4,66,7,1,82,9,77,1.2191351561341436e-4,643,9443
ESS11e04_2,11,4.2,02.07.2026,85128,FR,1.0011866092681885,0.7820637822151184,3.184376906,2.4903858471048363,7,7,4,3,5,6,66,7,2,36,15,5,1.2196501484140754e-4,652,9471
ESS11e04_2,11,4.2,02.07.2026,85160,FR,1.003796100616455,0.7979695200920105,3.184376906,2.541035711472901,8,8,7,4,99,3,9,6,1,41,-2,2,1.2164795771241188e-4,653,9456
ESS11e04_2,11,4.2,02.07.2026,85177,FR,0.99697083234787,1.046540379524231,3.184376906,3.3325790157534363,4,7,6,2,5,88,88,8,2,44,13,5,1.2248076382093132e-4,662,9512
ESS11e04_2,11,4.2,02.07.2026,85207,FR,1.0091465711593628,0.6529005169868469,3.184376906,2.079081328208376,4,6,5,8,99,5,66,7,2,49,17,8,1.210029877256602e-4,654,9431
ESS11e04_2,11,4.2,02.07.2026,85235,FR,1.0043740272521973,1.7090466022491455,3.184376906,5.4422485314799465,5,5,5,4,5,5,66,8,2,35,15,5,1.2157796300016344e-4,663,9558
ESS11e04_2,11,4.2,02.07.2026,85236,FR,0.9938450455665588,0.7318007946014404,3.184376906,2.3303295501212764,0,5,6,3,3,2,77,5,2,35,15,3,1.2286598212085664e-4,648,9476
ESS11e04_2,11,4.2,02.07.2026,85240,FR,0.9983616471290588,0.7611413598060608,3.184376906,2.4237609683678563,3,6,5,3,0,0,66,5,2,32,150,9,1.2231012806296349e-4,644,9572
ESS11e04_2,11,4.2,02.07.2026,85302,FR,1.004451036453247,1.914710521697998,3.184376906,6.097159966970317,0,0,10,1,10,2,66,10,1,41,6,1,1.2156864249845968e-4,651,9370
ESS11e04_2,11,4.2,02.07.2026,85303,FR,1.012199640274048,0.9414342641830444,3.184376906,2.9978815293815892,5,6,3,1,7,99,5,5,2,63,14,10,1.2063800386385992e-4,642,9595
ESS11e04_2,11,4.2,02.07.2026,85313,FR,1.0121078491210938,1.1626551151275637,3.184376906,3.702332098254984,7,7,7,2,4,3,66,7,1,25,17,4,1.2064893235219644e-4,642,9541
ESS11e04_2,11,4.2,02.07.2026,85333,FR,1.0023843050003052,1.0538736581802368,3.184376906,3.355930938950884,3,5,3,2,4,3,88,6,1,28,150,7,1.2181929923826829e-4,660,9554
ESS11e04_2,11,4.2,02.07.2026,85351,FR,0.996065080165863,1.105417013168335,3.184376906,3.5200644082327437,2,2,3,4,6,6,66,7,2,51,10,1,1.2259214418008924e-4,650,9510
ESS11e04_2,11,4.2,02.07.2026,85360,FR,1.0070327520370483,1.1712381839752195,3.184376906,3.7296638244760687,3,5,3,4,5,7,66,9,1,17,11,8,1.2125697685405612e-4,653,9448
ESS11e04_2,11,4.2,02.07.2026,85362,FR,0.9977903366088868,0.9643056988716124,3.184376906,3.070712797810953,1,4,3,3,5,1,66,9,1,51,15,9,1.2238016643095762e-4,652,9468
ESS11e04_2,11,4.2,02.07.2026,85390,FR,0.99416184425354,0.7957896590232849,3.184376906,2.534094212227363,4,8,3,8,0,4,9,8,1,49,12,4,1.228268229169771e-4,654,9395
ESS11e04_2,11,4.2,02.07.2026,85422,FR,0.9917095899581908,0.7131971716880798,3.184376906,2.2710886029480384,4,5,8,3,5,99,8,7,2,64,14,6,1.2313055049162358e-4,652,9464
ESS11e04_2,11,4.2,02.07.2026,85423,FR,1.0094072818756104,0.6146921515464783,3.184376906,1.9574114916840577,5,5,5,3,6,5,66,7,2,58,12,4,1.2097173748770727e-4,643,9436
ESS11e04_2,11,4.2,02.07.2026,85445,FR,0.9970020055770874,1.0482149124145508,3.184376906,3.337911359617708,9,9,5,2,6,4,66,7,1,34,20,10,1.2247693666722623e-4,622,9282
ESS11e04_2,11,4.2,02.07.2026,85518,FR,1.013024926185608,0.971991777420044,3.184376906,3.09518816883828,3,6,4,4,0,0,66,9,2,-5,8,4,1.2053972022840752e-4,643,9435
ESS11e04_2,11,4.2,02.07.2026,85522,FR,1.0060895681381226,0.6820381283760071,3.184376906,2.17186646501202,7,7,4,1,4,4,66,8,2,68,-2,5,1.213706418639049e-4,648,9478
ESS11e04_2,11,4.2,02.07.2026,85553,FR,1.005473017692566,1.1867879629135132,3.184376906,3.779180181420576,0,0,5,3,3,99,2,8,1,27,12,4,1.21445074910298e-4,650,9507
ESS11e04_2,11,4.2,02.07.2026,85583,FR,0.9981385469436646,0.6249698996543884,3.184376906,1.9901397154045717,7,6,1,4,0,5,66,9,1,56,12,2,1.223374711116776e-4,654,9467
ESS11e04_2,11,4.2,02.07.2026,85585,FR,1.012199640274048,1.1627602577209473,3.184376906,3.702666911901193,9,9,8,1,7,2,4,10,1,27,19,9,1.2063800386385992e-4,642,9595
ESS11e04_2,11,4.2,02.07.2026,85631,FR,1.0082485675811768,1.168666958808899,3.184376906,3.721476074436311,6,2,3,8,0,5,66,7,1,77,12,4,1.211107664857991e-4,663,9378
ESS11e04_2,11,4.2,02.07.2026,85636,FR,1.0011390447616575,1.500450849533081,3.184376906,4.778001033841224,4,6,4,1,4,2,5,8,3,74,9,3,1.2197081377962604e-4,660,9415
ESS11e04_2,11,4.2,02.07.2026,85642,FR,1.0015689134597778,1.1954339742660522,3.184376906,3.806712340300615,3,7,3,2,4,2,66,8,1,56,9,77,1.2191847781650722e-4,648,9491
ESS11e04_2,11,4.2,02.07.2026,85663,FR,0.9944478869438172,0.7597088813781738,3.184376906,2.41919941714375,7,10,8,2,2,5,66,9,1,60,17,10,1.2279150541871786e-4,660,9416
ESS11e04_2,11,4.2,02.07.2026,85666,FR,1.0096471309661863,1.4815616607666016,3.184376906,4.717850737360172,1,5,2,4,2,0,66,7,2,69,12,6,1.2094299017917363e-4,660,9374
ESS11e04_2,11,4.2,02.07.2026,85672,FR,0.9914074540138244,1.00883686542511,3.184376906,3.2125168161811497,6,5,5,2,7,4,66,8,2,70,13,7,1.231680653290823e-4,642,9575
ESS11e04_2,11,4.2,02.07.2026,85686,FR,1.003796100616455,0.6449684500694275,3.184376906,2.053822637499699,8,8,8,3,8,8,4,10,2,46,17,8,1.2164795771241188e-4,653,9456
ESS11e04_2,11,4.2,02.07.2026,85692,FR,1.0383371114730835,0.7727594971656799,3.184376906,2.4607574966665635,5,6,5,3,3,3,66,8,2,67,12,88,1.176012447103858e-4,627,9315
ESS11e04_2,11,4.2,02.07.2026,85702,FR,1.0081826448440552,1.203327775001526,3.184376906,3.831849177063223,7,7,7,1,0,5,66,8,1,69,6,4,1.2111867545172572e-4,648,9493
ESS11e04_2,11,4.2,02.07.2026,85703,FR,0.9938450455665588,1.1057791709899902,3.184376906,3.5212176552363497,0,5,0,4,6,5,66,10,1,25,14,4,1.2286598212085664e-4,648,9476
ESS11e04_2,11,4.2,02.07.2026,85726,FR,0.9919002056121826,0.9630228877067566,3.184376906,3.0666278435628267,4,5,7,3,5,5,66,9,1,1980,12,10,1.2310688907746226e-4,653,9453
ESS11e04_2,11,4.2,02.07.2026,85727,FR,0.9887039065361024,0.6352713108062744,3.184376906,2.0229432911758485,5,7,3,Not at all,5,99,66,10,2,38,77,7,1.2350486940704286e-4,653,9564
ESS11e04_2,11,4.2,02.07.2026,85728,FR,0.9905755519866944,1.3012311458587646,3.184376906,4.1436104102405675,2,5,9,4,0,0,66,8,2,44,13,77,1.2327151489444077e-4,659,9372
ESS11e04_2,11,4.2,02.07.2026,85740,FR,1.0107375383377075,0.6494284868240356,3.184376906,2.068025075540984,9,8,6,1,10,7,7,8,2,53,17,7,1.2081251770723612e-4,653,9447
ESS11e04_2,11,4.2,02.07.2026,85772,FR,0.994799554347992,0.7325029373168945,3.184376906,2.3325654371690843,4,7,5,4,88,7,66,7,2,37,15,9,1.2274809705559164e-4,648,9489
ESS11e04_2,11,4.2,02.07.2026,85805,FR,1.0125740766525269,1.3624323606491089,3.184376906,4.338498145238085,3,7,2,4,20,3,66,7,3,59,8,4,1.2059339496772736e-4,646,9383
ESS11e04_2,11,4.2,02.07.2026,85815,FR,1.0106914043426514,0.8402518630027771,3.184376906,2.675678627769519,5,8,7,3,5,4,66,10,2,25,18,7,1.2081803288310766e-4,649,9550
ESS11e04_2,11,4.2,02.07.2026,85862,FR,1.00359308719635,0.6283852458000183,3.184376906,2.0010154647967116,5,8,7,2,77,5,66,8,1,-5,11,10,1.2167257227702066e-4,654,9465
ESS11e04_2,11,4.2,02.07.2026,85896,FR,0.993557333946228,0.7207798957824707,3.184376906,2.295234854438786,2,5,3,4,0,2,77,9,2,30,16,8,1.2290156155359e-4,653,9525
ESS11e04_2,11,4.2,02.07.2026,85921,FR,0.9977354407310486,1.0473419427871704,3.184376906,3.3351314952966384,5,5,6,4,4,0,66,10,2,46,12,77,1.2238690396770835e-4,662,9285
ESS11e04_2,11,4.2,02.07.2026,85927,FR,0.9976147413253784,1.0151525735855105,3.184376906,3.2326284113921644,3,8,5,1,3,5,66,8,2,64,150,7,1.224017032654956e-4,635,9333
ESS11e04_2,11,4.2,02.07.2026,85932,FR,1.0102531909942627,1.1523197889328003,3.184376906,3.669420524204403,7,7,5,8,5,5,31,9,2,29,77,6,1.2087044160580264e-4,642,9596
ESS11e04_2,11,4.2,02.07.2026,85969,FR,1.0089750289916992,0.8436071872711182,3.184376906,2.6863632448817656,2,5,5,3,1,3,9,4,2,74,8,3,1.2102354958187787e-4,646,9487
ESS11e04_2,11,4.2,02.07.2026,85970,FR,1.0037598609924316,0.9144325852394104,3.184376906,2.911898006530255,3,10,5,2,3,1,66,7,99,39,14,7,1.2165234511485325e-4,649,9483
ESS11e04_2,11,4.2,02.07.2026,85979,FR,0.989611029624939,0.7562732696533203,3.184376906,2.4082591345091435,5,3,7,2,2,4,6,8,2,76,15,8,1.2339165550656617e-4,647,9536
ESS11e04_2,11,4.2,02.07.2026,85996,FR,1.0084651708602903,1.447428584098816,3.184376906,4.609158156288548,4,5,3,3,3,3,66,8,2,38,11,7,1.2108474766137078e-4,646,9458
ESS11e04_2,11,4.2,02.07.2026,86016,FR,0.9923677444458008,0.7095960378646851,3.184376906,2.2596212355654046,10,6,10,4,10,9,66,10,1,74,88,2,1.23048885143362e-4,662,9446
ESS11e04_2,11,4.2,02.07.2026,86017,FR,1.0030673742294312,1.1839494705200195,3.184376906,3.770141351794878,5,4,6,3,7,7,66,7,1,19,12,6,1.2173633149359377e-4,652,9469
ESS11e04_2,11,4.2,02.07.2026,86023,FR,1.0043915510177612,0.8987417817115784,3.184376906,2.8619325741396433,5,7,8,2,7,7,66,7,1,84,8,2,1.215758384205401e-4,660,9552
ESS11e04_2,11,4.2,02.07.2026,86028,FR,1.0008659362792969,1.1174142360687256,3.184376906,3.558268087772882,2,7,4,9,3,3,77,0,1,33,10,1,1.2200409400975332e-4,662,9444
ESS11e04_2,11,4.2,02.07.2026,86059,FR,1.0107375383377075,0.6704105734825134,3.184376906,2.134839947735931,77,8,5,2,5,3,4,9,1,45,17,9,1.2081251770723612e-4,653,9447
ESS11e04_2,11,4.2,02.07.2026,86066,FR,0.9977903366088868,1.1777218580245972,3.184376906,3.750310286384938,7,7,6,2,7,6,66,7,1,19,13,8,1.2238016643095762e-4,652,9468
ESS11e04_2,11,4.2,02.07.2026,86068,FR,1.0017054080963137,1.7253401279449463,3.184376906,5.494133258422972,3,5,4,3,7,6,66,9,2,18,12,88,1.219018449774012e-4,642,9599
ESS11e04_2,11,4.2,02.07.2026,86098,FR,1.003964900970459,1.1082030534744265,3.184376906,3.528936210642646,6,7,0,2,6,5,77,9,2,54,12,8,1.216274977196008e-4,656,9441
ESS11e04_2,11,4.2,02.07.2026,86100,FR,1.0121078491210938,1.6227328777313232,3.184376906,5.1673931004545475,5,5,5,2,3,2,88,8,2,63,12,3,1.2064893235219644e-4,642,9541
ESS11e04_2,11,4.2,02.07.2026,86134,FR,1.0078994035720823,0.7207012176513672,3.184376906,2.294984313615093,1,2,0,3,6,5,5,8,1,76,5,77,1.2115270510548726e-4,662,9271
ESS11e04_2,11,4.2,02.07.2026,86138,FR,0.9977903366088868,1.1777218580245972,3.184376906,3.750310286384938,7,3,4,3,5,5,66,10,1,18,12,7,1.2238016643095762e-4,652,9468
ESS11e04_2,11,4.2,02.07.2026,86158,FR,0.9953275322914124,1.0055227279663086,3.184376906,3.2019633533940333,7,8,5,2,3,5,77,8,2,52,17,3,1.226829772349447e-4,642,9584
ESS11e04_2,11,4.2,02.07.2026,86221,FR,0.9977903366088868,0.7542961835861206,3.184376906,2.4019633472955784,5,8,5,2,5,5,66,7,1,69,8,5,1.2238016643095762e-4,652,9468
ESS11e04_2,11,4.2,02.07.2026,86231,FR,1.0079360008239746,0.7831106781959534,3.184376906,2.4937195584891914,0,1,0,3,99,3,66,10,2,44,17,9,1.211483177030459e-4,658,9567
ESS11e04_2,11,4.2,02.07.2026,86234,FR,1.0106914043426514,0.7202239036560059,3.184376906,2.293464365951354,6,8,1,2,30,3,8,7,1,999,11,8,1.2081803288310766e-4,649,9550
ESS11e04_2,11,4.2,02.07.2026,86235,FR,1.0040911436080933,0.6999120712280273,3.184376906,2.2287838358491574,6,8,8,2,3,1,66,8,1,45,17,9,1.216122109326534e-4,644,9521
ESS11e04_2,11,4.2,02.07.2026,86237,FR,0.996854603290558,1.1370370388031006,3.184376906,3.620754487631219,5,3,1,2,2,1,66,5,2,28,17,9,1.2249503924977034e-4,642,9537
ESS11e04_2,11,4.2,02.07.2026,86238,FR,1.0016095638275146,0.9610401391983032,3.184376906,3.060314025002102,2,9,6,1,0,5,9,5,2,83,11,5,1.2191351561341436e-4,643,9443
ESS11e04_2,11,4.2,02.07.2026,86244,FR,1.0016095638275146,0.5003290772438049,3.184376906,1.5932363589754623,7,8,4,2,7,6,66,8,1,55,18,10,1.2191351561341436e-4,643,9443
ESS11e04_2,11,4.2,02.07.2026,86249,FR,1.0072211027145386,0.8091270327568054,3.184376906,2.5765654371310767,1,7,3,3,5,1,66,5,1,64,12,4,1.212342904182151e-4,647,9535
ESS11e04_2,11,4.2,02.07.2026,86253,FR,1.0019445419311523,2.1805667877197266,3.184376906,6.943746520805301,5,88,88,3,5,5,66,77,2,16,10,77,1.2187275569885968e-4,642,9603
ESS11e04_2,11,4.2,02.07.2026,86269,FR,0.99384605884552,0.5312768816947937,3.184376906,1.691785832760595,5,5,5,4,0,0,66,10,1,60,15,77,1.228658511536196e-4,662,9401
ESS11e04_2,11,4.2,02.07.2026,86286,FR,1.0066198110580444,1.274572491645813,3.184376906,4.058719207419805,5,8,5,4,99,0,66,7,1,77,5,6,1.2130672257626428e-4,651,9366
ESS11e04_2,11,4.2,02.07.2026,86303,FR,1.0083423852920532,0.7450255155563354,3.184376906,2.372442046118338,6,7,3,2,2,3,66,9,2,37,17,10,1.210994814755395e-4,662,9531
ESS11e04_2,11,4.2,02.07.2026,86304,FR,0.989917814731598,0.7562487125396729,3.184376906,2.408180935403567,5,8,8,2,0,99,66,10,1,61,14,1,1.2335341307334602e-4,659,9502
ESS11e04_2,11,4.2,02.07.2026,86322,FR,1.0016851425170898,0.9156776070594788,3.184376906,2.9158626252615467,6,5,1,2,6,88,5,7,1,41,11,5,1.219043115270324e-4,661,9497
ESS11e04_2,11,4.2,02.07.2026,86332,FR,0.989213526248932,0.5787811279296875,3.184376906,1.8430572574079285,2,8,8,1,7,7,66,10,1,64,12,8,1.234412338817492e-4,642,9581
ESS11e04_2,11,4.2,02.07.2026,86342,FR,1.0081826448440552,0.9184618592262268,3.184376906,2.9247287335618193,1,2,0,1,0,0,31,5,1,37,12,88,1.2111867545172572e-4,648,9493
ESS11e04_2,11,4.2,02.07.2026,86351,FR,1.0016095638275146,0.8603164553642273,3.184376906,2.739571852313625,2,6,4,3,7,5,4,8,2,43,13,2,1.2191351561341436e-4,643,9443
ESS11e04_2,11,4.2,02.07.2026,86354,FR,0.9966332912445068,0.7493778467178345,3.184376906,2.38630150895628,2,2,1,4,0,0,66,5,1,64,11,77,1.225222513312474e-4,658,9385
ESS11e04_2,11,4.2,02.07.2026,86368,FR,1.0006026029586792,1.1446325778961182,3.184376906,3.6449415469076447,6,6,3,1,3,88,66,7,1,47,12,9,1.2203621008666232e-4,660,9369
ESS11e04_2,11,4.2,02.07.2026,86398,FR,1.0019608736038208,1.399854063987732,3.184376906,4.45766295313278,7,5,3,3,7,6,66,10,1,23,150,7,1.2187076936243102e-4,659,9412
ESS11e04_2,11,4.2,02.07.2026,86416,FR,1.0075217485427856,1.1573864221572876,3.184376906,3.685554594035633,4,6,5,3,6,3,9,7,1,29,20,9,1.21198121632915e-4,642,9542
ESS11e04_2,11,4.2,02.07.2026,86454,FR,1.0121078491210938,1.0224753618240356,3.184376906,3.255946929146453,6,7,6,3,4,3,66,7,2,48,16,9,1.2064893235219644e-4,642,9541
